ScripCode,Symbol,Nse Exclusive,Status,Series,GSM,Long_Term_Additional_Surveillance_Measure (Long Term ASM),Unsolicited_SMS,Insolvency_Resolution_Process(IRP),Short_Term_Additional_Surveillance_Measure (Short Term ASM),Default,ICA,Filler4,Filler5,Pledge,Add-on_PB,Total Pledge,Social Media Platforms,ESM,Loss making,The Overall encumbered share in the scrip is more than 50 Percent.,Under BZ/SZ Series,Company has failed to pay Annual listing fee,Filler12,Derivative contracts in the scrip to be moved out of F and O,Filler13,Filler14,Filler15,Filler16
NA,20MICRONS,N,A,EQ,100,100,100,100,100,100,100,,,100,100,100,100,100,100,100,100,100,,100,,,,
NA,21STCENMGM,N,A,EQ,100,100,100,100,100,100,100,,,100,100,100,100,100,100,100,100,100,,100,,,,
NA,360ONE,N,A,EQ,100,100,100,100,100,100,100,,,100,100,100,100,100,100,100,100,100,,100,,,,
NA,3BBLACKBIO,N,A,EQ,100,100,100,100,100,100,100,,,100,100,100,100,100,100,100,100,100,,100,,,,
NA,3IINFOLTD,N,A,BE,100,100,100,100,100,100,100,,,100,100,100,100,1,100,100,100,100,,100,,,,
NA,3MINDIA,N,A,EQ,100,100,100,100,100,100,100,,,100,100,100,100,100,100,100,100,100,,100,,,,
NA,3PLAND,N,A,EQ,100,100,100,100,100,100,100,,,100,100,100,100,100,100,100,100,100,,100,,,,
NA,5PAISA,N,A,EQ,100,100,100,100,100,100,100,,,100,100,100,100,100,100,100,100,100,,100,,,,
NA,63MOONS,N,A,EQ,100,100,100,100,100,100,100,,,100,100,100,100,100,100,100,100,100,,100,,,,
NA,A2ZINFRA,N,A,EQ,100,1,100,100,100,100,100,,,100,100,100,100,100,100,100,100,100,,100,,,,
NA,AAATECH,N,A,EQ,100,100,100,100,100,100,100,,,100,100,100,100,100,100,100,100,100,,100,,,,
NA,AADHARHFC,N,A,EQ,100,100,100,100,100,100,100,,,100,100,100,100,100,100,100,100,100,,100,,,,
NA,AAKAAR,Y,A,SM,100,100,100,100,100,100,100,,,100,100,100,100,100,100,100,100,100,,100,,,,
NA,AAKASH,Y,A,EQ,100,100,100,100,100,100,100,,,100,100,100,100,100,100,100,100,100,,100,,,,
NA,AARADHYA,Y,A,ST,100,100,100,100,100,100,100,,,100,100,100,100,1,100,100,100,100,,100,,,,
NA,AAREYDRUGS,N,A,EQ,100,1,100,100,100,100,100,,,100,100,100,100,100,100,100,100,100,,100,,,,
NA,AARNAV,N,A,BE,100,100,100,100,100,100,100,,,100,100,100,100,1,100,100,100,100,,100,,,,
NA,AARON,Y,A,EQ,100,100,100,100,100,100,100,,,100,100,100,100,100,100,100,100,100,,100,,,,
NA,AARTECH,N,A,BE,100,100,100,100,100,100,100,,,100,100,100,100,1,100,100,100,100,,100,,,,
NA,AARTIDRUGS,N,A,EQ,100,100,100,100,100,100,100,,,100,100,100,100,100,100,100,100,100,,100,,,,
NA,AARTIIND,N,A,EQ,100,100,100,100,100,100,100,,,100,100,100,100,100,100,100,100,100,,100,,,,
NA,AARTIPHARM,N,A,EQ,100,100,100,100,100,100,100,,,100,100,100,100,100,100,100,100,100,,100,,,,
NA,AARTISURF,N,A,BE,100,100,100,100,100,100,100,,,100,100,100,100,1,100,100,100,100,,100,,,,
NA,AARVI,N,A,EQ,100,100,100,100,100,100,100,,,100,100,100,100,100,100,100,100,100,,100,,,,
NA,AASTHA,N,A,EQ,100,100,100,100,100,100,100,,,100,100,100,100,100,100,100,100,100,,100,,,,
NA,AATMAJ,Y,A,SM,100,100,100,100,100,100,100,,,100,100,100,100,100,100,100,100,100,,100,,,,
NA,AAVAS,N,A,EQ,100,100,100,100,100,100,100,,,100,100,100,100,100,100,100,100,100,,100,,,,
NA,ABAN,N,A,BE,100,100,100,0,100,100,100,,,100,100,100,100,100,100,100,100,100,,100,,,,
NA,ABANSENT,N,A,EQ,100,100,100,100,100,100,100,,,100,100,100,100,100,100,100,100,100,,100,,,,
NA,ABB,N,A,EQ,100,100,100,100,100,100,100,,,100,100,100,100,100,100,100,100,100,,100,,,,
NA,ABBOTINDIA,N,A,EQ,100,100,100,100,100,100,100,,,100,100,100,100,100,100,100,100,100,,100,,,,
NA,ABCAPITAL,N,A,EQ,100,100,100,100,100,100,100,,,100,100,100,100,100,100,100,100,100,,100,,,,
NA,ABCOTS,N,A,EQ,100,100,100,100,100,100,100,,,100,100,100,100,100,100,100,100,100,,100,,,,
NA,ABDL,N,A,EQ,100,100,100,100,100,100,100,,,100,100,100,100,100,100,100,100,100,,100,,,,
NA,ABFRL,N,A,EQ,100,100,100,100,100,100,100,,,100,100,100,100,100,0,100,100,100,,100,,,,
NA,ABH,Y,A,SM,100,100,100,100,1,100,100,,,100,100,100,100,100,100,100,100,100,,100,,,,
NA,ABHAPOWER,Y,A,SM,100,100,100,100,100,100,100,,,100,100,100,100,100,100,100,100,100,,100,,,,
NA,ABINFRA,N,A,BE,100,100,100,100,100,100,100,,,100,100,100,100,1,100,100,100,100,,100,,,,
NA,ABLBL,N,A,EQ,100,100,100,100,100,100,100,,,100,100,100,100,100,100,100,100,100,,100,,,,
NA,ABMINTLLTD,Y,A,BE,100,100,100,100,100,100,100,,,100,100,100,100,2,100,100,100,100,,100,,,,
NA,ABMKNO,N,A,EQ,100,100,100,100,100,100,100,,,100,100,100,100,100,100,100,100,100,,100,,,,
NA,ABREL,N,A,EQ,100,100,100,100,100,100,100,,,100,100,100,100,100,100,100,100,100,,100,,,,
NA,ABSLAMC,N,A,EQ,100,100,100,100,100,100,100,,,100,100,100,100,100,100,100,100,100,,100,,,,
NA,ABSMARINE,Y,A,SM,100,100,100,100,100,100,100,,,100,100,100,100,100,100,100,100,100,,100,,,,
NA,ACC,N,A,EQ,100,100,100,100,100,100,100,,,100,100,100,100,100,100,100,100,100,,100,,,,
NA,ACCELYA,N,A,EQ,100,100,100,100,100,100,100,,,100,100,100,100,100,100,100,100,100,,100,,,,
NA,ACCENTMIC,Y,A,SM,100,100,100,100,100,100,100,,,100,100,100,100,100,100,100,100,100,,100,,,,
NA,ACCORD,Y,A,ST,100,100,100,100,100,100,100,,,100,100,100,100,1,100,100,100,100,,100,,,,
NA,ACCPL,Y,A,ST,100,100,100,100,100,100,100,,,100,100,100,100,1,100,100,100,100,,100,,,,
NA,ACCURACY,N,A,BE,100,100,100,100,100,100,100,,,100,100,100,100,1,100,100,100,100,,100,,,,
NA,ACE,N,A,EQ,100,100,100,100,100,100,100,,,100,100,100,100,100,100,100,100,100,,100,,,,
NA,ACEINTEG,Y,A,EQ,100,100,100,100,100,100,100,,,100,100,100,100,100,0,100,100,100,,100,,,,
NA,ACETEC,Y,A,SM,100,100,100,100,100,100,100,,,100,100,100,100,100,100,100,100,100,,100,,,,
NA,ACGL,N,A,EQ,100,100,100,100,100,100,100,,,100,100,100,100,100,100,100,100,100,,100,,,,
NA,ACI,N,A,EQ,100,100,100,100,100,100,100,,,100,100,100,100,100,100,100,100,100,,100,,,,
NA,ACL,N,A,EQ,100,100,100,100,100,100,100,,,100,100,100,100,100,100,100,100,100,,100,,,,
NA,ACMESOLAR,N,A,EQ,100,100,100,100,100,100,100,,,100,100,100,100,100,100,100,100,100,,100,,,,
NA,ACSTECH,N,A,BE,100,100,100,100,100,100,100,,,100,100,100,100,2,100,100,100,100,,100,,,,
NA,ACTIVEINFR,Y,A,SM,100,100,100,100,100,100,100,,,100,100,100,100,100,100,100,100,100,,100,,,,
NA,ACUTAAS,N,A,EQ,100,100,100,100,100,100,100,,,100,100,100,100,100,100,100,100,100,,100,,,,
NA,ADANIENSOL,N,A,EQ,100,100,100,100,100,100,100,,,100,100,100,100,100,100,100,100,100,,100,,,,
NA,ADANIENT,N,A,EQ,100,100,100,100,100,100,100,,,100,100,100,100,100,100,100,100,100,,100,,,,
NA,ADANIGREEN,N,A,EQ,100,100,100,100,100,100,100,,,100,100,100,100,100,100,100,100,100,,100,,,,
NA,ADANIPORTS,N,A,EQ,100,100,100,100,100,100,100,,,100,100,100,100,100,100,100,100,100,,100,,,,
NA,ADANIPOWER,N,A,EQ,100,100,100,100,100,100,100,,,100,100,100,100,100,100,100,100,100,,100,,,,
NA,ADDICTIVE,Y,A,ST,100,100,100,100,100,100,100,,,100,100,100,100,1,100,100,100,100,,100,,,,
NA,ADDIND,N,A,EQ,100,100,100,100,100,100,100,,,100,100,100,100,100,100,100,100,100,,100,,,,
NA,ADFFOODS,N,A,EQ,100,100,100,100,100,100,100,,,100,100,100,100,100,100,100,100,100,,100,,,,
NA,ADISOFT,Y,A,SM,100,100,100,100,1,100,100,,,100,100,100,100,100,100,100,100,100,,100,,,,
NA,ADL,N,A,EQ,100,100,100,100,100,100,100,,,100,100,100,100,100,100,100,100,100,,100,,,,
NA,ADOR,N,A,EQ,100,100,100,100,100,100,100,,,100,100,100,100,100,100,100,100,100,,100,,,,
NA,ADROITIND,N,A,BE,100,100,100,100,100,100,100,,,100,100,100,100,100,100,100,100,100,,100,,,,
NA,ADROITINFO,N,A,BE,100,100,100,100,100,100,100,,,100,100,100,100,1,100,100,100,100,,100,,,,
NA,ADSL,N,A,EQ,100,100,100,100,100,100,100,,,100,100,100,100,100,100,100,100,100,,100,,,,
NA,ADVAIT,N,A,EQ,100,100,100,100,100,100,100,,,100,100,100,100,100,100,100,100,100,,100,,,,
NA,ADVANCE,N,A,EQ,100,100,100,100,100,100,100,,,100,100,100,100,100,100,100,100,100,,100,,,,
NA,ADVANIHOTR,N,A,EQ,100,100,100,100,100,100,100,,,100,100,100,100,100,100,100,100,100,,100,,,,
NA,ADVENTHTL,N,A,EQ,100,100,100,100,100,100,100,,,100,100,100,100,100,100,100,100,100,,100,,,,
NA,ADVENZYMES,N,A,EQ,100,100,100,100,100,100,100,,,100,100,100,100,100,100,100,100,100,,100,,,,
NA,ADVIKCA,N,A,EQ,100,100,100,100,100,100,100,,,100,100,100,100,100,100,100,100,100,,100,,,,
NA,AEGISLOG,N,A,EQ,100,1,100,100,100,100,100,,,100,100,100,100,100,100,100,100,100,,100,,,,
NA,AEGISVOPAK,N,A,EQ,100,100,100,100,100,100,100,,,100,100,100,100,100,100,100,100,100,,100,,,,
NA,AEPL,N,A,EQ,100,1,100,100,100,100,100,,,100,100,100,100,100,100,100,100,100,,100,,,,
NA,AEQUS,N,A,EQ,100,1,100,100,100,100,100,,,100,100,100,100,100,100,100,100,100,,100,,,,
NA,AEROENTER,N,A,EQ,100,100,100,100,100,100,100,,,100,100,100,100,100,100,100,100,100,,100,,,,
NA,AEROFLEX,N,A,EQ,100,100,100,100,100,100,100,,,100,100,100,100,100,100,100,100,100,,100,,,,
NA,AERON,Y,A,SM,100,100,100,100,100,100,100,,,100,100,100,100,100,100,100,100,100,,100,,,,
NA,AERONEU,N,A,EQ,100,100,100,100,100,100,100,,,100,100,100,100,100,100,100,100,100,,100,,,,
NA,AEROPLANE,N,A,EQ,100,100,100,100,100,100,100,,,100,100,100,100,100,100,100,100,100,,100,,,,
NA,AESTHETIK,Y,A,SM,100,100,100,100,100,100,100,,,100,100,100,100,100,100,100,100,100,,100,,,,
NA,AETHER,N,A,EQ,100,100,100,100,100,100,100,,,100,100,100,100,100,100,100,100,100,,100,,,,
NA,AFCONS,N,A,EQ,100,100,100,100,100,100,100,,,100,100,100,100,100,100,0,100,100,,100,,,,
NA,AFFLE,N,A,EQ,100,100,100,100,100,100,100,,,100,100,100,100,100,100,0,100,100,,100,,,,
NA,AFFORDABLE,N,A,EQ,100,100,100,100,100,100,100,,,100,100,100,100,100,100,100,100,100,,100,,,,
NA,AFIL,N,A,EQ,100,100,100,100,100,100,100,,,100,100,100,100,100,100,100,100,100,,100,,,,
NA,AFSL,N,A,EQ,100,100,100,100,100,100,100,,,100,100,100,100,100,100,100,100,100,,100,,,,
NA,AGARIND,N,A,EQ,100,100,100,100,100,100,100,,,100,100,100,100,100,100,100,100,100,,100,,,,
NA,AGARWALEYE,N,A,EQ,100,100,100,100,100,100,100,,,100,100,100,100,100,100,100,100,100,,100,,,,
NA,AGARWALFT,Y,A,SM,100,100,100,100,100,100,100,,,100,100,100,100,100,100,100,100,100,,100,,,,
NA,AGARWALTUF,Y,A,SM,100,100,100,100,100,100,100,,,100,100,100,100,100,100,100,100,100,,100,,,,
NA,AGASTYAEN,Y,A,BE,100,100,100,100,100,100,100,,,100,100,100,100,2,100,100,100,100,,100,,,,
NA,AGI,N,A,EQ,100,100,100,100,100,100,100,,,100,100,100,100,100,100,100,100,100,,100,,,,
NA,AGIIL,N,A,EQ,100,100,100,100,100,100,100,,,100,100,100,100,100,100,100,100,100,,100,,,,
NA,AGL,N,A,EQ,100,100,100,100,100,100,100,,,100,100,100,100,100,100,100,100,100,,100,,,,
NA,AGNI,Y,A,SM,100,100,100,100,100,100,100,,,100,100,100,100,100,100,100,100,100,,100,,,,
NA,AGRITECH,N,A,EQ,100,100,100,100,100,100,100,,,100,100,100,100,100,100,100,100,100,,100,,,,
NA,AGROPHOS,Y,A,EQ,100,100,100,100,100,100,100,,,100,100,100,100,100,100,100,100,100,,100,,,,
NA,AGSTRA,N,A,BZ,0,100,100,1,100,100,100,,,100,100,100,100,100,100,100,0,100,,100,,,,
NA,AGUL,Y,A,SM,100,100,100,100,100,100,100,,,100,100,100,100,100,100,100,100,100,,100,,,,
NA,AHCL,N,A,EQ,100,1,100,100,100,100,100,,,100,100,100,100,100,100,100,100,100,,100,,,,
NA,AHIMSA,Y,A,ST,100,100,100,100,100,100,100,,,100,100,100,100,100,0,100,100,100,,100,,,,
NA,AHLADA,Y,A,EQ,100,100,100,100,100,100,100,,,100,100,100,100,100,100,100,100,100,,100,,,,
NA,AHLEAST,N,A,EQ,100,100,100,100,100,100,100,,,100,100,100,100,100,100,100,100,100,,100,,,,
NA,AHLUCONT,N,A,EQ,100,100,100,100,100,100,100,,,100,100,100,100,100,100,100,100,100,,100,,,,
NA,AHLWEST,N,A,BE,100,100,100,100,100,100,100,,,100,100,100,100,1,0,100,100,100,,100,,,,
NA,AIAENG,N,A,EQ,100,100,100,100,100,100,100,,,100,100,100,100,100,100,100,100,100,,100,,,,
NA,AIIL,N,A,EQ,100,100,100,100,100,100,100,,,100,100,100,100,100,100,100,100,100,,100,,,,
NA,AILIMITED,Y,A,SM,100,100,100,100,100,100,100,,,100,100,100,100,100,100,100,100,100,,100,,,,
NA,AIMTRON,Y,A,SM,100,1,100,100,100,100,100,,,100,100,100,100,100,100,100,100,100,,100,,,,
NA,AIRAN,N,A,EQ,100,100,100,100,100,100,100,,,100,100,100,100,100,100,100,100,100,,100,,,,
NA,AIROLAM,Y,A,EQ,100,100,100,100,100,100,100,,,100,100,100,100,100,100,100,100,100,,100,,,,
NA,AISL,Y,A,SM,100,100,100,100,100,100,100,,,100,100,100,100,100,100,100,100,100,,100,,,,
NA,AJANTPHARM,N,A,EQ,100,100,100,100,100,100,100,,,100,100,100,100,100,100,100,100,100,,100,,,,
NA,AJAXENGG,N,A,EQ,100,100,100,100,100,100,100,,,100,100,100,100,100,100,100,100,100,,100,,,,
NA,AJMERA,N,A,EQ,100,100,100,100,100,100,100,,,100,100,100,100,100,100,100,100,100,,100,,,,
NA,AJOONI,Y,A,EQ,100,100,100,100,100,100,100,,,100,100,100,100,100,100,100,100,100,,100,,,,
NA,AKANKSHA,Y,A,SM,100,1,100,100,100,100,100,,,100,100,100,100,100,100,100,100,100,,100,,,,
NA,AKASH,Y,A,EQ,100,100,100,100,100,100,100,,,100,100,100,100,100,100,100,100,100,,100,,,,
NA,AKCAPIT,N,A,EQ,100,100,100,100,100,100,100,,,100,100,100,100,100,100,100,100,100,,100,,,,
NA,AKG,Y,A,EQ,100,1,100,100,100,100,100,,,100,100,100,100,100,100,100,100,100,,100,,,,
NA,AKI,N,A,BE,100,100,100,100,100,100,100,,,100,100,100,100,1,100,100,100,100,,100,,,,
NA,AKIKO,Y,A,SM,100,100,100,100,100,100,100,,,100,100,100,100,100,100,100,100,100,,100,,,,
NA,AKSHAR,N,A,EQ,100,100,100,100,100,100,100,,,100,100,100,100,100,100,100,100,100,,100,,,,
NA,AKSHARCHEM,N,A,BE,100,100,100,100,100,100,100,,,100,100,100,100,1,100,100,100,100,,100,,,,
NA,AKSHOPTFBR,N,A,BE,100,100,100,0,100,100,100,,,100,100,100,100,100,100,100,100,100,,100,,,,
NA,AKUMS,N,A,EQ,100,100,100,100,100,100,100,,,100,100,100,100,100,100,100,100,100,,100,,,,
NA,ALANKIT,N,A,EQ,100,100,100,100,100,100,100,,,100,100,100,100,100,100,100,100,100,,100,,,,
NA,ALBERTDAVD,N,A,EQ,100,100,100,100,100,100,100,,,100,100,100,100,100,100,100,100,100,,100,,,,
NA,ALCODIS,Y,A,SM,100,100,100,100,100,100,100,,,100,100,100,100,100,100,100,100,100,,100,,,,
NA,ALEMBICLTD,N,A,EQ,100,100,100,100,100,100,100,,,100,100,100,100,100,100,100,100,100,,100,,,,
NA,ALFREDHE,N,A,EQ,100,100,100,100,100,100,100,,,100,100,100,100,100,100,100,100,100,,100,,,,
NA,ALGOQUANT,N,A,EQ,100,100,100,100,100,100,100,,,100,100,100,100,100,100,100,100,100,,100,,,,
NA,ALICON,N,A,EQ,100,100,100,100,100,100,100,,,100,100,100,100,100,100,100,100,100,,100,,,,
NA,ALIVUS,N,A,EQ,100,100,100,100,100,100,100,,,100,100,100,100,100,100,100,100,100,,100,,,,
NA,ALKALI,N,A,BE,100,100,100,100,100,100,100,,,100,100,100,100,1,100,100,100,100,,100,,,,
NA,ALKEM,N,A,EQ,100,100,100,100,100,100,100,,,100,100,100,100,100,100,100,100,100,,100,,,,
NA,ALKYLAMINE,N,A,EQ,100,100,100,100,100,100,100,,,100,100,100,100,100,100,100,100,100,,100,,,,
NA,ALLCARGO,N,A,EQ,100,1,100,100,100,100,100,,,100,100,100,100,100,100,100,100,100,,100,,,,
NA,ALLDIGI,N,A,EQ,100,100,100,100,100,100,100,,,100,100,100,100,100,100,100,100,100,,100,,,,
NA,ALLETEC,Y,A,SM,100,100,100,100,100,100,100,,,100,100,100,100,100,100,100,100,100,,100,,,,
NA,ALLTIME,N,A,EQ,100,100,100,100,100,100,100,,,100,100,100,100,100,100,100,100,100,,100,,,,
NA,ALMONDZ,N,A,BE,100,100,100,100,100,100,100,,,100,100,100,100,1,100,100,100,100,,100,,,,
NA,ALOKINDS,N,A,EQ,100,100,100,100,100,100,100,,,100,100,100,100,100,0,100,100,100,,100,,,,
NA,ALPA,N,A,EQ,100,100,100,100,100,100,100,,,100,100,100,100,100,100,100,100,100,,100,,,,
NA,ALPEXSOLAR,Y,A,SM,100,100,100,100,100,100,100,,,100,100,100,100,100,100,100,100,100,,100,,,,
NA,ALPHAGEO,N,A,BE,100,100,100,100,100,100,100,,,100,100,100,100,1,100,100,100,100,,100,,,,
NA,ALPINETEX,N,A,EQ,100,100,100,100,100,100,100,,,100,100,100,100,100,100,100,100,100,,100,,,,
NA,ALUFLUOR,N,A,EQ,100,100,100,100,100,100,100,,,100,100,100,100,100,100,100,100,100,,100,,,,
NA,ALUWIND,Y,A,SM,100,100,100,100,100,100,100,,,100,100,100,100,100,100,100,100,100,,100,,,,
NA,AMAGI,N,A,EQ,100,100,100,100,100,100,100,,,100,100,100,100,100,100,100,100,100,,100,,,,
NA,AMAL,N,A,EQ,100,100,100,100,100,100,100,,,100,100,100,100,100,100,100,100,100,,100,,,,
NA,AMANTA,N,A,BE,100,100,100,100,100,100,100,,,100,100,100,100,2,100,100,100,100,,100,,,,
NA,AMARJOTHI,N,A,EQ,100,100,100,100,100,100,100,,,100,100,100,100,100,100,100,100,100,,100,,,,
NA,AMBAAUTO,Y,A,SM,100,100,100,100,100,100,100,,,100,100,100,100,100,100,100,100,100,,100,,,,
NA,AMBALALSA,N,A,BE,100,100,100,100,100,100,100,,,100,100,100,100,1,100,100,100,100,,100,,,,
NA,AMBANIORGO,Y,A,SM,100,100,100,100,100,100,100,,,100,100,100,100,100,100,100,100,100,,100,,,,
NA,AMBER,N,A,EQ,100,100,100,100,100,100,100,,,100,100,100,100,100,100,100,100,100,,100,,,,
NA,AMBICAAGAR,N,A,EQ,100,100,100,100,100,100,100,,,100,100,100,100,100,100,100,100,100,,100,,,,
NA,AMBIKCO,N,A,EQ,100,100,100,100,100,100,100,,,100,100,100,100,100,100,100,100,100,,100,,,,
NA,AMBUJACEM,N,A,EQ,100,100,100,100,100,100,100,,,100,100,100,100,100,100,100,100,100,,100,,,,
NA,AMCL,Y,A,SM,100,100,100,100,100,100,100,,,100,100,100,100,100,100,100,100,100,,100,,,,
NA,AMDIND,N,A,BE,100,100,100,100,100,100,100,,,100,100,100,100,1,100,100,100,100,,100,,,,
NA,AMEYA,Y,A,SM,100,100,100,100,1,100,100,,,100,100,100,100,100,100,100,100,100,,100,,,,
NA,AMIABLE,Y,A,SM,100,100,100,100,100,100,100,,,100,100,100,100,100,100,100,100,100,,100,,,,
NA,AMJLAND,N,A,EQ,100,100,100,100,100,100,100,,,100,100,100,100,100,100,100,100,100,,100,,,,
NA,AMNPLST,N,A,EQ,100,100,100,100,100,100,100,,,100,100,100,100,100,100,100,100,100,,100,,,,
NA,AMRUTANJAN,N,A,EQ,100,100,100,100,100,100,100,,,100,100,100,100,100,100,100,100,100,,100,,,,
NA,ANANDRATHI,N,A,EQ,100,100,100,100,100,100,100,,,100,100,100,100,100,100,100,100,100,,100,,,,
NA,ANANTRAJ,N,A,EQ,100,100,100,100,100,100,100,,,100,100,100,100,100,100,100,100,100,,100,,,,
NA,ANAWIL,Y,A,SM,100,100,100,100,100,100,100,,,100,100,100,100,100,100,100,100,100,,100,,,,
NA,ANDHRAPAP,N,A,EQ,100,100,100,100,100,100,100,,,100,100,100,100,100,100,100,100,100,,100,,,,
NA,ANDHRSUGAR,N,A,EQ,100,100,100,100,100,100,100,,,100,100,100,100,100,100,100,100,100,,100,,,,
NA,ANDREWYU,N,A,EQ,100,100,100,100,100,100,100,,,100,100,100,100,100,100,100,100,100,,100,,,,
NA,ANGELONE,N,A,EQ,100,100,100,100,100,100,100,,,100,100,100,100,100,100,100,100,100,,100,,,,
NA,ANIKINDS,N,A,EQ,100,100,100,100,100,100,100,,,100,100,100,100,100,100,100,100,100,,100,,,,
NA,ANKITMETAL,N,A,BZ,0,100,100,0,100,100,100,,,100,100,100,100,100,100,0,0,100,,100,,,,
NA,ANLON,Y,A,SM,100,100,100,100,100,100,100,,,100,100,100,100,100,100,100,100,100,,100,,,,
NA,ANMOL,N,A,BE,100,100,100,100,100,100,100,,,100,100,100,100,1,100,100,100,100,,100,,,,
NA,ANNAPURNA,Y,A,EQ,100,100,100,100,100,100,100,,,100,100,100,100,100,100,100,100,100,,100,,,,
NA,ANNU,N,A,EQ,100,100,100,100,100,100,100,,,100,100,100,100,100,100,100,100,100,,100,,,,
NA,ANONDITA,Y,A,SM,100,100,100,100,100,100,100,,,100,100,100,100,100,100,100,100,100,,100,,,,
NA,ANSALAPI,N,A,BZ,100,100,100,0,100,100,100,,,100,100,100,100,100,100,100,0,100,,100,,,,
NA,ANSALBU,N,A,EQ,100,100,100,100,1,100,100,,,100,100,100,100,100,100,100,100,100,,100,,,,
NA,ANTELOPUS,N,A,EQ,100,1,100,100,100,100,100,,,100,100,100,100,100,100,100,100,100,,100,,,,
NA,ANTGRAPHIC,Y,A,EQ,100,100,100,100,100,100,100,,,100,100,100,100,100,100,100,100,100,,100,,,,
NA,ANTHEM,N,A,EQ,100,100,100,100,100,100,100,,,100,100,100,100,100,100,100,100,100,,100,,,,
NA,ANUHPHR,N,A,EQ,100,100,100,100,100,100,100,,,100,100,100,100,100,100,100,100,100,,100,,,,
NA,ANUP,N,A,EQ,100,100,100,100,100,100,100,,,100,100,100,100,100,100,100,100,100,,100,,,,
NA,ANURAS,N,A,EQ,100,100,100,100,100,100,100,,,100,100,100,100,100,100,100,100,100,,100,,,,
NA,ANYA,Y,A,SM,100,100,100,100,100,100,100,,,100,100,100,100,100,100,100,100,100,,100,,,,
NA,AONESTEELS,N,A,EQ,100,100,100,100,100,100,100,,,100,100,100,100,100,100,100,100,100,,100,,,,
NA,APARINDS,N,A,EQ,100,100,100,100,100,100,100,,,100,100,100,100,100,100,100,100,100,,100,,,,
NA,APCL,N,A,EQ,100,100,100,100,100,100,100,,,100,100,100,100,100,100,100,100,100,,100,,,,
NA,APCOTEXIND,N,A,EQ,100,100,100,100,100,100,100,,,100,100,100,100,100,100,100,100,100,,100,,,,
NA,APEX,N,A,EQ,100,100,100,100,100,100,100,,,100,100,100,100,100,100,100,100,100,,100,,,,
NA,APEXECO,Y,A,ST,100,100,100,100,100,100,100,,,100,100,100,100,1,100,100,100,100,,100,,,,
NA,APLAPOLLO,N,A,EQ,100,100,100,100,100,100,100,,,100,100,100,100,100,100,100,100,100,,100,,,,
NA,APLLTD,N,A,EQ,100,100,100,100,100,100,100,,,100,100,100,100,100,100,100,100,100,,100,,,,
NA,APOLLO,N,A,EQ,100,100,100,100,100,100,100,,,100,100,100,100,100,100,100,100,100,,100,,,,
NA,APOLLOHOSP,N,A,EQ,100,100,100,100,100,100,100,,,100,100,100,100,100,100,100,100,100,,100,,,,
NA,APOLLOPIPE,N,A,EQ,100,100,100,100,100,100,100,,,100,100,100,100,100,100,100,100,100,,100,,,,
NA,APOLLOTYRE,N,A,EQ,100,100,100,100,100,100,100,,,100,100,100,100,100,100,100,100,100,,100,,,,
NA,APOLSINHOT,Y,A,EQ,100,100,100,100,100,100,100,,,100,100,100,100,100,100,100,100,100,,100,,,,
NA,APOORVA,N,A,BE,100,1,100,100,100,100,100,,,100,100,100,100,100,100,100,100,100,,100,,,,
NA,APRAMEYA,Y,A,SM,100,100,100,100,100,100,100,,,100,100,100,100,100,100,100,100,100,,100,,,,
NA,APS,Y,A,SM,100,100,100,100,100,100,100,,,100,100,100,100,100,100,100,100,100,,100,,,,
NA,APSISAERO,Y,A,ST,100,100,100,100,100,100,100,,,100,100,100,100,1,100,100,100,100,,100,,,,
NA,APTECHT,N,A,EQ,100,100,100,100,100,100,100,,,100,100,100,100,100,100,100,100,100,,100,,,,
NA,APTUS,N,A,EQ,100,100,100,100,100,100,100,,,100,100,100,100,100,100,100,100,100,,100,,,,
NA,AQYLON,N,A,EQ,0,1,100,100,100,100,100,,,100,100,100,100,100,100,100,100,100,,100,,,,
NA,ARABIAN,Y,A,SM,100,100,100,100,100,100,100,,,100,100,100,100,100,100,100,100,100,,100,,,,
NA,ARCHIDPLY,N,A,EQ,100,100,100,100,100,100,100,,,100,100,100,100,100,100,100,100,100,,100,,,,
NA,ARCHIES,N,A,EQ,100,100,100,100,100,100,100,,,100,100,100,100,100,100,100,100,100,,100,,,,
NA,ARCIIL,Y,A,SM,100,100,100,100,100,100,100,,,100,100,100,100,100,100,100,100,100,,100,,,,
NA,ARCIL,N,A,EQ,100,100,100,100,100,100,100,,,100,100,100,100,100,100,100,100,100,,100,,,,
NA,ARCL,N,A,EQ,100,100,100,100,100,100,100,,,100,100,100,100,100,100,100,100,100,,100,,,,
NA,ARDEE,N,A,EQ,100,100,100,100,100,100,100,,,100,100,100,100,100,100,100,100,100,,100,,,,
NA,ARE&M,N,A,EQ,100,100,100,100,100,100,100,,,100,100,100,100,100,100,100,100,100,,100,,,,
NA,ARENTERP,N,A,EQ,100,1,100,100,100,100,100,,,100,100,100,100,100,100,100,100,100,,100,,,,
NA,ARFIN,N,A,EQ,100,100,100,100,100,100,100,,,100,100,100,100,100,100,100,100,100,,100,,,,
NA,ARHAM,Y,A,SM,100,100,100,100,100,100,100,,,100,100,100,100,100,100,100,100,100,,100,,,,
NA,ARIES,N,A,BE,100,100,100,100,100,100,100,,,100,100,100,100,1,100,100,100,100,,100,,,,
NA,ARIHANT,N,A,EQ,100,100,100,100,100,100,100,,,100,100,100,100,100,100,100,100,100,,100,,,,
NA,ARIHANTACA,Y,A,SM,100,100,100,100,100,100,100,,,100,100,100,100,100,100,100,100,100,,100,,,,
NA,ARIHANTCAP,N,A,EQ,100,100,100,100,100,100,100,,,100,100,100,100,100,100,100,100,100,,100,,,,
NA,ARIHANTSUP,N,A,EQ,100,100,100,100,100,100,100,,,100,100,100,100,100,100,100,100,100,,100,,,,
NA,ARIS,N,A,EQ,100,100,100,100,100,100,100,,,100,100,100,100,100,100,100,100,100,,100,,,,
NA,ARISTO,Y,A,SM,100,100,100,100,100,100,100,,,100,100,100,100,100,100,100,100,100,,100,,,,
NA,ARKADE,N,A,EQ,100,100,100,100,100,100,100,,,100,100,100,100,100,100,100,100,100,,100,,,,
NA,ARMANFIN,N,A,EQ,100,100,100,100,100,100,100,,,100,100,100,100,100,100,100,100,100,,100,,,,
NA,ARMEE,N,A,EQ,100,100,100,100,100,100,100,,,100,100,100,100,100,100,100,100,100,,100,,,,
NA,ARMOUR,Y,A,ST,100,100,100,100,100,100,100,,,100,100,100,100,1,100,100,100,100,,100,,,,
NA,AROGRANITE,N,A,EQ,100,100,100,100,100,100,100,,,100,100,100,100,100,100,100,100,100,,100,,,,
NA,ARROWGREEN,N,A,EQ,100,100,100,100,100,100,100,,,100,100,100,100,100,100,100,100,100,,100,,,,
NA,ARSHIYA,N,A,BZ,100,100,100,0,100,100,100,,,100,100,100,100,100,100,100,0,100,,100,,,,
NA,ARSSBL,N,A,EQ,100,100,100,100,100,100,100,,,100,100,100,100,100,100,100,100,100,,100,,,,
NA,ARTEMISMED,N,A,EQ,100,100,100,100,100,100,100,,,100,100,100,100,100,100,100,100,100,,100,,,,
NA,ARTNIRMAN,Y,A,EQ,100,100,100,100,100,100,100,,,100,100,100,100,100,100,100,100,100,,100,,,,
NA,ARUNAYA,Y,A,SM,100,100,100,100,100,100,100,,,100,100,100,100,100,100,100,100,100,,100,,,,
NA,ARVEE,Y,A,EQ,100,2,100,100,100,100,100,,,100,100,100,100,100,100,100,100,100,,100,,,,
NA,ARVIND,N,A,EQ,100,100,100,100,100,100,100,,,100,100,100,100,100,100,100,100,100,,100,,,,
NA,ARVINDFASN,N,A,EQ,100,100,100,100,100,100,100,,,100,100,100,100,100,100,100,100,100,,100,,,,
NA,ARVINDPORT,Y,A,SM,100,100,100,100,100,100,100,,,100,100,100,100,100,100,100,100,100,,100,,,,
NA,ARVSMART,N,A,EQ,100,100,100,100,100,100,100,,,100,100,100,100,100,100,100,100,100,,100,,,,
NA,ARYAMAN,N,A,EQ,100,100,100,100,100,100,100,,,100,100,100,100,100,100,100,100,100,,100,,,,
NA,ASAHIINDIA,N,A,EQ,100,100,100,100,100,100,100,,,100,100,100,100,100,100,100,100,100,,100,,,,
NA,ASAHISONG,N,A,BE,100,100,100,100,100,100,100,,,100,100,100,100,1,100,100,100,100,,100,,,,
NA,ASAL,N,A,EQ,100,100,100,100,100,100,100,,,100,100,100,100,100,100,100,100,100,,100,,,,
NA,ASALCBR,N,A,EQ,100,100,100,100,100,100,100,,,100,100,100,100,100,100,100,100,100,,100,,,,
NA,ASCOM,Y,A,SM,100,100,100,100,100,100,100,,,100,100,100,100,100,100,100,100,100,,100,,,,
NA,ASHALOG,Y,A,SM,100,100,100,100,100,100,100,,,100,100,100,100,100,100,100,100,100,,100,,,,
NA,ASHAPURMIN,N,A,EQ,100,100,100,100,100,100,100,,,100,100,100,100,100,100,100,100,100,,100,,,,
NA,ASHIANA,N,A,EQ,100,100,100,100,100,100,100,,,100,100,100,100,100,100,100,100,100,,100,,,,
NA,ASHIKAG,N,A,BE,100,100,100,100,100,100,100,,,100,100,100,100,100,100,100,100,100,,100,,,,
NA,ASHIMASYN,N,A,EQ,100,1,100,100,100,100,100,,,100,100,100,100,100,100,100,100,100,,100,,,,
NA,ASHOKA,N,A,EQ,100,100,100,100,100,100,100,,,100,100,100,100,100,100,100,100,100,,100,,,,
NA,ASHOKAMET,N,A,EQ,100,100,100,100,100,100,100,,,100,100,100,100,100,100,100,100,100,,100,,,,
NA,ASHOKLEY,N,A,EQ,100,100,100,100,100,100,100,,,100,100,100,100,100,100,100,100,100,,100,,,,
NA,ASHUTOSH,Y,A,SM,100,100,100,100,100,100,100,,,100,100,100,100,100,100,100,100,100,,100,,,,
NA,ASHWINI,Y,A,SM,100,1,100,100,100,100,100,,,100,100,100,100,100,100,100,100,100,,100,,,,
NA,ASIANENE,N,A,EQ,100,100,100,100,100,100,100,,,100,100,100,100,100,100,100,100,100,,100,,,,
NA,ASIANHOTNR,N,A,EQ,100,100,100,100,100,100,100,,,100,100,100,100,100,100,100,100,100,,100,,,,
NA,ASIANPAINT,N,A,EQ,100,100,100,100,100,100,100,,,100,100,100,100,100,100,100,100,100,,100,,,,
NA,ASIANTILES,N,A,EQ,100,100,100,100,100,100,100,,,100,100,100,100,100,100,100,100,100,,100,,,,
NA,ASIANTNE,N,A,EQ,0,100,100,100,100,100,100,,,100,100,100,100,100,100,100,100,100,,100,,,,
NA,ASKAUTOLTD,N,A,EQ,100,100,100,100,100,100,100,,,100,100,100,100,100,100,100,100,100,,100,,,,
NA,ASMS,N,A,EQ,100,100,100,100,100,100,100,,,100,100,100,100,100,100,100,100,100,,100,,,,
NA,ASPINWALL,Y,A,EQ,100,100,100,100,100,100,100,,,100,100,100,100,100,100,100,100,100,,100,,,,
NA,ASPIRE,Y,A,SM,100,100,100,100,100,100,100,,,100,100,100,100,100,100,100,100,100,,100,,,,
NA,ASSAMENT,N,A,EQ,100,1,100,100,100,100,100,,,100,100,100,100,100,100,100,100,100,,100,,,,
NA,ASTAR,N,A,EQ,100,100,100,100,100,100,100,,,100,100,100,100,100,100,100,100,100,,100,,,,
NA,ASTEC,N,A,EQ,100,100,100,100,1,100,100,,,100,100,100,100,100,0,100,100,100,,100,,,,
NA,ASTERDM,N,A,EQ,100,100,100,100,100,100,100,,,100,100,100,100,100,100,100,100,100,,100,,,,
NA,ASTRAL,N,A,EQ,100,100,100,100,100,100,100,,,100,100,100,100,100,100,100,100,100,,100,,,,
NA,ASTRAMICRO,N,A,EQ,100,1,100,100,100,100,100,,,100,100,100,100,100,100,100,100,100,,100,,,,
NA,ASTRAZEN,N,A,EQ,100,100,100,100,100,100,100,,,100,100,100,100,100,100,100,100,100,,100,,,,
NA,ASTRON,N,A,BZ,100,100,100,0,100,100,100,,,100,100,100,100,100,100,100,0,100,,100,,,,
NA,ATALREAL,N,A,EQ,100,1,100,100,100,100,100,,,100,100,100,100,100,100,100,100,100,,100,,,,
NA,ATAM,N,A,EQ,100,100,100,100,100,100,100,,,100,100,100,100,100,100,100,100,100,,100,,,,
NA,ATCENERGY,Y,A,SM,100,100,100,100,100,100,100,,,100,100,100,100,100,100,100,100,100,,100,,,,
NA,ATGL,N,A,EQ,100,100,100,100,100,100,100,,,100,100,100,100,100,100,100,100,100,,100,,,,
NA,ATHERENERG,N,A,EQ,100,100,100,100,100,100,100,,,100,100,100,100,100,100,100,100,100,,100,,,,
NA,ATL,N,A,EQ,100,100,100,100,100,100,100,,,100,100,100,100,100,100,100,100,100,,100,,,,
NA,ATLANTAA,N,A,EQ,100,100,100,100,100,100,100,,,100,100,100,100,100,100,100,100,100,,100,,,,
NA,ATLANTAELE,N,A,EQ,100,100,100,100,100,100,100,,,100,100,100,100,100,100,100,100,100,,100,,,,
NA,ATLASCYCLE,N,A,EQ,100,100,100,100,100,100,100,,,100,100,100,100,100,100,100,100,100,,100,,,,
NA,ATMASTCO,Y,A,SM,100,100,100,100,100,100,100,,,100,100,100,100,100,100,100,100,100,,100,,,,
NA,ATUL,N,A,EQ,100,100,100,100,100,100,100,,,100,100,100,100,100,100,100,100,100,,100,,,,
NA,ATULAUTO,N,A,EQ,100,100,100,100,100,100,100,,,100,100,100,100,100,100,100,100,100,,100,,,,
NA,AUBANK,N,A,EQ,100,100,100,100,100,100,100,,,100,100,100,100,100,100,100,100,100,,100,,,,
NA,AUGMONT,N,A,EQ,100,100,100,100,100,100,100,,,100,100,100,100,100,100,100,100,100,,100,,,,
NA,AURIGROW,Y,S,EQ,100,100,100,0,100,100,100,,,100,100,100,100,100,100,100,100,100,,100,,,,
NA,AURIONPRO,N,A,EQ,100,100,100,100,100,100,100,,,100,100,100,100,100,100,100,100,100,,100,,,,
NA,AUROIMPEX,Y,A,ST,100,100,100,100,100,100,100,,,100,100,100,100,1,100,100,100,100,,100,,,,
NA,AUROPHARMA,N,A,EQ,100,100,100,100,100,100,100,,,100,100,100,100,100,100,100,100,100,,100,,,,
NA,AURUM,N,A,EQ,100,100,100,100,100,100,100,,,100,100,100,100,100,100,100,100,100,,100,,,,
NA,AURUS,N,A,EQ,100,100,100,100,100,100,100,,,100,100,100,100,100,100,100,100,100,,100,,,,
NA,AUSL,Y,A,SM,100,100,100,100,100,100,100,,,100,100,100,100,100,100,100,100,100,,100,,,,
NA,AUSOMENT,N,A,EQ,100,100,100,100,100,100,100,,,100,100,100,100,100,100,100,100,100,,100,,,,
NA,AUSTENG,N,A,EQ,100,100,100,100,1,100,100,,,100,100,100,100,100,100,100,100,100,,100,,,,
NA,AUTOAXLES,N,A,EQ,100,100,100,100,100,100,100,,,100,100,100,100,100,100,100,100,100,,100,,,,
NA,AUTOIND,N,A,EQ,100,100,100,100,100,100,100,,,100,100,100,100,100,100,100,100,100,,100,,,,
NA,AVADHSUGAR,N,A,EQ,100,100,100,100,100,100,100,,,100,100,100,100,100,100,100,100,100,,100,,,,
NA,AVALON,N,A,EQ,100,1,100,100,100,100,100,,,100,100,100,100,100,100,100,100,100,,100,,,,
NA,AVANA,Y,A,ST,100,100,100,100,100,100,100,,,100,100,100,100,1,100,100,100,100,,100,,,,
NA,AVANCE,N,A,EQ,100,100,100,100,100,100,100,,,100,100,100,100,100,100,100,100,100,,100,,,,
NA,AVANTEL,N,A,EQ,100,100,100,100,100,100,100,,,100,100,100,100,100,100,100,100,100,,100,,,,
NA,AVANTIFEED,N,A,EQ,100,100,100,100,100,100,100,,,100,100,100,100,100,100,100,100,100,,100,,,,
NA,AVATAR,Y,A,ST,100,100,100,100,100,100,100,,,100,100,100,100,1,100,100,100,100,,100,,,,
NA,AVG,N,A,BE,100,100,100,100,100,100,100,,,100,100,100,100,1,100,100,100,100,,100,,,,
NA,AVIANSH,Y,A,SM,100,100,100,100,100,100,100,,,100,100,100,100,100,100,100,100,100,,100,,,,
NA,AVIENCE,Y,A,SM,100,100,100,100,1,100,100,,,100,100,100,100,100,100,100,100,100,,100,,,,
NA,AVL,N,A,EQ,100,100,100,100,100,100,100,,,100,100,100,100,100,100,100,100,100,,100,,,,
NA,AVONMORE,N,A,EQ,100,100,100,100,100,100,100,,,100,100,100,100,100,100,100,100,100,,100,,,,
NA,AVPINFRA,Y,A,SM,100,100,100,100,100,100,100,,,100,100,100,100,100,100,100,100,100,,100,,,,
NA,AVROIND,N,A,EQ,100,100,100,100,100,100,100,,,100,100,100,100,100,100,100,100,100,,100,,,,
NA,AVSL,Y,A,ST,100,100,100,100,100,100,100,,,100,100,100,100,100,100,100,100,100,,100,,,,
NA,AVTNPL,N,A,EQ,100,100,100,100,100,100,100,,,100,100,100,100,100,100,100,100,100,,100,,,,
NA,AWFIS,N,A,EQ,100,100,100,100,100,100,100,,,100,100,100,100,100,100,100,100,100,,100,,,,
NA,AWHCL,N,A,EQ,100,100,100,100,100,100,100,,,100,100,100,100,100,100,100,100,100,,100,,,,
NA,AWL,N,A,EQ,100,100,100,100,100,100,100,,,100,100,100,100,100,100,100,100,100,,100,,,,
NA,AXIOMGAS,Y,A,ST,100,100,100,100,100,100,100,,,100,100,100,100,100,100,100,100,100,,100,,,,
NA,AXISBANK,N,A,EQ,100,100,100,100,100,100,100,,,100,100,100,100,100,100,100,100,100,,100,,,,
NA,AXISCADES,N,A,EQ,100,100,100,100,100,100,100,,,100,100,100,100,100,100,100,100,100,,100,,,,
NA,AXITA,N,A,EQ,100,100,100,100,100,100,100,,,100,100,100,100,100,100,100,100,100,,100,,,,
NA,AXTEL,N,A,EQ,100,100,100,100,100,100,100,,,100,100,100,100,100,100,100,100,100,,100,,,,
NA,AYE,N,A,EQ,100,100,100,100,100,100,100,,,100,100,100,100,100,100,100,100,100,,100,,,,
NA,AYMSYNTEX,N,A,EQ,100,100,100,100,100,100,100,,,100,100,100,100,100,100,100,100,100,,100,,,,
NA,AZAD,N,A,EQ,100,100,100,100,100,100,100,,,100,100,100,100,100,100,100,100,100,,100,,,,
NA,AZADIND,N,A,EQ,100,100,100,100,100,100,100,,,100,100,100,100,100,100,100,100,100,,100,,,,
NA,BABAFP,Y,A,SM,100,100,100,100,100,100,100,,,100,100,100,100,100,100,100,100,100,,100,,,,
NA,BAFNAPH,N,A,BE,100,100,100,100,100,100,100,,,100,100,100,100,2,100,100,100,100,,100,,,,
NA,BAGDIGITAL,Y,A,SM,100,100,100,100,100,100,100,,,100,100,100,100,100,100,100,100,100,,100,,,,
NA,BAGFILMS,N,A,EQ,100,100,100,100,100,100,100,,,100,100,100,100,100,100,100,100,100,,100,,,,
NA,BAHETI,Y,A,SM,100,100,100,100,100,100,100,,,100,100,100,100,100,100,100,100,100,,100,,,,
NA,BAIDFIN,N,A,EQ,100,100,100,100,100,100,100,,,100,100,100,100,100,100,100,100,100,,100,,,,
NA,BAJAJ-AUTO,N,A,EQ,100,100,100,100,100,100,100,,,100,100,100,100,100,100,100,100,100,,100,,,,
NA,BAJAJCON,N,A,EQ,100,100,100,100,100,100,100,,,100,100,100,100,100,100,100,100,100,,100,,,,
NA,BAJAJELEC,N,A,EQ,100,100,100,100,100,100,100,,,100,100,100,100,100,100,100,100,100,,100,,,,
NA,BAJAJFINSV,N,A,EQ,100,100,100,100,100,100,100,,,100,100,100,100,100,100,100,100,100,,100,,,,
NA,BAJAJHCARE,N,A,EQ,100,100,100,100,100,100,100,,,100,100,100,100,100,100,100,100,100,,100,,,,
NA,BAJAJHFL,N,A,EQ,100,100,100,100,100,100,100,,,100,100,100,100,100,100,100,100,100,,100,,,,
NA,BAJAJHIND,N,A,EQ,100,100,100,100,100,100,100,,,100,100,100,100,100,100,100,100,100,,100,,,,
NA,BAJAJHLDNG,N,A,EQ,100,100,100,100,100,100,100,,,100,100,100,100,100,100,100,100,100,,0,,,,
NA,BAJAJINDEF,N,A,EQ,100,100,100,100,100,100,100,,,100,100,100,100,100,100,100,100,100,,100,,,,
NA,BAJAJST,N,A,EQ,100,100,100,100,100,100,100,,,100,100,100,100,100,100,100,100,100,,100,,,,
NA,BAJEL,N,A,EQ,100,100,100,100,100,100,100,,,100,100,100,100,100,100,100,100,100,,100,,,,
NA,BAJFINANCE,N,A,EQ,100,100,100,100,100,100,100,,,100,100,100,100,100,100,100,100,100,,100,,,,
NA,BALAJEE,N,A,EQ,100,100,100,100,100,100,100,,,100,100,100,100,100,100,100,100,100,,100,,,,
NA,BALAJIPHOS,Y,A,SM,100,100,100,100,100,100,100,,,100,100,100,100,100,100,100,100,100,,100,,,,
NA,BALAJITELE,N,A,EQ,100,100,100,100,100,100,100,,,100,100,100,100,100,100,100,100,100,,100,,,,
NA,BALAMINES,N,A,EQ,100,100,100,100,100,100,100,,,100,100,100,100,100,100,100,100,100,,100,,,,
NA,BALAXI,Y,A,EQ,100,100,100,100,100,100,100,,,100,100,100,100,100,100,100,100,100,,100,,,,
NA,BALCO,Y,A,SM,100,100,100,100,100,100,100,,,100,100,100,100,100,100,100,100,100,,100,,,,
NA,BALKRISHNA,N,A,EQ,0,100,100,100,100,100,100,,,100,100,100,100,100,0,100,100,100,,100,,,,
NA,BALKRISIND,N,A,EQ,100,100,100,100,100,100,100,,,100,100,100,100,100,100,100,100,100,,100,,,,
NA,BALMLAWRIE,N,A,EQ,100,100,100,100,100,100,100,,,100,100,100,100,100,100,100,100,100,,100,,,,
NA,BALPHARMA,N,A,EQ,100,100,100,100,100,100,100,,,100,100,100,100,100,100,100,100,100,,100,,,,
NA,BALRAMCHIN,N,A,EQ,100,100,100,100,100,100,100,,,100,100,100,100,100,100,100,100,100,,100,,,,
NA,BALUFORGE,N,A,EQ,100,100,100,100,100,100,100,,,100,100,100,100,100,100,100,100,100,,100,,,,
NA,BANARBEADS,N,A,EQ,100,100,100,100,100,100,100,,,100,100,100,100,100,100,100,100,100,,100,,,,
NA,BANARISUG,N,A,EQ,100,100,100,100,100,100,100,,,100,100,100,100,100,100,100,100,100,,100,,,,
NA,BANCOINDIA,N,A,EQ,100,100,100,100,100,100,100,,,100,100,100,100,100,100,100,100,100,,100,,,,
NA,BANDHANBNK,N,A,EQ,100,100,100,100,100,100,100,,,100,100,100,100,100,100,100,100,100,,100,,,,
NA,BANG,N,A,EQ,100,100,100,100,100,100,100,,,100,100,100,100,100,100,100,100,100,,100,,,,
NA,BANKA,Y,A,EQ,100,100,100,100,100,100,100,,,100,100,100,100,100,100,100,100,100,,100,,,,
NA,BANKBARODA,N,A,EQ,100,100,100,100,100,100,100,,,100,100,100,100,100,100,100,100,100,,100,,,,
NA,BANKINDIA,N,A,EQ,100,100,100,100,100,100,100,,,100,100,100,100,100,100,100,100,100,,100,,,,
NA,BANSALWIRE,N,A,EQ,100,100,100,100,100,100,100,,,100,100,100,100,100,100,100,100,100,,100,,,,
NA,BANSWRAS,N,A,EQ,100,100,100,100,100,100,100,,,100,100,100,100,100,100,100,100,100,,100,,,,
NA,BARFLEX,Y,A,SM,100,100,100,100,100,100,100,,,100,100,100,100,100,100,100,100,100,,100,,,,
NA,BASF,N,A,EQ,100,100,100,100,100,100,100,,,100,100,100,100,100,100,100,100,100,,100,,,,
NA,BASILIC,Y,A,SM,100,100,100,100,100,100,100,,,100,100,100,100,100,100,100,100,100,,100,,,,
NA,BASML,N,A,BE,100,100,100,100,100,100,100,,,100,100,100,100,1,100,100,100,100,,100,,,,
NA,BATAINDIA,N,A,EQ,100,100,100,100,100,100,100,,,100,100,100,100,100,100,100,100,100,,100,,,,
NA,BATLIBOI,N,A,EQ,100,100,100,100,100,100,100,,,100,100,100,100,100,100,100,100,100,,100,,,,
NA,BAWEJA,Y,A,SM,100,100,100,100,100,100,100,,,100,100,100,100,100,100,100,100,100,,100,,,,
NA,BAYERCROP,N,A,EQ,100,100,100,100,100,100,100,,,100,100,100,100,100,100,100,100,100,,100,,,,
NA,BBL,N,A,EQ,100,100,100,100,100,100,100,,,100,100,100,100,100,100,100,100,100,,100,,,,
NA,BBOX,N,A,EQ,100,100,100,100,100,100,100,,,100,100,100,100,100,100,100,100,100,,100,,,,
NA,BBTC,N,A,EQ,100,100,100,100,100,100,100,,,100,100,100,100,100,100,100,100,100,,100,,,,
NA,BBTCL,N,A,EQ,100,100,100,100,100,100,100,,,100,100,100,100,100,100,100,100,100,,100,,,,
NA,BCG,N,A,EQ,100,100,100,100,100,100,100,,,100,100,100,100,100,100,100,100,100,,100,,,,
NA,BCLIND,N,A,EQ,100,100,100,100,100,100,100,,,100,100,100,100,100,100,100,100,100,,100,,,,
NA,BCONCEPTS,N,A,EQ,100,100,100,100,100,100,100,,,100,100,100,100,100,100,100,100,100,,100,,,,
NA,BCPL,N,A,EQ,100,100,100,100,100,100,100,,,100,100,100,100,100,100,100,100,100,,100,,,,
NA,BDL,N,A,EQ,100,100,100,100,100,100,100,,,100,100,100,100,100,100,100,100,100,,100,,,,
NA,BEACON,Y,A,SM,100,100,100,100,100,100,100,,,100,100,100,100,100,100,100,100,100,,100,,,,
NA,BEARDSELL,Y,A,EQ,100,100,100,100,100,100,100,,,100,100,100,100,100,100,100,100,100,,100,,,,
NA,BECTORFOOD,N,A,EQ,100,100,100,100,100,100,100,,,100,100,100,100,100,100,100,100,100,,100,,,,
NA,BEDMUTHA,N,A,EQ,100,100,100,100,100,100,100,,,100,100,100,100,100,100,0,100,100,,100,,,,
NA,BEEKAY,N,A,EQ,100,100,100,100,100,100,100,,,100,100,100,100,100,100,100,100,100,,100,,,,
NA,BEL,N,A,EQ,100,100,100,100,100,100,100,,,100,100,100,100,100,100,100,100,100,,100,,,,
NA,BELLACASA,N,A,EQ,100,100,100,100,100,100,100,,,100,100,100,100,100,100,100,100,100,,100,,,,
NA,BELRISE,N,A,EQ,100,100,100,100,100,100,100,,,100,100,100,100,100,100,100,100,100,,100,,,,
NA,BEML,N,A,EQ,100,100,100,100,100,100,100,,,100,100,100,100,100,100,100,100,100,,100,,,,
NA,BENARAS,N,A,EQ,100,100,100,100,100,100,100,,,100,100,100,100,100,100,100,100,100,,100,,,,
NA,BENGALASM,N,A,EQ,100,100,100,100,100,100,100,,,100,100,100,100,100,100,100,100,100,,100,,,,
NA,BEPL,N,A,EQ,100,100,100,100,100,100,100,,,100,100,100,100,100,100,100,100,100,,100,,,,
NA,BERGEPAINT,N,A,EQ,100,100,100,100,100,100,100,,,100,100,100,100,100,100,100,100,100,,100,,,,
NA,BESTAGRO,N,A,EQ,100,100,100,100,100,100,100,,,100,100,100,100,100,100,100,100,100,,100,,,,
NA,BETA,Y,A,EQ,100,1,100,100,100,100,100,,,100,100,100,100,100,100,100,100,100,,100,,,,
NA,BEWLTD,Y,A,SM,100,100,100,100,1,100,100,,,100,100,100,100,100,100,100,100,100,,100,,,,
NA,BFINVEST,N,A,EQ,100,100,100,100,100,100,100,,,100,100,100,100,100,100,100,100,100,,100,,,,
NA,BFUTILITIE,N,A,EQ,100,100,100,100,100,100,100,,,100,100,100,100,100,100,100,100,100,,100,,,,
NA,BGLOBAL,N,S,BZ,100,100,100,100,100,100,100,,,100,100,100,100,100,100,100,0,100,,100,,,,
NA,BGRENERGY,N,A,BE,100,100,100,0,100,100,100,,,100,100,100,100,100,0,100,100,100,,100,,,,
NA,BHADORA,Y,A,ST,100,100,100,100,100,100,100,,,100,100,100,100,1,100,100,100,100,,100,,,,
NA,BHAGCHEM,N,A,EQ,100,100,100,100,100,100,100,,,100,100,100,100,100,100,100,100,100,,100,,,,
NA,BHAGERIA,N,A,EQ,100,100,100,100,1,100,100,,,100,100,100,100,100,100,100,100,100,,100,,,,
NA,BHAGYANGR,N,A,EQ,100,100,100,100,100,100,100,,,100,100,100,100,100,100,100,100,100,,100,,,,
NA,BHANDARI,N,A,EQ,100,100,100,100,100,100,100,,,100,100,100,100,100,100,100,100,100,,100,,,,
NA,BHARATCOAL,N,A,EQ,100,100,100,100,100,100,100,,,100,100,100,100,100,100,100,100,100,,100,,,,
NA,BHARATFORG,N,A,EQ,100,100,100,100,100,100,100,,,100,100,100,100,100,100,100,100,100,,100,,,,
NA,BHARATGEAR,N,A,BE,100,100,100,100,100,100,100,,,100,100,100,100,1,100,100,100,100,,100,,,,
NA,BHARATRAS,N,A,EQ,100,100,100,100,100,100,100,,,100,100,100,100,100,100,100,100,100,,100,,,,
NA,BHARATSE,N,A,EQ,100,100,100,100,100,100,100,,,100,100,100,100,100,100,100,100,100,,100,,,,
NA,BHARATWIRE,N,A,EQ,100,100,100,100,100,100,100,,,100,100,100,100,100,100,100,100,100,,100,,,,
NA,BHARTIARTL,N,A,EQ,100,100,100,100,100,100,100,,,100,100,100,100,100,100,100,100,100,,100,,,,
NA,BHARTIHEXA,N,A,EQ,100,100,100,100,100,100,100,,,100,100,100,100,100,100,100,100,100,,100,,,,
NA,BHEL,N,A,EQ,100,100,100,100,100,100,100,,,100,100,100,100,100,100,100,100,100,,100,,,,
NA,BI,N,A,BE,100,100,100,100,100,100,100,,,100,100,100,100,2,100,100,100,100,,100,,,,
NA,BIGBLOC,N,A,EQ,100,100,100,100,100,100,100,,,100,100,100,100,100,100,100,100,100,,100,,,,
NA,BIKAJI,N,A,EQ,100,100,100,100,100,100,100,,,100,100,100,100,100,100,100,100,100,,100,,,,
NA,BIKEWO,Y,A,ST,100,100,100,100,100,100,100,,,100,100,100,100,2,100,100,100,100,,100,,,,
NA,BIL,N,A,EQ,100,100,100,100,100,100,100,,,100,100,100,100,100,100,100,100,100,,100,,,,
NA,BILVYAPAR,N,A,BE,0,100,100,0,100,100,100,,,100,100,100,100,100,100,100,100,100,,100,,,,
NA,BIMETAL,N,A,EQ,100,100,100,100,100,100,100,,,100,100,100,100,100,100,100,100,100,,100,,,,
NA,BIOCON,N,A,EQ,100,100,100,100,100,100,100,,,100,100,100,100,100,100,100,100,100,,100,,,,
NA,BIOFILCHEM,N,A,EQ,100,100,100,100,100,100,100,,,100,100,100,100,100,100,100,100,100,,100,,,,
NA,BIOPOL,Y,A,SM,100,100,100,100,100,100,100,,,100,100,100,100,100,100,100,100,100,,100,,,,
NA,BIRDYS,Y,A,SM,100,100,100,100,100,100,100,,,100,100,100,100,100,0,100,100,100,,100,,,,
NA,BIRLACABLE,N,A,EQ,100,100,100,100,1,100,100,,,100,100,100,100,100,100,100,100,100,,100,,,,
NA,BIRLACORPN,N,A,EQ,100,100,100,100,100,100,100,,,100,100,100,100,100,100,100,100,100,,100,,,,
NA,BIRLAMONEY,N,A,EQ,100,100,100,100,100,100,100,,,100,100,100,100,100,100,100,100,100,,100,,,,
NA,BIRLANU,N,A,EQ,100,100,100,100,100,100,100,,,100,100,100,100,100,100,100,100,100,,100,,,,
NA,BIRLAPREC,N,A,BE,100,100,100,100,100,100,100,,,100,100,100,100,1,100,100,100,100,,100,,,,
NA,BLACKBUCK,N,A,EQ,100,100,100,100,100,100,100,,,100,100,100,100,100,100,100,100,100,,100,,,,
NA,BLACKROSE,N,A,EQ,100,100,100,100,100,100,100,,,100,100,100,100,100,100,100,100,100,,100,,,,
NA,BLAL,N,A,EQ,0,100,100,100,100,100,100,,,100,100,100,100,100,100,100,100,100,,100,,,,
NA,BLBLIMITED,N,A,EQ,100,100,100,100,100,100,100,,,100,100,100,100,100,100,100,100,100,,100,,,,
NA,BLEL,N,A,EQ,100,100,100,100,100,100,100,,,100,100,100,100,100,100,100,100,100,,100,,,,
NA,BLIL,N,A,EQ,100,100,100,100,100,100,100,,,100,100,100,100,100,100,100,100,100,,100,,,,
NA,BLISSGVS,N,A,BE,100,4,100,100,100,100,100,,,100,100,100,100,100,100,100,100,100,,100,,,,
NA,BLKASHYAP,N,A,EQ,100,100,100,100,100,100,100,,,100,100,100,100,100,100,0,100,100,,100,,,,
NA,BLS,N,A,EQ,100,100,100,100,100,100,100,,,100,100,100,100,100,100,100,100,100,,100,,,,
NA,BLSE,N,A,EQ,100,100,100,100,100,100,100,,,100,100,100,100,100,100,100,100,100,,100,,,,
NA,BLUECHIP,N,S,BE,3,100,100,100,100,100,100,,,100,100,100,100,100,100,100,100,100,,100,,,,
NA,BLUECLOUDS,N,A,EQ,100,100,100,100,100,100,100,,,100,100,100,100,100,100,100,100,100,,100,,,,
NA,BLUECOAST,N,A,EQ,0,100,100,100,100,100,100,,,100,100,100,100,100,100,100,100,100,,100,,,,
NA,BLUEDART,N,A,EQ,100,100,100,100,100,100,100,,,100,100,100,100,100,100,100,100,100,,100,,,,
NA,BLUEJET,N,A,EQ,100,100,100,100,100,100,100,,,100,100,100,100,100,100,100,100,100,,100,,,,
NA,BLUEPEBBLE,Y,A,ST,100,100,100,100,100,100,100,,,100,100,100,100,100,100,100,100,100,,100,,,,
NA,BLUESTARCO,N,A,EQ,100,100,100,100,100,100,100,,,100,100,100,100,100,100,100,100,100,,100,,,,
NA,BLUESTONE,N,A,EQ,100,1,100,100,100,100,100,,,100,100,100,100,100,100,100,100,100,,100,,,,
NA,BLUEWATER,Y,A,ST,100,100,100,100,100,100,100,,,100,100,100,100,1,100,100,100,100,,100,,,,
NA,BLUSPRING,N,A,EQ,100,100,100,100,100,100,100,,,100,100,100,100,100,100,100,100,100,,100,,,,
NA,BMETRICS,Y,A,SM,100,100,100,100,1,100,100,,,100,100,100,100,100,100,100,100,100,,100,,,,
NA,BMLL,Y,A,SM,100,100,100,100,100,100,100,,,100,100,100,100,100,100,100,100,100,,100,,,,
NA,BMWVENTLTD,N,A,EQ,100,100,100,100,100,100,100,,,100,100,100,100,100,100,100,100,100,,100,,,,
NA,BNAGROCHEM,N,A,EQ,100,100,100,100,100,100,100,,,100,100,100,100,100,100,100,100,100,,100,,,,
NA,BNALTD,N,A,BE,100,100,100,100,100,100,100,,,100,100,100,100,1,100,100,100,100,,100,,,,
NA,BODALCHEM,N,A,BE,100,4,100,100,100,100,100,,,100,100,100,100,100,100,100,100,100,,100,,,,
NA,BOHRAIND,Y,A,EQ,100,100,100,100,1,100,100,,,100,100,100,100,100,0,100,100,100,,100,,,,
NA,BOMDYEING,N,A,EQ,100,100,100,100,100,100,100,,,100,100,100,100,100,100,100,100,100,,100,,,,
NA,BONLON,N,A,EQ,100,100,100,100,100,100,100,,,100,100,100,100,100,100,100,100,100,,100,,,,
NA,BORANA,N,A,EQ,100,100,100,100,100,100,100,,,100,100,100,100,100,100,100,100,100,,100,,,,
NA,BOROLTD,N,A,EQ,100,100,100,100,100,100,100,,,100,100,100,100,100,100,100,100,100,,100,,,,
NA,BORORENEW,N,A,EQ,100,100,100,100,100,100,100,,,100,100,100,100,100,100,100,100,100,,100,,,,
NA,BOROSCI,N,A,EQ,100,100,100,100,100,100,100,,,100,100,100,100,100,100,100,100,100,,100,,,,
NA,BOSCH-HCIL,N,A,EQ,100,100,100,100,100,100,100,,,100,100,100,100,100,100,100,100,100,,100,,,,
NA,BOSCHLTD,N,A,EQ,100,100,100,100,100,100,100,,,100,100,100,100,100,100,100,100,100,,100,,,,
NA,BOSS,Y,A,ST,100,100,100,100,100,100,100,,,100,100,100,100,1,100,100,100,100,,100,,,,
NA,BPCL,N,A,EQ,100,100,100,100,100,100,100,,,100,100,100,100,100,100,100,100,100,,100,,,,
NA,BPL,N,A,EQ,100,100,100,100,100,100,100,,,100,100,100,100,100,100,0,100,100,,100,,,,
NA,BPLPHARMA,N,A,EQ,100,100,100,100,1,100,100,,,100,100,100,100,100,100,100,100,100,,100,,,,
NA,BRACEPORT,Y,A,SM,100,100,100,100,1,100,100,,,100,100,100,100,100,100,100,100,100,,100,,,,
NA,BRAHMINFRA,N,A,EQ,100,100,100,100,100,100,100,,,100,100,100,100,100,100,100,100,100,,100,,,,
NA,BRANDMAN,Y,A,SM,100,100,100,100,100,100,100,,,100,100,100,100,100,100,100,100,100,,100,,,,
NA,BRIGADE,N,A,EQ,100,100,100,100,100,100,100,,,100,100,100,100,100,100,100,100,100,,100,,,,
NA,BRIGHOTEL,N,A,EQ,100,100,100,100,100,100,100,,,100,100,100,100,100,100,100,100,100,,100,,,,
NA,BRIGHTBR,N,A,EQ,100,100,100,100,100,100,100,,,100,100,100,100,100,100,100,100,100,,100,,,,
NA,BRITANNIA,N,A,EQ,100,100,100,100,100,100,100,,,100,100,100,100,100,100,100,100,100,,100,,,,
NA,BRNL,N,A,EQ,100,100,100,100,100,100,100,,,100,100,100,100,100,100,100,100,100,,100,,,,
NA,BROOKS,N,A,EQ,100,100,100,100,100,100,100,,,100,100,100,100,100,100,100,100,100,,100,,,,
NA,BSE,Y,A,EQ,100,100,100,100,100,100,100,,,100,100,100,100,100,100,100,100,100,,100,,,,
NA,BSHSL,N,A,EQ,100,100,100,100,100,100,100,,,100,100,100,100,100,100,100,100,100,,100,,,,
NA,BSL,N,A,EQ,100,100,100,100,100,100,100,,,100,100,100,100,100,100,100,100,100,,100,,,,
NA,BSOFT,N,A,EQ,100,100,100,100,100,100,100,,,100,100,100,100,100,100,100,100,100,,100,,,,
NA,BTML,N,A,EQ,100,100,100,100,100,100,100,,,100,100,100,100,100,100,100,100,100,,100,,,,
NA,BTTL,N,A,BE,100,100,100,100,100,100,100,,,100,100,100,100,1,100,100,100,100,,100,,,,
NA,BUILDPRO,N,A,EQ,100,100,100,100,100,100,100,,,100,100,100,100,100,100,100,100,100,,100,,,,
NA,BULKCORP,Y,A,ST,100,100,100,100,100,100,100,,,100,100,100,100,1,100,100,100,100,,100,,,,
NA,BURNPUR,N,A,BE,100,100,100,100,100,100,100,,,100,100,100,100,1,100,100,100,100,,100,,,,
NA,BUTTERFLY,N,A,EQ,100,100,100,100,100,100,100,,,100,100,100,100,100,100,100,100,100,,100,,,,
NA,BVCL,N,A,EQ,100,100,100,100,100,100,100,,,100,100,100,100,100,100,100,100,100,,100,,,,
NA,BYKE,N,A,EQ,100,100,100,100,100,100,100,,,100,100,100,100,100,100,100,100,100,,100,,,,
NA,C2C,Y,A,SM,100,100,100,100,100,100,100,,,100,100,100,100,100,100,100,100,100,,100,,,,
NA,CADSYS,Y,A,SM,100,100,100,100,100,100,100,,,100,100,100,100,100,0,100,100,100,,100,,,,
NA,CALSOFT,N,A,BE,100,100,100,100,100,100,100,,,100,100,100,100,1,100,100,100,100,,100,,,,
NA,CAMLINFINE,N,A,EQ,100,100,100,100,100,100,100,,,100,100,100,100,100,100,100,100,100,,100,,,,
NA,CAMPUS,N,A,EQ,100,100,100,100,100,100,100,,,100,100,100,100,100,100,100,100,100,,100,,,,
NA,CAMS,N,A,EQ,100,100,100,100,100,100,100,,,100,100,100,100,100,100,100,100,100,,100,,,,
NA,CANARYS,Y,A,SM,100,100,100,100,1,100,100,,,100,100,100,100,100,100,100,100,100,,100,,,,
NA,CANBK,N,A,EQ,100,100,100,100,100,100,100,,,100,100,100,100,100,100,100,100,100,,100,,,,
NA,CANFINHOME,N,A,EQ,100,100,100,100,100,100,100,,,100,100,100,100,100,100,100,100,100,,100,,,,
NA,CANHLIFE,N,A,EQ,100,100,100,100,100,100,100,,,100,100,100,100,100,100,100,100,100,,100,,,,
NA,CANTABIL,N,A,EQ,100,100,100,100,100,100,100,,,100,100,100,100,100,100,100,100,100,,100,,,,
NA,CAPACITE,N,A,EQ,100,100,100,100,100,100,100,,,100,100,100,100,100,100,100,100,100,,100,,,,
NA,CAPILLARY,N,A,EQ,100,100,100,100,1,100,100,,,100,100,100,100,100,100,100,100,100,,100,,,,
NA,CAPITALSFB,N,A,EQ,100,100,100,100,100,100,100,,,100,100,100,100,100,100,100,100,100,,100,,,,
NA,CAPLIPOINT,N,A,EQ,100,100,100,100,100,100,100,,,100,100,100,100,100,100,100,100,100,,100,,,,
NA,CAPTRUST,N,A,BE,100,100,100,100,100,100,100,,,100,100,100,100,1,100,100,100,100,,100,,,,
NA,CARBORUNIV,N,A,EQ,100,100,100,100,100,100,100,,,100,100,100,100,100,100,100,100,100,,100,,,,
NA,CARERATING,N,A,EQ,100,100,100,100,100,100,100,,,100,100,100,100,100,100,100,100,100,,100,,,,
NA,CARRARO,N,A,EQ,100,100,100,100,100,100,100,,,100,100,100,100,100,100,100,100,100,,100,,,,
NA,CARTRADE,N,A,EQ,100,100,100,100,100,100,100,,,100,100,100,100,100,100,100,100,100,,100,,,,
NA,CARYSIL,N,A,EQ,100,100,100,100,100,100,100,,,100,100,100,100,100,100,100,100,100,,100,,,,
NA,CASTROLIND,N,A,EQ,100,100,100,100,100,100,100,,,100,100,100,100,100,100,100,100,100,,100,,,,
NA,CBAZAAR,Y,A,SM,1,100,100,100,100,100,100,,,100,100,100,100,100,0,100,100,100,,100,,,,
NA,CCAVENUE,N,A,EQ,100,100,100,100,100,100,100,,,100,100,100,100,100,100,100,100,100,,100,,,,
NA,CCCL,N,A,EQ,100,100,100,100,100,100,100,,,100,100,100,100,100,100,100,100,100,,100,,,,
NA,CCHHL,N,A,EQ,100,100,100,100,100,100,100,,,100,100,100,100,100,100,100,100,100,,100,,,,
NA,CCL,N,A,EQ,100,100,100,100,100,100,100,,,100,100,100,100,100,100,100,100,100,,100,,,,
NA,CDSL,Y,A,EQ,100,100,100,100,100,100,100,,,100,100,100,100,100,100,100,100,100,,100,,,,
NA,CEATLTD,N,A,EQ,100,100,100,100,100,100,100,,,100,100,100,100,100,100,100,100,100,,100,,,,
NA,CEDAAR,Y,A,ST,100,100,100,100,100,100,100,,,100,100,100,100,1,100,100,100,100,,100,,,,
NA,CEIGALL,N,A,EQ,100,100,100,100,100,100,100,,,100,100,100,100,100,100,100,100,100,,100,,,,
NA,CEINSYS,N,A,EQ,100,100,100,100,100,100,100,,,100,100,100,100,100,100,100,100,100,,100,,,,
NA,CELEBRITY,N,A,EQ,0,100,100,100,100,100,100,,,100,100,100,100,100,0,100,100,100,,100,,,,
NA,CELLECOR,Y,A,SM,100,100,100,100,100,100,100,,,100,100,100,100,100,100,100,100,100,,100,,,,
NA,CELLO,N,A,EQ,100,100,100,100,100,100,100,,,100,100,100,100,100,100,100,100,100,,100,,,,
NA,CELLPOINT,Y,A,SM,100,1,100,100,100,100,100,,,100,100,100,100,100,100,100,100,100,,100,,,,
NA,CEMPRO,N,A,EQ,100,100,100,100,100,100,100,,,100,100,100,100,100,100,100,100,100,,100,,,,
NA,CENTENKA,N,A,EQ,100,100,100,100,100,100,100,,,100,100,100,100,100,100,100,100,100,,100,,,,
NA,CENTEXT,N,A,EQ,100,100,100,100,100,100,100,,,100,100,100,100,100,100,100,100,100,,100,,,,
NA,CENTRALBK,N,A,EQ,100,100,100,100,100,100,100,,,100,100,100,100,100,100,100,100,100,,100,,,,
NA,CENTRUM,N,A,EQ,100,100,100,100,100,100,100,,,100,100,100,100,100,100,100,100,100,,100,,,,
NA,CENTUM,N,A,EQ,100,100,100,100,1,100,100,,,100,100,100,100,100,100,100,100,100,,100,,,,
NA,CENTURYPLY,N,A,EQ,100,100,100,100,100,100,100,,,100,100,100,100,100,100,100,100,100,,100,,,,
NA,CERA,N,A,EQ,100,100,100,100,100,100,100,,,100,100,100,100,100,100,100,100,100,,100,,,,
NA,CEREBRAINT,N,S,BZ,100,100,100,100,100,100,100,,,100,100,100,100,2,0,100,0,0,,100,,,,
NA,CESC,N,A,EQ,100,100,100,100,100,100,100,,,100,100,100,100,100,100,100,100,100,,100,,,,
NA,CEWATER,N,A,EQ,100,100,100,100,100,100,100,,,100,100,100,100,100,100,100,100,100,,100,,,,
NA,CFEL,N,A,BE,100,100,100,100,100,100,100,,,100,100,100,100,1,100,100,100,100,,100,,,,
NA,CGCL,N,A,EQ,100,100,100,100,100,100,100,,,100,100,100,100,100,100,100,100,100,,100,,,,
NA,CGPOWER,N,A,EQ,100,100,100,100,100,100,100,,,100,100,100,100,100,100,100,100,100,,100,,,,
NA,CGRAPHICS,Y,A,SM,100,100,100,100,100,100,100,,,100,100,100,100,100,100,100,100,100,,100,,,,
NA,CGVAK,N,A,EQ,100,100,100,100,100,100,100,,,100,100,100,100,100,100,100,100,100,,100,,,,
NA,CHALET,N,A,EQ,100,100,100,100,100,100,100,,,100,100,100,100,100,100,100,100,100,,100,,,,
NA,CHAMBLFERT,N,A,EQ,100,100,100,100,100,100,100,,,100,100,100,100,100,100,100,100,100,,100,,,,
NA,CHAMUNDA,Y,A,SM,100,100,100,100,100,100,100,,,100,100,100,100,100,100,100,100,100,,100,,,,
NA,CHANDAN,Y,A,SM,100,100,100,100,100,100,100,,,100,100,100,100,100,100,100,100,100,,100,,,,
NA,CHAVDA,Y,A,ST,100,100,100,100,100,100,100,,,100,100,100,100,1,100,100,100,100,,100,,,,
NA,CHEMBOND,N,A,EQ,100,100,100,100,100,100,100,,,100,100,100,100,100,100,100,100,100,,100,,,,
NA,CHEMBONDCH,N,A,BE,100,100,100,100,100,100,100,,,100,100,100,100,1,100,100,100,100,,100,,,,
NA,CHEMCON,N,A,EQ,100,100,100,100,100,100,100,,,100,100,100,100,100,100,100,100,100,,100,,,,
NA,CHEMCRUX,N,A,EQ,100,100,100,100,100,100,100,,,100,100,100,100,100,100,100,100,100,,100,,,,
NA,CHEMFAB,N,A,EQ,100,100,100,100,100,100,100,,,100,100,100,100,100,100,100,100,100,,100,,,,
NA,CHEMPLASTS,N,A,EQ,100,100,100,100,100,100,100,,,100,100,100,100,100,0,100,100,100,,100,,,,
NA,CHENNPETRO,N,A,EQ,100,100,100,100,100,100,100,,,100,100,100,100,100,100,100,100,100,,100,,,,
NA,CHETANA,Y,A,SM,100,100,100,100,100,100,100,,,100,100,100,100,100,100,100,100,100,,100,,,,
NA,CHEVIOT,N,A,EQ,100,100,100,100,100,100,100,,,100,100,100,100,100,100,100,100,100,,100,,,,
NA,CHOICEIN,N,A,EQ,100,100,100,100,100,100,100,,,100,100,100,100,100,100,100,100,100,,100,,,,
NA,CHOLAFIN,N,A,EQ,100,100,100,100,100,100,100,,,100,100,100,100,100,100,100,100,100,,100,,,,
NA,CHOLAHLDNG,N,A,EQ,100,100,100,100,100,100,100,,,100,100,100,100,100,100,100,100,100,,100,,,,
NA,CIEINDIA,N,A,EQ,100,100,100,100,100,100,100,,,100,100,100,100,100,100,100,100,100,,100,,,,
NA,CIFL,N,A,EQ,100,100,100,100,100,100,100,,,100,100,100,100,100,100,100,100,100,,100,,,,
NA,CINELINE,N,A,EQ,100,100,100,100,100,100,100,,,100,100,100,100,100,100,100,100,100,,100,,,,
NA,CINEVISTA,N,A,EQ,100,100,100,100,100,100,100,,,100,100,100,100,100,100,100,100,100,,100,,,,
NA,CIPLA,N,A,EQ,100,100,100,100,100,100,100,,,100,100,100,100,100,100,100,100,100,,100,,,,
NA,CKKRETAIL,Y,A,SM,100,100,100,100,100,100,100,,,100,100,100,100,100,100,100,100,100,,100,,,,
NA,CLASSICEIL,Y,A,SM,100,100,100,100,100,100,100,,,100,100,100,100,100,100,100,100,100,,100,,,,
NA,CLAYCRAFT,Y,A,SM,100,100,100,100,100,100,100,,,100,100,100,100,100,100,100,100,100,,100,,,,
NA,CLCIND,N,S,BE,4,100,100,0,100,100,100,,,100,100,100,100,100,100,100,100,100,,100,,,,
NA,CLEAN,N,A,EQ,100,100,100,100,100,100,100,,,100,100,100,100,100,100,100,100,100,,100,,,,
NA,CLEANMAX,N,A,EQ,100,100,100,100,100,100,100,,,100,100,100,100,100,100,100,100,100,,100,,,,
NA,CLEDUCATE,N,A,EQ,100,100,100,100,100,100,100,,,100,100,100,100,100,100,100,100,100,,100,,,,
NA,CLSEL,N,A,EQ,100,100,100,100,100,100,100,,,100,100,100,100,100,100,100,100,100,,100,,,,
NA,CLSL,Y,A,ST,100,100,100,100,100,100,100,,,100,100,100,100,1,100,100,100,100,,100,,,,
NA,CMICABLES,N,S,BZ,0,100,100,0,100,100,100,,,100,100,100,100,100,100,100,0,100,,100,,,,
NA,CMLL,N,A,EQ,100,100,100,100,100,100,100,,,100,100,100,100,100,100,100,100,100,,100,,,,
NA,CMNL,Y,A,SM,100,100,100,100,100,100,100,,,100,100,100,100,100,100,100,100,100,,100,,,,
NA,CMPDI,N,A,EQ,100,100,100,100,100,100,100,,,100,100,100,100,100,100,100,100,100,,100,,,,
NA,CMRGREEN,N,A,EQ,100,100,100,100,100,100,100,,,100,100,100,100,100,100,100,100,100,,100,,,,
NA,CMRSL,Y,A,SM,100,100,100,100,100,100,100,,,100,100,100,100,100,100,100,100,100,,100,,,,
NA,CMSINFO,N,A,EQ,100,100,100,100,100,100,100,,,100,100,100,100,100,100,100,100,100,,100,,,,
NA,CNL,N,A,EQ,100,1,100,100,100,100,100,,,100,100,100,100,100,100,100,100,100,,100,,,,
NA,COALINDIA,N,A,EQ,100,100,100,100,100,100,100,,,100,100,100,100,100,100,100,100,100,,100,,,,
NA,COASTCORP,N,A,EQ,100,100,100,100,100,100,100,,,100,100,100,100,100,100,100,100,100,,100,,,,
NA,COCHINSHIP,N,A,EQ,100,100,100,100,100,100,100,,,100,100,100,100,100,100,100,100,100,,100,,,,
NA,COCKERILL,N,A,EQ,100,100,100,100,100,100,100,,,100,100,100,100,100,100,100,100,100,,100,,,,
NA,COFFEEDAY,N,A,EQ,100,100,100,100,100,100,100,,,100,100,100,100,100,100,100,100,100,,100,,,,
NA,COFORGE,N,A,EQ,100,100,100,100,100,100,100,,,100,100,100,100,100,100,100,100,100,,100,,,,
NA,COHANCE,N,A,EQ,100,100,100,100,100,100,100,,,100,100,100,100,100,100,0,100,100,,100,,,,
NA,COLPAL,N,A,EQ,100,100,100,100,100,100,100,,,100,100,100,100,100,100,100,100,100,,100,,,,
NA,COMFINTE,N,A,EQ,100,100,100,100,1,100,100,,,100,100,100,100,100,100,100,100,100,,100,,,,
NA,COMMITTED,Y,A,SM,100,100,100,100,100,100,100,,,100,100,100,100,100,100,100,100,100,,100,,,,
NA,COMPEAU,N,A,EQ,100,100,100,100,100,100,100,,,100,100,100,100,100,100,100,100,100,,100,,,,
NA,COMPINFO,N,A,BZ,0,100,100,0,100,100,100,,,100,100,100,100,100,100,100,0,100,,100,,,,
NA,COMPUSOFT,N,A,EQ,100,100,100,100,100,100,100,,,100,100,100,100,100,100,100,100,100,,100,,,,
NA,COMSYN,N,A,EQ,100,100,100,100,100,100,100,,,100,100,100,100,100,100,100,100,100,,100,,,,
NA,CONCOR,N,A,EQ,100,100,100,100,100,100,100,,,100,100,100,100,100,100,100,100,100,,100,,,,
NA,CONCORDBIO,N,A,EQ,100,100,100,100,100,100,100,,,100,100,100,100,100,100,100,100,100,,100,,,,
NA,CONFIPET,N,A,EQ,100,100,100,100,100,100,100,,,100,100,100,100,100,100,100,100,100,,100,,,,
NA,CONNPLEX,Y,A,SM,100,100,100,100,100,100,100,,,100,100,100,100,100,100,100,100,100,,100,,,,
NA,CONSOFINVT,Y,A,BE,100,100,100,100,100,100,100,,,100,100,100,100,1,100,100,100,100,,100,,,,
NA,CONTI,Y,A,SM,100,100,100,100,100,100,100,,,100,100,100,100,100,100,100,100,100,,100,,,,
NA,CONTROLPR,N,A,EQ,100,100,100,100,100,100,100,,,100,100,100,100,100,100,100,100,100,,100,,,,
NA,COOLCAPS,Y,A,SM,100,100,100,100,100,100,100,,,100,100,100,100,100,100,100,100,100,,100,,,,
NA,CORALFINAC,N,A,EQ,100,100,100,100,100,100,100,,,100,100,100,100,100,100,100,100,100,,100,,,,
NA,CORDELIA,N,A,EQ,100,100,100,100,100,100,100,,,100,100,100,100,100,100,100,100,100,,100,,,,
NA,CORDSCABLE,N,A,BE,100,100,100,100,100,100,100,,,100,100,100,100,1,100,100,100,100,,100,,,,
NA,COREIN,Y,A,ST,100,100,100,100,100,100,100,,,100,100,100,100,100,100,100,100,100,,100,,,,
NA,COROMANDEL,N,A,EQ,100,100,100,100,100,100,100,,,100,100,100,100,100,100,100,100,100,,100,,,,
NA,CORONA,N,A,EQ,100,100,100,100,100,100,100,,,100,100,100,100,100,100,100,100,100,,100,,,,
NA,COSMOFIRST,N,A,EQ,100,100,100,100,100,100,100,,,100,100,100,100,100,100,100,100,100,,100,,,,
NA,COUNCODOS,N,A,BE,100,100,100,100,100,100,100,,,100,100,100,100,100,100,100,100,100,,100,,,,
NA,CPCAP,N,A,EQ,100,100,100,100,100,100,100,,,100,100,100,100,100,100,100,100,100,,100,,,,
NA,CPEDU,N,A,EQ,100,100,100,100,100,100,100,,,100,100,100,100,100,100,100,100,100,,100,,,,
NA,CPL,N,A,EQ,100,100,100,100,100,100,100,,,100,100,100,100,100,100,100,100,100,,100,,,,
NA,CPPLUS,N,A,EQ,100,1,100,100,100,100,100,,,100,100,100,100,100,100,100,100,100,,100,,,,
NA,CPS,Y,A,SM,100,100,100,100,100,100,100,,,100,100,100,100,100,100,100,100,100,,100,,,,
NA,CRAFTSMAN,N,A,EQ,100,100,100,100,100,100,100,,,100,100,100,100,100,100,100,100,100,,100,,,,
NA,CRAMC,N,A,EQ,100,100,100,100,100,100,100,,,100,100,100,100,100,100,100,100,100,,100,,,,
NA,CRAVATEX,N,A,EQ,100,100,100,100,100,100,100,,,100,100,100,100,100,100,100,100,100,,100,,,,
NA,CRAYONS,Y,A,SM,100,100,100,100,100,100,100,,,100,100,100,100,100,100,100,100,100,,100,,,,
NA,CREATIVEYE,N,A,EQ,100,100,100,100,100,100,100,,,100,100,100,100,100,100,100,100,100,,100,,,,
NA,CREDENT,Y,A,SM,100,100,100,100,100,100,100,,,100,100,100,100,100,100,100,100,100,,100,,,,
NA,CREDITACC,N,A,EQ,100,100,100,100,100,100,100,,,100,100,100,100,100,100,100,100,100,,100,,,,
NA,CREST,N,A,EQ,100,100,100,100,100,100,100,,,100,100,100,100,100,100,100,100,100,,100,,,,
NA,CRESTO,Y,A,BE,100,1,100,100,100,100,100,,,100,100,100,100,100,100,100,100,100,,100,,,,
NA,CRISIL,N,A,EQ,100,100,100,100,100,100,100,,,100,100,100,100,100,100,100,100,100,,100,,,,
NA,CRIZAC,N,A,EQ,100,100,100,100,100,100,100,,,100,100,100,100,100,100,100,100,100,,100,,,,
NA,CROMPTON,N,A,EQ,100,100,100,100,100,100,100,,,100,100,100,100,100,100,100,100,100,,100,,,,
NA,CROWN,Y,A,EQ,100,100,100,100,100,100,100,,,100,100,100,100,100,100,100,100,100,,100,,,,
NA,CRSL,N,A,BE,100,100,100,100,100,100,100,,,100,100,100,100,1,100,100,100,100,,100,,,,
NA,CSBBANK,N,A,EQ,100,100,100,100,100,100,100,,,100,100,100,100,100,100,100,100,100,,100,,,,
NA,CSLFINANCE,N,A,EQ,100,100,100,100,100,100,100,,,100,100,100,100,100,100,100,100,100,,100,,,,
NA,CSM,N,A,EQ,100,100,100,100,100,100,100,,,100,100,100,100,100,100,100,100,100,,100,,,,
NA,CSSL,Y,A,SM,100,100,100,100,100,100,100,,,100,100,100,100,100,100,100,100,100,,100,,,,
NA,CTE,N,A,BE,100,100,100,100,100,100,100,,,100,100,100,100,1,100,100,100,100,,100,,,,
NA,CUB,N,A,EQ,100,100,100,100,100,100,100,,,100,100,100,100,100,100,100,100,100,,100,,,,
NA,CUBEXTUB,N,A,BE,100,100,100,100,100,100,100,,,100,100,100,100,1,100,100,100,100,,100,,,,
NA,CUDML,Y,A,SM,100,100,100,100,100,100,100,,,100,100,100,100,100,100,100,100,100,,100,,,,
NA,CUMMINSIND,N,A,EQ,100,100,100,100,100,100,100,,,100,100,100,100,100,100,100,100,100,,100,,,,
NA,CUPID,N,A,EQ,100,1,100,100,100,100,100,,,100,100,100,100,100,100,100,100,100,,100,,,,
NA,CURAA,N,A,BE,0,100,100,100,100,100,100,,,100,100,100,100,100,100,100,100,100,,100,,,,
NA,CURIS,Y,A,ST,100,100,100,100,100,100,100,,,100,100,100,100,1,100,100,100,100,,100,,,,
NA,CURRENT,Y,A,SM,100,100,100,100,100,100,100,,,100,100,100,100,100,100,100,100,100,,100,,,,
NA,CYBERMEDIA,N,A,BE,100,100,100,100,100,100,100,,,100,100,100,100,1,100,100,100,100,,100,,,,
NA,CYBERTECH,N,A,BE,100,100,100,100,100,100,100,,,100,100,100,100,1,100,100,100,100,,100,,,,
NA,CYIENT,N,A,EQ,100,100,100,100,100,100,100,,,100,100,100,100,100,100,100,100,100,,100,,,,
NA,CYIENTDLM,N,A,EQ,100,1,100,100,100,100,100,,,100,100,100,100,100,100,100,100,100,,100,,,,
NA,DABUR,N,A,EQ,100,100,100,100,100,100,100,,,100,100,100,100,100,100,100,100,100,,100,,,,
NA,DAICHI,N,A,BE,100,100,100,100,100,100,100,,,100,100,100,100,1,100,100,100,100,,100,,,,
NA,DALBHARAT,N,A,EQ,100,100,100,100,100,100,100,,,100,100,100,100,100,100,100,100,100,,100,,,,
NA,DALMIASUG,N,A,EQ,100,100,100,100,100,100,100,,,100,100,100,100,100,100,100,100,100,,100,,,,
NA,DAMCAPITAL,N,A,EQ,100,100,100,100,100,100,100,,,100,100,100,100,100,100,100,100,100,,100,,,,
NA,DAMODARIND,N,A,BE,100,100,100,100,100,100,100,,,100,100,100,100,1,100,100,100,100,,100,,,,
NA,DANGEE,Y,A,EQ,100,100,100,100,100,100,100,,,100,100,100,100,100,100,100,100,100,,100,,,,
NA,DANISH,Y,A,SM,100,100,100,100,100,100,100,,,100,100,100,100,100,100,100,100,100,,100,,,,
NA,DATAMATICS,N,A,EQ,100,100,100,100,100,100,100,,,100,100,100,100,100,100,100,100,100,,100,,,,
NA,DATAPATTNS,N,A,EQ,100,100,100,100,100,100,100,,,100,100,100,100,100,100,100,100,100,,100,,,,
NA,DAVANGERE,N,A,EQ,100,100,100,100,100,100,100,,,100,100,100,100,100,100,100,100,100,,100,,,,
NA,DBCORP,N,A,EQ,100,100,100,100,100,100,100,,,100,100,100,100,100,100,100,100,100,,100,,,,
NA,DBEIL,N,A,EQ,100,100,100,100,100,100,100,,,100,100,100,100,100,100,100,100,100,,100,,,,
NA,DBL,N,A,EQ,100,100,100,100,100,100,100,,,100,100,100,100,100,100,100,100,100,,100,,,,
NA,DBOL,N,A,EQ,100,100,100,100,100,100,100,,,100,100,100,100,100,100,100,100,100,,100,,,,
NA,DBREALTY,N,A,EQ,100,100,100,100,100,100,100,,,100,100,100,100,100,100,100,100,100,,100,,,,
NA,DBSTOCKBRO,N,A,BE,100,100,100,100,100,100,100,,,100,100,100,100,1,100,100,100,100,,100,,,,
NA,DCAL,N,A,EQ,100,100,100,100,100,100,100,,,100,100,100,100,100,100,100,100,100,,100,,,,
NA,DCBBANK,N,A,EQ,100,100,100,100,100,100,100,,,100,100,100,100,100,100,100,100,100,,100,,,,
NA,DCCL,Y,A,SM,100,100,100,100,100,100,100,,,100,100,100,100,100,100,100,100,100,,100,,,,
NA,DCG,Y,A,ST,100,100,100,100,100,100,100,,,100,100,100,100,1,100,100,100,100,,100,,,,
NA,DCI,N,A,EQ,100,100,100,100,100,100,100,,,100,100,100,100,100,100,100,100,100,,100,,,,
NA,DCM,N,A,EQ,100,100,100,100,100,100,100,,,100,100,100,100,100,100,100,100,100,,100,,,,
NA,DCMFINSERV,N,A,EQ,0,100,100,100,100,100,100,,,100,100,100,100,100,0,100,100,100,,100,,,,
NA,DCMNVL,N,A,EQ,100,100,100,100,100,100,100,,,100,100,100,100,100,100,100,100,100,,100,,,,
NA,DCMSHRIRAM,N,A,EQ,100,100,100,100,100,100,100,,,100,100,100,100,100,100,100,100,100,,100,,,,
NA,DCMSIL,N,A,EQ,100,100,100,100,100,100,100,,,100,100,100,100,100,100,100,100,100,,100,,,,
NA,DCMSRIND,N,A,EQ,100,100,100,100,100,100,100,,,100,100,100,100,100,100,100,100,100,,100,,,,
NA,DCW,N,A,EQ,100,100,100,100,100,100,100,,,100,100,100,100,100,100,100,100,100,,100,,,,
NA,DCXINDIA,N,A,EQ,100,100,100,100,100,100,100,,,100,100,100,100,100,100,100,100,100,,100,,,,
NA,DDEVPLSTIK,N,A,EQ,100,100,100,100,100,100,100,,,100,100,100,100,100,100,100,100,100,,100,,,,
NA,DECCANCE,N,A,EQ,100,100,100,100,100,100,100,,,100,100,100,100,100,100,100,100,100,,100,,,,
NA,DECCANTRAN,Y,A,SM,100,100,100,100,100,100,100,,,100,100,100,100,100,100,100,100,100,,100,,,,
NA,DECNGOLD,N,A,EQ,100,100,100,100,100,100,100,,,100,100,100,100,100,100,100,100,100,,100,,,,
NA,DEEDEV,N,A,EQ,100,100,100,100,100,100,100,,,100,100,100,100,100,100,100,100,100,,100,,,,
NA,DEEM,Y,A,SM,100,100,100,100,100,100,100,,,100,100,100,100,100,100,100,100,100,,100,,,,
NA,DEEP,N,A,BE,100,100,100,100,100,100,100,,,100,100,100,100,1,100,100,100,100,,100,,,,
NA,DEEPA,N,A,EQ,100,100,100,100,100,100,100,,,100,100,100,100,100,100,100,100,100,,100,,,,
NA,DEEPAKFERT,N,A,EQ,100,100,100,100,100,100,100,,,100,100,100,100,100,100,100,100,100,,100,,,,
NA,DEEPAKNTR,N,A,EQ,100,100,100,100,100,100,100,,,100,100,100,100,100,100,100,100,100,,100,,,,
NA,DEEPINDS,N,A,EQ,100,100,100,100,100,100,100,,,100,100,100,100,100,100,100,100,100,,100,,,,
NA,DELAPLEX,Y,A,SM,100,100,100,100,100,100,100,,,100,100,100,100,100,100,100,100,100,,100,,,,
NA,DELHIVERY,N,A,EQ,100,100,100,100,100,100,100,,,100,100,100,100,100,100,100,100,100,,100,,,,
NA,DELPHIFX,N,A,BE,100,100,100,100,100,100,100,,,100,100,100,100,2,100,100,100,100,,100,,,,
NA,DELTACORP,N,A,EQ,100,100,100,100,1,100,100,,,100,100,100,100,100,100,100,100,100,,100,,,,
NA,DELTAMAGNT,N,A,EQ,100,100,100,100,100,100,100,,,100,100,100,100,100,100,100,100,100,,100,,,,
NA,DELTIC,Y,A,SM,100,100,100,100,100,100,100,,,100,100,100,100,100,100,100,100,100,,100,,,,
NA,DEN,N,A,EQ,100,100,100,100,100,100,100,,,100,100,100,100,100,100,100,100,100,,100,,,,
NA,DENEERS,Y,A,SM,100,100,100,100,100,100,100,,,100,100,100,100,100,100,100,100,100,,100,,,,
NA,DENORA,N,A,EQ,100,100,100,100,100,100,100,,,100,100,100,100,100,100,100,100,100,,100,,,,
NA,DENTA,N,A,EQ,100,100,100,100,100,100,100,,,100,100,100,100,100,100,100,100,100,,100,,,,
NA,DENTALKART,Y,A,SM,100,100,100,100,100,100,100,,,100,100,100,100,100,100,100,100,100,,100,,,,
NA,DESTINY,Y,A,SM,100,100,100,100,100,100,100,,,100,100,100,100,100,100,100,100,100,,100,,,,
NA,DEVIT,N,A,EQ,100,100,100,100,100,100,100,,,100,100,100,100,100,100,100,100,100,,100,,,,
NA,DEVX,N,A,EQ,100,100,100,100,100,100,100,,,100,100,100,100,100,100,100,100,100,,100,,,,
NA,DEVYANI,N,A,EQ,100,100,100,100,100,100,100,,,100,100,100,100,100,100,100,100,100,,100,,,,
NA,DGCONTENT,N,A,EQ,100,100,100,100,100,100,100,,,100,100,100,100,100,0,100,100,100,,100,,,,
NA,DHABRIYA,N,A,BE,100,100,100,100,100,100,100,,,100,100,100,100,1,100,100,100,100,,100,,,,
NA,DHAMPURSUG,N,A,EQ,100,100,100,100,100,100,100,,,100,100,100,100,100,100,100,100,100,,100,,,,
NA,DHANBANK,N,A,EQ,100,100,100,100,100,100,100,,,100,100,100,100,100,100,100,100,100,,100,,,,
NA,DHANLAXMI,Y,A,SM,100,100,100,100,100,100,100,,,100,100,100,100,100,100,100,100,100,,100,,,,
NA,DHANSA,Y,A,ST,100,100,100,100,100,100,100,,,100,100,100,100,1,100,100,100,100,,100,,,,
NA,DHANUKA,N,A,EQ,100,100,100,100,100,100,100,,,100,100,100,100,100,100,100,100,100,,100,,,,
NA,DHARAN,N,A,BZ,100,100,100,0,100,100,100,,,100,100,100,100,100,100,100,0,100,,100,,,,
NA,DHARARAIL,Y,A,ST,100,100,100,100,100,100,100,,,100,100,100,100,1,100,100,100,100,,100,,,,
NA,DHARIWAL,Y,A,SM,100,100,100,100,2,100,100,,,100,100,100,100,100,100,100,100,100,,100,,,,
NA,DHARMAJ,N,A,EQ,100,100,100,100,100,100,100,,,100,100,100,100,100,100,100,100,100,,100,,,,
NA,DHATRE,N,A,EQ,100,100,100,100,100,100,100,,,100,100,100,100,100,100,100,100,100,,100,,,,
NA,DHOOTTRANS,N,A,EQ,100,100,100,100,100,100,100,,,100,100,100,100,100,100,100,100,100,,100,,,,
NA,DHRUV,N,A,EQ,100,100,100,100,100,100,100,,,100,100,100,100,100,100,100,100,100,,100,,,,
NA,DHTL,Y,A,SM,100,1,100,100,100,100,100,,,100,100,100,100,100,100,100,100,100,,100,,,,
NA,DHUNINV,N,A,EQ,100,100,100,100,100,100,100,,,100,100,100,100,100,100,100,100,100,,100,,,,
NA,DIACABS,N,A,BE,100,100,100,100,100,100,100,,,100,100,100,100,100,100,100,100,100,,100,,,,
NA,DIAMINESQ,N,A,EQ,100,100,100,100,100,100,100,,,100,100,100,100,100,100,100,100,100,,100,,,,
NA,DIAMONDYD,N,A,EQ,100,100,100,100,100,100,100,,,100,100,100,100,100,100,100,100,100,,100,,,,
NA,DICIND,N,A,EQ,100,100,100,100,100,100,100,,,100,100,100,100,100,100,100,100,100,,100,,,,
NA,DIFFNKG,N,A,EQ,100,100,100,100,100,100,100,,,100,100,100,100,100,100,100,100,100,,100,,,,
NA,DIGIDRIVE,N,A,EQ,100,100,100,100,100,100,100,,,100,100,100,100,100,100,100,100,100,,100,,,,
NA,DIGIKORE,Y,A,SM,100,100,100,100,100,100,100,,,100,100,100,100,100,100,0,100,100,,100,,,,
NA,DIGISPICE,N,A,EQ,100,100,100,100,100,100,100,,,100,100,100,100,100,100,100,100,100,,100,,,,
NA,DIGITIDE,N,A,EQ,100,100,100,100,100,100,100,,,100,100,100,100,100,100,100,100,100,,100,,,,
NA,DIGJAMLMTD,N,A,BE,2,100,100,100,100,100,100,,,100,100,100,100,100,100,100,100,100,,100,,,,
NA,DIRL,Y,A,SM,100,100,100,100,100,100,100,,,100,100,100,100,100,100,100,100,100,,100,,,,
NA,DISAQ,N,A,EQ,100,100,100,100,100,100,100,,,100,100,100,100,100,100,100,100,100,,100,,,,
NA,DISHTV,N,A,EQ,100,100,100,100,100,100,100,,,100,100,100,100,100,0,100,100,100,,100,,,,
NA,DIVGIITTS,N,A,EQ,100,100,100,100,100,100,100,,,100,100,100,100,100,100,100,100,100,,100,,,,
NA,DIVINEHIRA,Y,A,ST,100,100,100,100,100,100,100,,,100,100,100,100,1,100,100,100,100,,100,,,,
NA,DIVISLAB,N,A,EQ,100,100,100,100,100,100,100,,,100,100,100,100,100,100,100,100,100,,100,,,,
NA,DIVYADHAN,Y,A,SM,100,100,100,100,100,100,100,,,100,100,100,100,100,100,100,100,100,,100,,,,
NA,DIXON,N,A,EQ,100,100,100,100,100,100,100,,,100,100,100,100,100,100,100,100,100,,100,,,,
NA,DJML,N,A,EQ,100,100,100,100,100,100,100,,,100,100,100,100,100,100,100,100,100,,100,,,,
NA,DKEGL,Y,A,SM,100,100,100,100,100,100,100,,,100,100,100,100,100,100,100,100,100,,100,,,,
NA,DLF,N,A,EQ,100,100,100,100,100,100,100,,,100,100,100,100,100,100,100,100,100,,100,,,,
NA,DLINKINDIA,N,A,EQ,100,100,100,100,100,100,100,,,100,100,100,100,100,100,100,100,100,,100,,,,
NA,DMART,N,A,EQ,100,100,100,100,100,100,100,,,100,100,100,100,100,100,100,100,100,,100,,,,
NA,DMCC,N,A,EQ,100,100,100,100,100,100,100,,,100,100,100,100,100,100,100,100,100,,100,,,,
NA,DNAMEDIA,N,A,EQ,0,100,100,100,100,100,100,,,100,100,100,100,100,100,100,100,100,,100,,,,
NA,DODLA,N,A,EQ,100,100,100,100,100,100,100,,,100,100,100,100,100,100,100,100,100,,100,,,,
NA,DOLATALGO,N,A,EQ,100,100,100,100,100,100,100,,,100,100,100,100,100,100,100,100,100,,100,,,,
NA,DOLLAR,N,A,EQ,100,100,100,100,100,100,100,,,100,100,100,100,100,100,100,100,100,,100,,,,
NA,DOLLEX,N,A,EQ,100,100,100,100,100,100,100,,,100,100,100,100,100,100,100,100,100,,100,,,,
NA,DOLPHIN,N,A,EQ,100,100,100,100,100,100,100,,,100,100,100,100,100,100,100,100,100,,100,,,,
NA,DOMS,N,A,EQ,100,100,100,100,100,100,100,,,100,100,100,100,100,100,100,100,100,,100,,,,
NA,DONEAR,N,A,EQ,100,100,100,100,100,100,100,,,100,100,100,100,100,100,100,100,100,,100,,,,
NA,DPABHUSHAN,N,A,EQ,100,1,100,100,100,100,100,,,100,100,100,100,100,100,100,100,100,,100,,,,
NA,DPEL,Y,A,SM,100,100,100,100,100,100,100,,,100,100,100,100,100,100,100,100,100,,100,,,,
NA,DPSCLTD,Y,A,BE,100,100,100,0,100,100,100,,,100,100,100,100,100,100,100,100,100,,100,,,,
NA,DPWIRES,N,A,BE,100,100,100,100,100,100,100,,,100,100,100,100,1,100,100,100,100,,100,,,,
NA,DRAGARWQ,N,A,EQ,100,100,100,100,100,100,100,,,100,100,100,100,100,100,100,100,100,,100,,,,
NA,DRCSYSTEMS,N,A,EQ,100,100,100,100,100,100,100,,,100,100,100,100,100,100,100,100,100,,100,,,,
NA,DREAMFOLKS,N,A,EQ,100,100,100,100,100,100,100,,,100,100,100,100,100,100,100,100,100,,100,,,,
NA,DREDGECORP,N,A,EQ,100,100,100,100,100,100,100,,,100,100,100,100,100,100,100,100,100,,100,,,,
NA,DRONE,Y,A,SM,100,100,100,100,100,100,100,,,100,100,100,100,100,100,100,100,100,,100,,,,
NA,DRREDDY,N,A,EQ,100,100,100,100,100,100,100,,,100,100,100,100,100,100,100,100,100,,100,,,,
NA,DRSCARGO,Y,A,SM,100,100,100,100,100,100,100,,,100,100,100,100,100,100,100,100,100,,100,,,,
NA,DRSDILIP,Y,A,SM,100,100,100,100,100,100,100,,,100,100,100,100,100,100,100,100,100,,100,,,,
NA,DSFCL,N,A,BE,100,100,100,100,100,100,100,,,100,100,100,100,100,100,100,100,100,,100,,,,
NA,DSKULKARNI,N,A,BE,100,100,100,0,100,100,100,,,100,100,100,100,100,100,100,100,100,,100,,,,
NA,DSSL,N,A,EQ,100,100,100,100,100,100,100,,,100,100,100,100,100,100,100,100,100,,100,,,,
NA,DTIL,N,A,BE,100,100,100,100,100,100,100,,,100,100,100,100,100,100,100,100,100,,100,,,,
NA,DTL,Y,A,SM,100,100,100,100,100,100,100,,,100,100,100,100,100,100,100,100,100,,100,,,,
NA,DUCOL,Y,A,SM,100,100,100,100,100,100,100,,,100,100,100,100,100,100,100,100,100,,100,,,,
NA,DUCON,N,A,EQ,100,100,100,100,2,100,100,,,100,100,100,100,100,100,100,100,100,,100,,,,
NA,DUGLOBAL,Y,A,SM,100,100,100,100,100,100,100,,,100,100,100,100,100,100,100,100,100,,100,,,,
NA,DURLAX,Y,A,SM,100,100,100,100,100,100,100,,,100,100,100,100,100,100,100,100,100,,100,,,,
NA,DVL,N,A,EQ,100,100,100,100,100,100,100,,,100,100,100,100,100,100,100,100,100,,100,,,,
NA,DWARKESH,N,A,EQ,100,100,100,100,100,100,100,,,100,100,100,100,100,100,100,100,100,,100,,,,
NA,DYCL,N,A,EQ,100,100,100,100,100,100,100,,,100,100,100,100,100,100,100,100,100,,100,,,,
NA,DYNAMATECH,N,A,EQ,100,100,100,100,100,100,100,,,100,100,100,100,100,100,100,100,100,,100,,,,
NA,DYNAMIC,Y,A,SM,100,100,100,100,100,100,100,,,100,100,100,100,100,100,100,100,100,,100,,,,
NA,DYNPRO,N,A,EQ,100,100,100,100,100,100,100,,,100,100,100,100,100,100,100,100,100,,100,,,,
NA,E2E,N,A,BE,100,100,100,100,100,100,100,,,100,100,100,100,100,100,100,100,100,,100,,,,
NA,E2ERAIL,Y,A,SM,100,100,100,100,100,100,100,,,100,100,100,100,100,100,100,100,100,,100,,,,
NA,EASEMYTRIP,N,A,EQ,100,100,100,100,100,100,100,,,100,100,100,100,100,100,100,100,100,,100,,,,
NA,EASTSILK,N,A,BE,100,100,100,0,100,100,100,,,100,100,100,100,100,100,100,100,100,,100,,,,
NA,EASTWEST,N,A,EQ,100,100,100,100,100,100,100,,,100,100,100,100,100,100,100,100,100,,100,,,,
NA,EBGNG,N,A,EQ,100,100,100,100,100,100,100,,,100,100,100,100,100,100,100,100,100,,100,,,,
NA,EBIX,N,A,BE,100,100,100,100,100,100,100,,,100,100,100,100,100,100,100,100,100,,100,,,,
NA,ECLERX,N,A,EQ,100,100,100,100,100,100,100,,,100,100,100,100,100,100,100,100,100,,100,,,,
NA,ECOLINE,Y,A,SM,100,100,100,100,100,100,100,,,100,100,100,100,100,100,100,100,100,,100,,,,
NA,ECORECO,N,A,EQ,100,100,100,100,100,100,100,,,100,100,100,100,100,100,100,100,100,,100,,,,
NA,ECOSMOBLTY,N,A,EQ,100,100,100,100,100,100,100,,,100,100,100,100,100,100,100,100,100,,100,,,,
NA,EDELWEISS,N,A,EQ,100,100,100,100,100,100,100,,,100,100,100,100,100,100,100,100,100,,100,,,,
NA,EDUCOMP,N,S,BZ,0,100,100,0,100,100,100,,,100,100,100,100,100,100,100,0,100,,100,,,,
NA,EEPL,Y,A,ST,100,100,100,100,100,100,100,,,100,100,100,100,1,100,100,100,100,,100,,,,
NA,EFACTOR,Y,A,SM,100,100,100,100,100,100,100,,,100,100,100,100,100,100,100,100,100,,100,,,,
NA,EFCIL,N,A,EQ,100,100,100,100,100,100,100,,,100,100,100,100,100,100,100,100,100,,100,,,,
NA,EFFWA,Y,A,SM,100,100,100,100,100,100,100,,,100,100,100,100,100,100,100,100,100,,100,,,,
NA,EFORCE,Y,A,SM,100,100,100,100,100,100,100,,,100,100,100,100,100,100,100,100,100,,100,,,,
NA,EICHERMOT,N,A,EQ,100,100,100,100,100,100,100,,,100,100,100,100,100,100,100,100,100,,100,,,,
NA,EIDPARRY,N,A,EQ,100,100,100,100,100,100,100,,,100,100,100,100,100,100,100,100,100,,100,,,,
NA,EIEL,N,A,EQ,100,100,100,100,100,100,100,,,100,100,100,100,100,100,100,100,100,,100,,,,
NA,EIFFL,Y,A,BE,100,100,100,100,100,100,100,,,100,100,100,100,2,100,100,100,100,,100,,,,
NA,EIHAHOTELS,N,A,EQ,100,100,100,100,100,100,100,,,100,100,100,100,100,100,100,100,100,,100,,,,
NA,EIHOTEL,N,A,EQ,100,100,100,100,100,100,100,,,100,100,100,100,100,100,100,100,100,,100,,,,
NA,EIMCOELECO,N,A,EQ,100,100,100,100,100,100,100,,,100,100,100,100,100,100,100,100,100,,100,,,,
NA,EKC,N,A,EQ,100,100,100,100,100,100,100,,,100,100,100,100,100,100,100,100,100,,100,,,,
NA,EKI,N,A,BE,100,1,100,100,100,100,100,,,100,100,100,100,100,100,100,100,100,,100,,,,
NA,ELANTAS,N,A,EQ,100,100,100,100,100,100,100,,,100,100,100,100,100,100,100,100,100,,100,,,,
NA,ELCIDIN,N,A,EQ,100,100,100,100,100,100,100,,,100,100,100,100,100,100,100,100,100,,100,,,,
NA,ELDEHSG,N,A,EQ,100,100,100,100,100,100,100,,,100,100,100,100,100,100,100,100,100,,100,,,,
NA,ELECON,N,A,EQ,100,100,100,100,100,100,100,,,100,100,100,100,100,100,100,100,100,,100,,,,
NA,ELECTCAST,N,A,EQ,100,100,100,100,100,100,100,,,100,100,100,100,100,100,100,100,100,,100,,,,
NA,ELECTHERM,N,A,EQ,100,1,100,100,100,100,100,,,100,100,100,100,100,100,100,100,100,,100,,,,
NA,ELEVATE,N,A,EQ,100,100,100,100,100,100,100,,,100,100,100,100,100,100,100,100,100,,100,,,,
NA,ELGIEQUIP,N,A,EQ,100,100,100,100,100,100,100,,,100,100,100,100,100,100,100,100,100,,100,,,,
NA,ELGIRUBCO,Y,A,EQ,100,100,100,100,100,100,100,,,100,100,100,100,100,100,100,100,100,,100,,,,
NA,ELGNZ,Y,A,SM,100,100,100,100,100,100,100,,,100,100,100,100,100,100,100,100,100,,100,,,,
NA,ELIN,N,A,EQ,100,100,100,100,100,100,100,,,100,100,100,100,100,100,100,100,100,,100,,,,
NA,ELITECON,N,A,EQ,100,1,100,100,100,100,100,,,100,100,100,100,100,100,100,100,100,,100,,,,
NA,ELLEN,N,A,EQ,100,100,100,100,100,100,100,,,100,100,100,100,100,100,100,100,100,,100,,,,
NA,ELPROINTL,N,A,EQ,100,100,100,100,100,100,100,,,100,100,100,100,100,100,100,100,100,,100,,,,
NA,EMAMILTD,N,A,EQ,100,100,100,100,100,100,100,,,100,100,100,100,100,100,100,100,100,,100,,,,
NA,EMAMIPAP,N,A,BE,100,100,100,100,100,100,100,,,100,100,100,100,1,100,100,100,100,,100,,,,
NA,EMAMIREAL,N,A,EQ,0,100,100,100,100,100,100,,,100,100,100,100,100,0,100,100,100,,100,,,,
NA,EMAPARTNER,Y,A,SM,100,100,100,100,100,100,100,,,100,100,100,100,100,100,100,100,100,,100,,,,
NA,EMBDL,N,A,EQ,100,100,100,100,100,100,100,,,100,100,100,100,100,0,100,100,100,,100,,,,
NA,EMCURE,N,A,EQ,100,100,100,100,100,100,100,,,100,100,100,100,100,100,100,100,100,,100,,,,
NA,EMIL,N,A,EQ,100,100,100,100,100,100,100,,,100,100,100,100,100,100,100,100,100,,100,,,,
NA,EMKAY,N,A,EQ,100,100,100,100,100,100,100,,,100,100,100,100,100,100,100,100,100,,100,,,,
NA,EMKAYTOOLS,Y,A,SM,100,100,100,100,100,100,100,,,100,100,100,100,100,100,100,100,100,,100,,,,
NA,EMMBI,N,A,BE,100,100,100,100,100,100,100,,,100,100,100,100,1,100,100,100,100,,100,,,,
NA,EMMIL,Y,A,SM,100,100,100,100,100,100,100,,,100,100,100,100,100,100,100,100,100,,100,,,,
NA,EMMVEE,N,A,EQ,100,100,100,100,100,100,100,,,100,100,100,100,100,100,100,100,100,,100,,,,
NA,EMPIND,N,A,EQ,100,100,100,100,100,100,100,,,100,100,100,100,100,100,100,100,100,,100,,,,
NA,EMPOWER,N,A,EQ,100,100,100,100,100,100,100,,,100,100,100,100,100,100,100,100,100,,100,,,,
NA,EMSLIMITED,N,A,EQ,100,100,100,100,100,100,100,,,100,100,100,100,100,100,100,100,100,,100,,,,
NA,EMUDHRA,N,A,EQ,100,100,100,100,100,100,100,,,100,100,100,100,100,100,100,100,100,,100,,,,
NA,ENCOMPAS,Y,A,SM,100,100,100,100,100,100,100,,,100,100,100,100,100,100,100,100,100,,100,,,,
NA,ENDURANCE,N,A,EQ,100,100,100,100,100,100,100,,,100,100,100,100,100,100,100,100,100,,100,,,,
NA,ENERGYDEV,N,A,EQ,100,100,100,100,100,100,100,,,100,100,100,100,100,100,100,100,100,,100,,,,
NA,ENFUSE,Y,A,SM,100,100,100,100,100,100,100,,,100,100,100,100,100,100,100,100,100,,100,,,,
NA,ENGINERSIN,N,A,EQ,100,100,100,100,100,100,100,,,100,100,100,100,100,100,100,100,100,,100,,,,
NA,ENIL,N,A,EQ,100,100,100,100,100,100,100,,,100,100,100,100,100,100,100,100,100,,100,,,,
NA,ENKEIWHEL,N,A,EQ,100,100,100,100,100,100,100,,,100,100,100,100,100,100,100,100,100,,100,,,,
NA,ENRIN,N,A,EQ,100,100,100,100,100,100,100,,,100,100,100,100,100,100,100,100,100,,100,,,,
NA,ENSER,Y,A,SM,100,100,100,100,100,100,100,,,100,100,100,100,100,100,100,100,100,,100,,,,
NA,ENTERO,N,A,EQ,100,100,100,100,100,100,100,,,100,100,100,100,100,100,100,100,100,,100,,,,
NA,ENVIRO,Y,A,SM,100,100,100,100,100,100,100,,,100,100,100,100,100,100,100,100,100,,100,,,,
NA,EPACK,N,A,EQ,100,100,100,100,100,100,100,,,100,100,100,100,100,100,100,100,100,,100,,,,
NA,EPACKPEB,N,A,EQ,100,100,100,100,100,100,100,,,100,100,100,100,100,100,100,100,100,,100,,,,
NA,EPIGRAL,N,A,EQ,100,100,100,100,100,100,100,,,100,100,100,100,100,100,100,100,100,,100,,,,
NA,EPL,N,A,EQ,100,100,100,100,100,100,100,,,100,100,100,100,100,100,100,100,100,,100,,,,
NA,EPWINDIA,Y,A,SM,100,100,100,100,100,100,100,,,100,100,100,100,100,100,100,100,100,,100,,,,
NA,EQUIPPP,N,A,BE,0,100,100,0,100,100,100,,,100,100,100,100,100,100,100,100,100,,100,,,,
NA,EQUITASBNK,N,A,EQ,100,100,100,100,100,100,100,,,100,100,100,100,100,100,100,100,100,,100,,,,
NA,ERIS,N,A,EQ,100,100,100,100,100,100,100,,,100,100,100,100,100,100,100,100,100,,100,,,,
NA,ESABINDIA,N,A,EQ,100,100,100,100,100,100,100,,,100,100,100,100,100,100,100,100,100,,100,,,,
NA,ESAFSFB,N,A,BE,100,100,100,100,100,100,100,,,100,100,100,100,100,100,100,100,100,,100,,,,
NA,ESCONET,Y,A,ST,100,100,100,100,100,100,100,,,100,100,100,100,1,100,100,100,100,,100,,,,
NA,ESCORTS,N,A,EQ,100,100,100,100,100,100,100,,,100,100,100,100,100,100,100,100,100,,100,,,,
NA,ESDS,N,A,EQ,100,1,100,100,100,100,100,,,100,100,100,100,100,100,100,100,100,,100,,,,
NA,ESFL,Y,A,SM,100,100,100,100,100,100,100,,,100,100,100,100,100,100,100,100,100,,100,,,,
NA,ESPRIT,Y,A,SM,100,100,100,100,100,100,100,,,100,100,100,100,100,100,100,100,100,,100,,,,
NA,ESSARSHPNG,N,A,EQ,100,100,100,100,100,100,100,,,100,100,100,100,100,100,100,100,100,,100,,,,
NA,ESSENTIA,N,A,EQ,100,100,100,100,100,100,100,,,100,100,100,100,100,100,100,100,100,,100,,,,
NA,ESTER,N,A,EQ,100,100,100,100,100,100,100,,,100,100,100,100,100,100,100,100,100,,100,,,,
NA,ETERNAL,N,A,EQ,100,100,100,100,100,100,100,,,100,100,100,100,100,100,100,100,100,,100,,,,
NA,ETHOSLTD,N,A,EQ,100,100,100,100,100,100,100,,,100,100,100,100,100,100,100,100,100,,100,,,,
NA,ETL,Y,A,SM,100,100,100,100,100,100,100,,,100,100,100,100,100,100,100,100,100,,100,,,,
NA,ETML,Y,A,SM,100,100,100,100,100,100,100,,,100,100,100,100,100,100,100,100,100,,100,,,,
NA,EUREKAFORB,N,A,EQ,100,100,100,100,100,100,100,,,100,100,100,100,100,100,0,100,100,,100,,,,
NA,EUROBOND,N,A,EQ,100,100,100,100,100,100,100,,,100,100,100,100,100,100,100,100,100,,100,,,,
NA,EUROPRATIK,N,A,EQ,100,100,100,100,100,100,100,,,100,100,100,100,100,100,100,100,100,,100,,,,
NA,EUROTEXIND,N,A,EQ,0,100,100,100,100,100,100,,,100,100,100,100,100,100,100,100,100,,100,,,,
NA,EVEREADY,N,A,EQ,100,100,100,100,100,100,100,,,100,100,100,100,100,100,100,100,100,,100,,,,
NA,EVERESTIND,N,A,BE,100,100,100,100,100,100,100,,,100,100,100,100,1,100,100,100,100,,100,,,,
NA,EXCELINDUS,N,A,EQ,100,100,100,100,100,100,100,,,100,100,100,100,100,100,100,100,100,,100,,,,
NA,EXCELLENT,Y,A,ST,100,100,100,100,100,100,100,,,100,100,100,100,1,100,100,100,100,,100,,,,
NA,EXCELSOFT,N,A,EQ,100,100,100,100,100,100,100,,,100,100,100,100,100,100,100,100,100,,100,,,,
NA,EXICOM,N,A,EQ,100,1,100,100,100,100,100,,,100,100,100,100,100,0,100,100,100,,100,,,,
NA,EXIDEIND,N,A,EQ,100,100,100,100,100,100,100,,,100,100,100,100,100,100,100,100,100,,100,,,,
NA,EXIMROUTES,Y,A,SM,100,100,100,100,100,100,100,,,100,100,100,100,100,100,100,100,100,,100,,,,
NA,EXPLEOSOL,N,A,EQ,100,100,100,100,100,100,100,,,100,100,100,100,100,100,100,100,100,,100,,,,
NA,EXXARO,N,A,EQ,100,100,100,100,100,100,100,,,100,100,100,100,100,100,100,100,100,,100,,,,
NA,FABTECH,N,A,EQ,100,100,100,100,100,100,100,,,100,100,100,100,100,100,100,100,100,,100,,,,
NA,FACT,N,A,EQ,100,100,100,100,100,100,100,,,100,100,100,100,100,100,100,100,100,,100,,,,
NA,FAIRCHEMOR,N,A,BE,100,100,100,100,100,100,100,,,100,100,100,100,1,100,100,100,100,,100,,,,
NA,FALCONTECH,Y,A,SM,100,100,100,100,100,100,100,,,100,100,100,100,100,100,100,100,100,,100,,,,
NA,FASCINATE,Y,A,SM,100,100,100,100,1,100,100,,,100,100,100,100,100,100,100,100,100,,100,,,,
NA,FAZE3Q,N,A,EQ,100,100,100,100,100,100,100,,,100,100,100,100,100,100,100,100,100,,100,,,,
NA,FCL,N,A,EQ,100,100,100,100,100,100,100,,,100,100,100,100,100,100,100,100,100,,100,,,,
NA,FCSSOFT,N,A,EQ,100,100,100,100,100,100,100,,,100,100,100,100,100,100,100,100,100,,100,,,,
NA,FDC,N,A,EQ,100,100,100,100,100,100,100,,,100,100,100,100,100,100,100,100,100,,100,,,,
NA,FEDDERSHOL,N,A,EQ,100,100,100,100,100,100,100,,,100,100,100,100,100,100,100,100,100,,100,,,,
NA,FEDERALBNK,N,A,EQ,100,100,100,100,100,100,100,,,100,100,100,100,100,100,100,100,100,,100,,,,
NA,FEDFINA,N,A,EQ,100,100,100,100,100,100,100,,,100,100,100,100,100,100,100,100,100,,100,,,,
NA,FEL,N,A,BZ,0,100,100,0,100,100,100,,,100,100,100,100,100,100,100,0,100,,100,,,,
NA,FELDVR,N,A,BZ,0,100,100,0,100,100,100,,,100,100,100,100,100,100,100,0,100,,100,,,,
NA,FELIX,Y,A,SM,100,100,100,100,100,100,100,,,100,100,100,100,100,100,100,100,100,,100,,,,
NA,FERMENTA,N,A,EQ,100,100,100,100,100,100,100,,,100,100,100,100,100,100,100,100,100,,100,,,,
NA,FIBERWEB,N,A,EQ,100,100,100,100,100,100,100,,,100,100,100,100,100,100,100,100,100,,100,,,,
NA,FIDEL,Y,A,SM,100,100,100,100,100,100,100,,,100,100,100,100,100,100,100,100,100,,100,,,,
NA,FIEMIND,N,A,EQ,100,100,100,100,100,100,100,,,100,100,100,100,100,100,100,100,100,,100,,,,
NA,FILATEX,N,A,EQ,100,1,100,100,100,100,100,,,100,100,100,100,100,100,100,100,100,,100,,,,
NA,FILATFASH,N,A,EQ,100,100,100,100,100,100,100,,,100,100,100,100,100,100,100,100,100,,100,,,,
NA,FINBUD,Y,A,SM,100,100,100,100,100,100,100,,,100,100,100,100,100,100,100,100,100,,100,,,,
NA,FINCABLES,N,A,EQ,100,100,100,100,100,100,100,,,100,100,100,100,100,100,100,100,100,,100,,,,
NA,FINEORG,N,A,EQ,100,100,100,100,100,100,100,,,100,100,100,100,100,100,100,100,100,,100,,,,
NA,FINKURVE,N,A,EQ,100,100,100,100,100,100,100,,,100,100,100,100,100,100,100,100,100,,100,,,,
NA,FINOPB,N,A,EQ,100,100,100,100,100,100,100,,,100,100,100,100,100,100,100,100,100,,100,,,,
NA,FINPIPE,N,A,EQ,100,100,100,100,100,100,100,,,100,100,100,100,100,100,100,100,100,,100,,,,
NA,FIRSTCRY,N,A,EQ,100,100,100,100,100,100,100,,,100,100,100,100,100,0,100,100,100,,100,,,,
NA,FISCHER,N,A,EQ,100,100,100,100,100,100,100,,,100,100,100,100,100,100,100,100,100,,100,,,,
NA,FIVESTAR,N,A,EQ,100,100,100,100,100,100,100,,,100,100,100,100,100,100,100,100,100,,100,,,,
NA,FLAIR,N,A,EQ,100,100,100,100,100,100,100,,,100,100,100,100,100,100,100,100,100,,100,,,,
NA,FLEXITUFF,N,A,BE,0,100,100,100,100,100,100,,,100,100,100,100,2,0,100,100,100,,100,,,,
NA,FLFL,N,A,BZ,0,100,100,0,100,100,100,,,100,100,100,100,100,100,100,0,100,,100,,,,
NA,FLUOROCHEM,N,A,EQ,100,100,100,100,100,100,100,,,100,100,100,100,100,100,100,100,100,,100,,,,
NA,FLYSBS,Y,A,SM,100,100,100,100,100,100,100,,,100,100,100,100,100,100,100,100,100,,100,,,,
NA,FMGOETZE,N,A,EQ,100,100,100,100,100,100,100,,,100,100,100,100,100,100,100,100,100,,100,,,,
NA,FMNL,N,A,EQ,100,100,100,100,100,100,100,,,100,100,100,100,100,100,0,100,100,,100,,,,
NA,FOCE,Y,A,SM,100,100,100,100,100,100,100,,,100,100,100,100,100,100,100,100,100,,100,,,,
NA,FOCUS,Y,A,BE,100,100,100,100,100,100,100,,,100,100,100,100,1,100,100,100,100,,100,,,,
NA,FONEBOX,Y,A,ST,100,100,100,100,100,100,100,,,100,100,100,100,1,100,100,100,100,,100,,,,
NA,FOODSIN,N,A,EQ,100,100,100,100,100,100,100,,,100,100,100,100,100,100,100,100,100,,100,,,,
NA,FORCAS,Y,A,ST,100,100,100,100,100,100,100,,,100,100,100,100,1,100,100,100,100,,100,,,,
NA,FORCEMOT,N,A,EQ,100,100,100,100,100,100,100,,,100,100,100,100,100,100,100,100,100,,100,,,,
NA,FORGEAUTO,Y,A,SM,100,100,100,100,100,100,100,,,100,100,100,100,100,100,100,100,100,,100,,,,
NA,FORTIS,N,A,EQ,100,100,100,100,100,100,100,,,100,100,100,100,100,100,100,100,100,,100,,,,
NA,FOSECOIND,N,A,EQ,100,100,100,100,100,100,100,,,100,100,100,100,100,100,100,100,100,,100,,,,
NA,FRACTAL,N,A,EQ,100,100,100,100,100,100,100,,,100,100,100,100,100,100,100,100,100,,100,,,,
NA,FREDUN,N,A,EQ,100,100,100,100,100,100,100,,,100,100,100,100,100,100,100,100,100,,100,,,,
NA,FRESHARA,Y,A,ST,100,100,100,100,100,100,100,,,100,100,100,100,1,100,100,100,100,,100,,,,
NA,FROG,Y,A,SM,100,100,100,100,100,100,100,,,100,100,100,100,100,100,100,100,100,,100,,,,
NA,FRONTSP,N,A,EQ,100,100,100,100,1,100,100,,,100,100,100,100,100,100,100,100,100,,100,,,,
NA,FSL,N,A,EQ,100,100,100,100,100,100,100,,,100,100,100,100,100,100,100,100,100,,100,,,,
NA,FUSION,N,A,EQ,100,100,100,100,100,100,100,,,100,100,100,100,100,100,100,100,100,,100,,,,
NA,FWSTC,Y,A,SM,100,100,100,100,100,100,100,,,100,100,100,100,100,100,100,100,100,,100,,,,
NA,GABRIEL,N,A,EQ,100,100,100,100,100,100,100,,,100,100,100,100,100,100,100,100,100,,100,,,,
NA,GAEL,N,A,EQ,100,100,100,100,100,100,100,,,100,100,100,100,100,100,100,100,100,,100,,,,
NA,GAIL,N,A,EQ,100,100,100,100,100,100,100,,,100,100,100,100,100,100,100,100,100,,100,,,,
NA,GAJA,N,A,EQ,100,100,100,100,100,100,100,,,100,100,100,100,100,100,100,100,100,,100,,,,
NA,GAJANAND,Y,A,SM,100,100,100,100,100,100,100,,,100,100,100,100,100,100,100,100,100,,100,,,,
NA,GALAPREC,N,A,EQ,100,100,100,100,100,100,100,,,100,100,100,100,100,100,100,100,100,,100,,,,
NA,GALAXYSURF,N,A,EQ,100,100,100,100,100,100,100,,,100,100,100,100,100,100,100,100,100,,100,,,,
NA,GALLANTT,N,A,EQ,100,100,100,100,100,100,100,,,100,100,100,100,100,100,100,100,100,,100,,,,
NA,GANDHAR,N,A,EQ,100,1,100,100,100,100,100,,,100,100,100,100,100,100,100,100,100,,100,,,,
NA,GANDHITUBE,N,A,EQ,100,100,100,100,100,100,100,,,100,100,100,100,100,100,100,100,100,,100,,,,
NA,GANECOS,N,A,EQ,100,100,100,100,100,100,100,,,100,100,100,100,100,100,100,100,100,,100,,,,
NA,GANESHBE,N,A,BE,100,100,100,100,100,100,100,,,100,100,100,100,1,100,100,100,100,,100,,,,
NA,GANESHCP,N,A,EQ,100,100,100,100,100,100,100,,,100,100,100,100,100,100,100,100,100,,100,,,,
NA,GANESHHOU,N,A,EQ,100,100,100,100,100,100,100,,,100,100,100,100,100,100,100,100,100,,100,,,,
NA,GANESHIN,Y,A,SM,100,100,100,100,100,100,100,,,100,100,100,100,100,100,100,100,100,,100,,,,
NA,GANGABATH,Y,A,SM,100,100,100,100,100,100,100,,,100,100,100,100,100,100,100,100,100,,100,,,,
NA,GANGAFORGE,Y,A,EQ,100,1,100,100,100,100,100,,,100,100,100,100,100,100,100,100,100,,100,,,,
NA,GANGESSECU,N,A,EQ,100,100,100,100,100,100,100,,,100,100,100,100,100,100,100,100,100,,100,,,,
NA,GARFIBRES,N,A,EQ,100,100,100,100,100,100,100,,,100,100,100,100,100,100,100,100,100,,100,,,,
NA,GARUDA,N,A,EQ,100,100,100,100,100,100,100,,,100,100,100,100,100,100,100,100,100,,100,,,,
NA,GATECH,N,A,BE,100,100,100,100,100,100,100,,,100,100,100,100,1,100,100,100,100,,100,,,,
NA,GATECHDVR,N,A,BE,100,100,100,100,100,100,100,,,100,100,100,100,1,100,100,100,100,,100,,,,
NA,GATEWAY,N,A,EQ,100,100,100,100,100,100,100,,,100,100,100,100,100,100,100,100,100,,100,,,,
NA,GAUDIUMIVF,N,A,EQ,100,100,100,100,100,100,100,,,100,100,100,100,100,100,100,100,100,,100,,,,
NA,GAYAHWS,N,A,EQ,0,100,100,100,100,100,100,,,100,100,100,100,100,100,100,100,100,,100,,,,
NA,GAYAPROJ,N,A,EQ,100,1,100,100,100,100,100,,,100,100,100,100,100,100,100,100,100,,100,,,,
NA,GCHOTELS,Y,A,SM,100,100,100,100,100,100,100,,,100,100,100,100,100,100,100,100,100,,100,,,,
NA,GCSL,N,A,EQ,100,1,100,100,100,100,100,,,100,100,100,100,100,100,100,100,100,,100,,,,
NA,GEECEE,N,A,BE,100,100,100,100,100,100,100,,,100,100,100,100,1,100,100,100,100,,100,,,,
NA,GEEKAYWIRE,Y,A,EQ,100,100,100,100,1,100,100,,,100,100,100,100,100,100,100,100,100,,100,,,,
NA,GEMAROMA,N,A,EQ,100,100,100,100,100,100,100,,,100,100,100,100,100,100,100,100,100,,100,,,,
NA,GENCON,N,A,EQ,100,100,100,100,100,100,100,,,100,100,100,100,100,100,100,100,100,,100,,,,
NA,GENESYS,N,A,EQ,100,100,100,100,1,100,100,,,100,100,100,100,100,100,100,100,100,,100,,,,
NA,GENSOL,N,A,BZ,0,100,100,0,100,100,100,,,100,100,100,100,100,100,100,0,100,,100,,,,
NA,GENUSPAPER,N,A,EQ,100,100,100,100,100,100,100,,,100,100,100,100,100,100,100,100,100,,100,,,,
NA,GENUSPOWER,N,A,EQ,100,100,100,100,100,100,100,,,100,100,100,100,100,100,100,100,100,,100,,,,
NA,GENXAI,Y,A,SM,100,100,100,100,100,100,100,,,100,100,100,100,100,100,100,100,100,,100,,,,
NA,GEOJITFSL,N,A,EQ,100,100,100,100,100,100,100,,,100,100,100,100,100,100,100,100,100,,100,,,,
NA,GESHIP,N,A,EQ,100,100,100,100,100,100,100,,,100,100,100,100,100,100,100,100,100,,100,,,,
NA,GFLLIMITED,N,A,EQ,100,100,100,100,100,100,100,,,100,100,100,100,100,100,100,100,100,,100,,,,
NA,GFSTEELS,N,A,BE,100,100,100,100,100,100,100,,,100,100,100,100,2,100,100,100,100,,100,,,,
NA,GGBL,Y,A,SM,100,100,100,100,100,100,100,,,100,100,100,100,100,100,100,100,100,,100,,,,
NA,GHCL,N,A,EQ,100,100,100,100,100,100,100,,,100,100,100,100,100,100,100,100,100,,100,,,,
NA,GHCLTEXTIL,N,A,EQ,100,100,100,100,100,100,100,,,100,100,100,100,100,100,100,100,100,,100,,,,
NA,GICHSGFIN,N,A,EQ,100,100,100,100,100,100,100,,,100,100,100,100,100,100,100,100,100,,100,,,,
NA,GICL,Y,A,BE,100,100,100,100,100,100,100,,,100,100,100,100,1,100,100,100,100,,100,,,,
NA,GICRE,N,A,EQ,100,100,100,100,100,100,100,,,100,100,100,100,100,100,100,100,100,,100,,,,
NA,GILLANDERS,N,A,EQ,100,100,100,100,100,100,100,,,100,100,100,100,100,100,100,100,100,,100,,,,
NA,GILLETTE,N,A,EQ,100,100,100,100,100,100,100,,,100,100,100,100,100,100,100,100,100,,100,,,,
NA,GINNIFILA,N,A,BE,100,100,100,100,100,100,100,,,100,100,100,100,1,100,100,100,100,,100,,,,
NA,GIPCL,N,A,EQ,100,100,100,100,100,100,100,,,100,100,100,100,100,100,100,100,100,,100,,,,
NA,GIRIRAJ,Y,A,SM,100,100,100,100,100,100,100,,,100,100,100,100,100,100,100,100,100,,100,,,,
NA,GJL,Y,A,ST,100,100,100,100,100,100,100,,,100,100,100,100,1,100,100,100,100,,100,,,,
NA,GKB,N,A,EQ,100,100,100,100,100,100,100,,,100,100,100,100,100,100,100,100,100,,100,,,,
NA,GKENERGY,N,A,EQ,100,100,100,100,100,100,100,,,100,100,100,100,100,100,100,100,100,,100,,,,
NA,GKSL,N,A,EQ,100,100,100,100,100,100,100,,,100,100,100,100,100,100,100,100,100,,100,,,,
NA,GKWLIMITED,Y,A,EQ,100,100,100,100,100,100,100,,,100,100,100,100,100,100,100,100,100,,100,,,,
NA,GLAND,N,A,EQ,100,100,100,100,100,100,100,,,100,100,100,100,100,100,100,100,100,,100,,,,
NA,GLASSWALL,N,A,EQ,100,100,100,100,100,100,100,,,100,100,100,100,100,100,100,100,100,,100,,,,
NA,GLAXO,N,A,EQ,100,100,100,100,100,100,100,,,100,100,100,100,100,100,100,100,100,,100,,,,
NA,GLENMARK,N,A,EQ,100,100,100,100,100,100,100,,,100,100,100,100,100,100,100,100,100,,100,,,,
NA,GLFL,N,A,EQ,0,100,100,100,100,100,100,,,100,100,100,100,100,100,100,100,100,,100,,,,
NA,GLOBAL,Y,A,EQ,100,100,100,100,100,100,100,,,100,100,100,100,100,100,100,100,100,,100,,,,
NA,GLOBALE,N,A,EQ,0,100,100,100,100,100,100,,,100,100,100,100,100,100,100,100,100,,100,,,,
NA,GLOBALPET,Y,A,SM,100,100,100,100,100,100,100,,,100,100,100,100,100,100,100,100,100,,100,,,,
NA,GLOBALVECT,N,A,EQ,100,100,100,100,100,100,100,,,100,100,100,100,100,100,100,100,100,,100,,,,
NA,GLOBE,Y,A,EQ,100,100,100,100,1,100,100,,,100,100,100,100,100,100,100,100,100,,100,,,,
NA,GLOBECIVIL,N,A,EQ,100,100,100,100,100,100,100,,,100,100,100,100,100,100,100,100,100,,100,,,,
NA,GLOBUSSPR,N,A,EQ,100,100,100,100,100,100,100,,,100,100,100,100,100,100,100,100,100,,100,,,,
NA,GLOSTERLTD,N,A,EQ,100,100,100,100,100,100,100,,,100,100,100,100,100,100,100,100,100,,100,,,,
NA,GLOTTIS,N,A,EQ,100,100,100,100,100,100,100,,,100,100,100,100,100,100,100,100,100,,100,,,,
NA,GMBREW,N,A,EQ,100,100,100,100,100,100,100,,,100,100,100,100,100,100,100,100,100,,100,,,,
NA,GMDCLTD,N,A,EQ,100,100,100,100,100,100,100,,,100,100,100,100,100,100,100,100,100,,100,,,,
NA,GML,Y,A,SM,100,100,100,100,100,100,100,,,100,100,100,100,100,100,100,100,100,,100,,,,
NA,GMMPFAUDLR,N,A,EQ,100,100,100,100,1,100,100,,,100,100,100,100,100,100,100,100,100,,100,,,,
NA,GMRAIRPORT,N,A,EQ,100,100,100,100,100,100,100,,,100,100,100,100,100,100,100,100,100,,100,,,,
NA,GMRP&UI,N,A,EQ,100,100,100,100,100,100,100,,,100,100,100,100,100,100,100,100,100,,100,,,,
NA,GNA,N,A,EQ,100,1,100,100,100,100,100,,,100,100,100,100,100,100,100,100,100,,100,,,,
NA,GNFC,N,A,EQ,100,100,100,100,100,100,100,,,100,100,100,100,100,100,100,100,100,,100,,,,
NA,GNRL,N,A,EQ,100,100,100,100,100,100,100,,,100,100,100,100,100,100,100,100,100,,100,,,,
NA,GOACARBON,N,A,EQ,100,1,100,100,100,100,100,,,100,100,100,100,100,100,0,100,100,,100,,,,
NA,GOCLCORP,N,A,EQ,100,100,100,100,100,100,100,,,100,100,100,100,100,100,100,100,100,,100,,,,
NA,GOCOLORS,N,A,EQ,100,100,100,100,100,100,100,,,100,100,100,100,100,100,100,100,100,,100,,,,
NA,GODAVARIB,N,A,EQ,100,100,100,100,100,100,100,,,100,100,100,100,100,100,100,100,100,,100,,,,
NA,GODFRYPHLP,N,A,EQ,100,100,100,100,100,100,100,,,100,100,100,100,100,100,100,100,100,,100,,,,
NA,GODIGIT,N,A,EQ,100,100,100,100,100,100,100,,,100,100,100,100,100,100,100,100,100,,100,,,,
NA,GODREJAGRO,N,A,EQ,100,100,100,100,100,100,100,,,100,100,100,100,100,100,100,100,100,,100,,,,
NA,GODREJCP,N,A,EQ,100,100,100,100,100,100,100,,,100,100,100,100,100,100,100,100,100,,100,,,,
NA,GODREJIND,N,A,EQ,100,100,100,100,100,100,100,,,100,100,100,100,100,100,100,100,100,,100,,,,
NA,GODREJPROP,N,A,EQ,100,100,100,100,100,100,100,,,100,100,100,100,100,100,100,100,100,,100,,,,
NA,GOKEX,N,A,EQ,100,100,100,100,100,100,100,,,100,100,100,100,100,100,100,100,100,,100,,,,
NA,GOKUL,N,A,EQ,100,100,100,100,100,100,100,,,100,100,100,100,100,100,100,100,100,,100,,,,
NA,GOKULAGRO,N,A,EQ,100,100,100,100,100,100,100,,,100,100,100,100,100,100,100,100,100,,100,,,,
NA,GOLDENTOBC,N,A,BZ,0,100,100,0,100,100,100,,,100,100,100,100,100,100,100,0,100,,100,,,,
NA,GOLDIAM,N,A,EQ,100,100,100,100,100,100,100,,,100,100,100,100,100,100,100,100,100,,100,,,,
NA,GOLDKART,Y,A,SM,100,1,100,100,100,100,100,,,100,100,100,100,100,100,100,100,100,,100,,,,
NA,GOLDSTAR,Y,A,SM,100,100,100,100,1,100,100,,,100,100,100,100,100,100,100,100,100,,100,,,,
NA,GOLDTECH,N,A,BE,100,100,100,100,100,100,100,,,100,100,100,100,2,100,100,100,100,,100,,,,
NA,GOODLUCK,N,A,EQ,100,100,100,100,100,100,100,,,100,100,100,100,100,100,100,100,100,,100,,,,
NA,GOODYEAR,N,A,EQ,100,100,100,100,100,100,100,,,100,100,100,100,100,100,100,100,100,,100,,,,
NA,GOPAL,N,A,EQ,100,100,100,100,100,100,100,,,100,100,100,100,100,100,100,100,100,,100,,,,
NA,GOYALALUM,N,A,EQ,100,100,100,100,100,100,100,,,100,100,100,100,100,100,100,100,100,,100,,,,
NA,GOYALSALT,Y,A,SM,100,100,100,100,100,100,100,,,100,100,100,100,100,100,100,100,100,,100,,,,
NA,GPECO,Y,A,SM,100,100,100,100,100,100,100,,,100,100,100,100,100,100,100,100,100,,100,,,,
NA,GPIL,N,A,EQ,100,100,100,100,100,100,100,,,100,100,100,100,100,100,100,100,100,,100,,,,
NA,GPPL,N,A,EQ,100,100,100,100,100,100,100,,,100,100,100,100,100,100,100,100,100,,100,,,,
NA,GPTHEALTH,N,A,EQ,100,100,100,100,100,100,100,,,100,100,100,100,100,100,100,100,100,,100,,,,
NA,GPTINFRA,N,A,EQ,100,100,100,100,100,100,100,,,100,100,100,100,100,100,100,100,100,,100,,,,
NA,GRADIENTE,Y,A,BE,100,100,100,100,100,100,100,,,100,100,100,100,1,100,100,100,100,,100,,,,
NA,GRANDOAK,N,A,EQ,100,100,100,100,100,100,100,,,100,100,100,100,100,100,100,100,100,,100,,,,
NA,GRANULES,N,A,EQ,100,100,100,100,100,100,100,,,100,100,100,100,100,100,100,100,100,,100,,,,
NA,GRAPHISAD,Y,A,SM,100,100,100,100,100,100,100,,,100,100,100,100,100,100,100,100,100,,100,,,,
NA,GRAPHITE,N,A,EQ,100,100,100,100,100,100,100,,,100,100,100,100,100,100,100,100,100,,100,,,,
NA,GRASIM,N,A,EQ,100,100,100,100,100,100,100,,,100,100,100,100,100,100,100,100,100,,100,,,,
NA,GRAUWEIL,N,A,EQ,100,100,100,100,100,100,100,,,100,100,100,100,100,100,100,100,100,,100,,,,
NA,GRAVISSHO,N,A,BE,100,100,100,100,100,100,100,,,100,100,100,100,1,100,100,100,100,,100,,,,
NA,GRAVITA,N,A,EQ,100,100,100,100,100,100,100,,,100,100,100,100,100,100,100,100,100,,100,,,,
NA,GRCL,Y,A,SM,100,100,100,100,100,100,100,,,100,100,100,100,100,100,100,100,100,,100,,,,
NA,GREAVESCOT,N,A,EQ,100,100,100,100,100,100,100,,,100,100,100,100,100,100,100,100,100,,100,,,,
NA,GREENCHEF,Y,A,SM,100,1,100,100,100,100,100,,,100,100,100,100,100,100,100,100,100,,100,,,,
NA,GREENLAM,N,A,EQ,100,100,100,100,100,100,100,,,100,100,100,100,100,100,100,100,100,,100,,,,
NA,GREENLEAF,Y,A,SM,100,100,100,100,100,100,100,,,100,100,100,100,100,100,100,100,100,,100,,,,
NA,GREENPANEL,N,A,EQ,100,100,100,100,100,100,100,,,100,100,100,100,100,100,100,100,100,,100,,,,
NA,GREENPLY,N,A,EQ,100,100,100,100,100,100,100,,,100,100,100,100,100,100,100,100,100,,100,,,,
NA,GREENPOWER,N,A,EQ,100,100,100,100,100,100,100,,,100,100,100,100,100,100,100,100,100,,100,,,,
NA,GRETEX,Y,A,SM,100,100,100,100,100,100,100,,,100,100,100,100,100,100,100,100,100,,100,,,,
NA,GRINDWELL,N,A,EQ,100,100,100,100,100,100,100,,,100,100,100,100,100,100,100,100,100,,100,,,,
NA,GRINFRA,N,A,EQ,100,100,100,100,100,100,100,,,100,100,100,100,100,100,100,100,100,,100,,,,
NA,GRMOVER,N,A,EQ,100,100,100,100,100,100,100,,,100,100,100,100,100,100,100,100,100,,100,,,,
NA,GROBTEA,Y,A,EQ,100,100,100,100,100,100,100,,,100,100,100,100,100,100,100,100,100,,100,,,,
NA,GROWW,N,A,EQ,100,100,100,100,100,100,100,,,100,100,100,100,100,100,100,100,100,,100,,,,
NA,GRPLTD,N,A,EQ,100,100,100,100,100,100,100,,,100,100,100,100,100,100,100,100,100,,100,,,,
NA,GRSE,N,A,EQ,100,100,100,100,100,100,100,,,100,100,100,100,100,100,100,100,100,,100,,,,
NA,GRWRHITECH,N,A,EQ,100,100,100,100,100,100,100,,,100,100,100,100,100,100,100,100,100,,100,,,,
NA,GSFC,N,A,EQ,100,100,100,100,100,100,100,,,100,100,100,100,100,100,100,100,100,,100,,,,
NA,GSLSU,N,A,EQ,100,1,100,100,100,100,100,,,100,100,100,100,100,100,100,100,100,,100,,,,
NA,GSMFOILS,Y,A,SM,100,100,100,100,100,100,100,,,100,100,100,100,100,100,100,100,100,,100,,,,
NA,GSPCROP,N,A,EQ,100,100,100,100,100,100,100,,,100,100,100,100,100,100,100,100,100,,100,,,,
NA,GSPLTRANS,N,A,BE,100,100,100,100,100,100,100,,,100,100,100,100,100,100,100,100,100,,100,,,,
NA,GSS,N,A,EQ,100,100,100,100,100,100,100,,,100,100,100,100,100,100,100,100,100,,100,,,,
NA,GSTL,Y,A,SM,100,100,100,100,100,100,100,,,100,100,100,100,100,100,100,100,100,,100,,,,
NA,GTECJAINX,Y,A,EQ,0,100,100,100,100,100,100,,,100,100,100,100,100,100,100,100,100,,100,,,,
NA,GTL,N,A,EQ,100,100,100,100,100,100,100,,,100,100,100,100,100,100,100,100,100,,100,,,,
NA,GTLINFRA,N,A,EQ,100,100,100,100,100,100,100,,,100,100,100,100,100,100,100,100,100,,100,,,,
NA,GTPL,N,A,EQ,100,100,100,100,100,100,100,,,100,100,100,100,100,100,100,100,100,,100,,,,
NA,GUFICBIO,N,A,EQ,100,100,100,100,100,100,100,,,100,100,100,100,100,100,100,100,100,,100,,,,
NA,GUJALKALI,N,A,EQ,100,100,100,100,100,100,100,,,100,100,100,100,100,100,100,100,100,,100,,,,
NA,GUJAPOLLO,N,A,EQ,100,100,100,100,100,100,100,,,100,100,100,100,100,100,100,100,100,,100,,,,
NA,GUJENERGY,N,A,EQ,100,100,100,100,100,100,100,,,100,100,100,100,100,100,100,100,100,,100,,,,
NA,GUJRAFFIA,N,A,EQ,100,100,100,100,100,100,100,,,100,100,100,100,100,100,100,100,100,,100,,,,
NA,GUJTHEM,N,A,EQ,100,100,100,100,100,100,100,,,100,100,100,100,100,100,100,100,100,,100,,,,
NA,GULFOILLUB,N,A,EQ,100,100,100,100,100,100,100,,,100,100,100,100,100,100,100,100,100,,100,,,,
NA,GULFPETRO,N,A,BE,100,100,100,100,100,100,100,,,100,100,100,100,1,100,100,100,100,,100,,,,
NA,GULPOLY,N,A,EQ,100,100,100,100,100,100,100,,,100,100,100,100,100,100,100,100,100,,100,,,,
NA,GURUNANAK,Y,A,SM,100,100,100,100,100,100,100,,,100,100,100,100,100,100,100,100,100,,100,,,,
NA,GVKPIL,N,A,BE,0,100,100,0,100,100,100,,,100,100,100,100,100,100,100,100,100,,100,,,,
NA,GVPIL,N,A,EQ,100,100,100,100,100,100,100,,,100,100,100,100,100,100,100,100,100,,100,,,,
NA,GVPTECH,Y,A,BE,100,100,100,100,100,100,100,,,100,100,100,100,100,100,100,100,100,,100,,,,
NA,GVT&D,N,A,EQ,100,100,100,100,100,100,100,,,100,100,100,100,100,100,100,100,100,,100,,,,
NA,GYFTR,N,A,EQ,100,100,100,100,100,100,100,,,100,100,100,100,100,100,100,100,100,,100,,,,
NA,HAL,N,A,EQ,100,100,100,100,100,100,100,,,100,100,100,100,100,100,100,100,100,,100,,,,
NA,HALDER,N,A,EQ,100,100,100,100,100,100,100,,,100,100,100,100,100,100,100,100,100,,100,,,,
NA,HALDYNGL,N,A,EQ,100,100,100,100,100,100,100,,,100,100,100,100,100,100,100,100,100,,100,,,,
NA,HALEOSLABS,N,A,EQ,100,100,100,100,100,100,100,,,100,100,100,100,100,100,100,100,100,,100,,,,
NA,HAMPTON,N,A,EQ,100,100,100,100,100,100,100,,,100,100,100,100,100,100,100,100,100,,100,,,,
NA,HAPPSTMNDS,N,A,EQ,100,100,100,100,100,100,100,,,100,100,100,100,100,100,100,100,100,,100,,,,
NA,HAPPY,Y,A,SM,100,100,100,100,100,100,100,,,100,100,100,100,100,100,100,100,100,,100,,,,
NA,HAPPYFORGE,N,A,EQ,100,100,100,100,100,100,100,,,100,100,100,100,100,100,100,100,100,,100,,,,
NA,HARDWYN,N,A,EQ,100,100,100,100,100,100,100,,,100,100,100,100,100,100,100,100,100,,100,,,,
NA,HARIOMPIPE,N,A,EQ,100,100,100,100,100,100,100,,,100,100,100,100,100,100,100,100,100,,100,,,,
NA,HARRMALAYA,N,A,EQ,100,100,100,100,100,100,100,,,100,100,100,100,100,100,100,100,100,,100,,,,
NA,HARSHA,N,A,EQ,100,100,100,100,100,100,100,,,100,100,100,100,100,100,100,100,100,,100,,,,
NA,HATHWAY,N,A,EQ,100,100,100,100,100,100,100,,,100,100,100,100,100,100,100,100,100,,100,,,,
NA,HATSUN,N,A,EQ,100,100,100,100,100,100,100,,,100,100,100,100,100,100,100,100,100,,100,,,,
NA,HAVELLS,N,A,EQ,100,100,100,100,100,100,100,,,100,100,100,100,100,100,100,100,100,,100,,,,
NA,HAVISHA,N,A,EQ,100,1,100,100,100,100,100,,,100,100,100,100,100,100,100,100,100,,100,,,,
NA,HAWKINCOOK,N,A,EQ,100,100,100,100,100,100,100,,,100,100,100,100,100,100,100,100,100,,100,,,,
NA,HAZOOR,N,A,EQ,100,100,100,100,100,100,100,,,100,100,100,100,100,100,100,100,100,,100,,,,
NA,HBESD,N,A,EQ,100,100,100,100,100,100,100,,,100,100,100,100,100,100,100,100,100,,100,,,,
NA,HBLENGINE,N,A,EQ,100,100,100,100,100,100,100,,,100,100,100,100,100,100,100,100,100,,100,,,,
NA,HBPOR,N,A,EQ,100,100,100,100,100,100,100,,,100,100,100,100,100,100,100,100,100,,100,,,,
NA,HBSL,N,A,EQ,100,100,100,100,100,100,100,,,100,100,100,100,100,100,100,100,100,,100,,,,
NA,HCC,N,A,EQ,100,100,100,100,100,100,100,,,100,100,100,100,100,100,100,100,100,,100,,,,
NA,HCG,N,A,EQ,100,100,100,100,100,100,100,,,100,100,100,100,100,100,100,100,100,,100,,,,
NA,HCL-INSYS,N,A,EQ,0,100,100,100,100,100,100,,,100,100,100,100,100,0,100,100,100,,100,,,,
NA,HCLTECH,N,A,EQ,100,100,100,100,100,100,100,,,100,100,100,100,100,100,100,100,100,,100,,,,
NA,HDBFS,N,A,EQ,100,100,100,100,100,100,100,,,100,100,100,100,100,100,100,100,100,,100,,,,
NA,HDFCAMC,N,A,EQ,100,100,100,100,100,100,100,,,100,100,100,100,100,100,100,100,100,,100,,,,
NA,HDFCBANK,N,A,EQ,100,100,100,100,100,100,100,,,100,100,100,100,100,100,100,100,100,,100,,,,
NA,HDFCLIFE,N,A,EQ,100,100,100,100,100,100,100,,,100,100,100,100,100,100,100,100,100,,100,,,,
NA,HDIL,N,A,BZ,100,100,100,0,100,100,100,,,100,100,100,100,100,100,100,0,100,,100,,,,
NA,HEADSUP,N,A,EQ,100,100,100,100,100,100,100,,,100,100,100,100,100,100,100,100,100,,100,,,,
NA,HEALTHX,N,A,EQ,100,100,100,100,100,100,100,,,100,100,100,100,100,0,100,100,100,,100,,,,
NA,HECPROJECT,Y,A,EQ,100,100,100,100,100,100,100,,,100,100,100,100,100,100,100,100,100,,100,,,,
NA,HEGAM,N,A,EQ,100,100,100,100,100,100,100,,,100,100,100,100,100,100,100,100,100,,100,,,,
NA,HEIDELBERG,N,A,EQ,100,100,100,100,100,100,100,,,100,100,100,100,100,100,100,100,100,,100,,,,
NA,HEMIPROP,N,A,EQ,100,100,100,100,100,100,100,,,100,100,100,100,100,0,100,100,100,,100,,,,
NA,HERANBA,N,A,EQ,100,100,100,100,100,100,100,,,100,100,100,100,100,100,100,100,100,,100,,,,
NA,HERITGFOOD,N,A,EQ,100,100,100,100,100,100,100,,,100,100,100,100,100,100,100,100,100,,100,,,,
NA,HEROMOTOCO,N,A,EQ,100,100,100,100,100,100,100,,,100,100,100,100,100,100,100,100,100,,100,,,,
NA,HEROMOTORS,N,A,EQ,100,100,100,100,100,100,100,,,100,100,100,100,100,100,100,100,100,,100,,,,
NA,HESTERBIO,N,A,EQ,100,100,100,100,100,100,100,,,100,100,100,100,100,100,100,100,100,,100,,,,
NA,HEXAGON,N,A,BE,100,100,100,100,100,100,100,,,100,100,100,100,1,100,100,100,100,,100,,,,
NA,HEXATRADEX,N,A,EQ,100,100,100,100,100,100,100,,,100,100,100,100,100,100,100,100,100,,100,,,,
NA,HEXT,N,A,EQ,100,100,100,100,100,100,100,,,100,100,100,100,100,100,0,100,100,,100,,,,
NA,HFCL,N,A,BE,100,4,100,100,100,100,100,,,100,100,100,100,100,100,100,100,100,,100,,,,
NA,HGINFRA,N,A,EQ,100,100,100,100,100,100,100,,,100,100,100,100,100,100,100,100,100,,100,,,,
NA,HGM,N,A,EQ,100,100,100,100,100,100,100,,,100,100,100,100,100,100,100,100,100,,100,,,,
NA,HGS,N,A,EQ,100,100,100,100,100,100,100,,,100,100,100,100,100,0,100,100,100,,100,,,,
NA,HIGREEN,Y,A,SM,100,100,100,100,100,100,100,,,100,100,100,100,100,100,100,100,100,,100,,,,
NA,HIKAL,N,A,EQ,100,100,100,100,100,100,100,,,100,100,100,100,100,100,100,100,100,,100,,,,
NA,HILINFRA,N,A,EQ,100,100,100,100,100,100,100,,,100,100,100,100,100,100,100,100,100,,100,,,,
NA,HILTON,N,A,EQ,100,100,100,100,100,100,100,,,100,100,100,100,100,100,100,100,100,,100,,,,
NA,HIMATSEIDE,N,A,EQ,100,100,100,100,100,100,100,,,100,100,100,100,100,100,100,100,100,,100,,,,
NA,HINDADH,N,A,EQ,100,100,100,100,100,100,100,,,100,100,100,100,100,100,100,100,100,,100,,,,
NA,HINDALCO,N,A,EQ,100,100,100,100,100,100,100,,,100,100,100,100,100,100,100,100,100,,100,,,,
NA,HINDALUMI,N,A,EQ,100,100,100,100,100,100,100,,,100,100,100,100,100,100,100,100,100,,100,,,,
NA,HINDCOMPOS,N,A,EQ,100,100,100,100,100,100,100,,,100,100,100,100,100,100,100,100,100,,100,,,,
NA,HINDCON,Y,A,EQ,100,100,100,100,100,100,100,,,100,100,100,100,1,100,100,100,100,,100,,,,
NA,HINDCOPPER,N,A,EQ,100,100,100,100,100,100,100,,,100,100,100,100,100,100,100,100,100,,100,,,,
NA,HINDOILEXP,N,A,EQ,100,100,100,100,100,100,100,,,100,100,100,100,100,100,100,100,100,,100,,,,
NA,HINDPETRO,N,A,EQ,100,100,100,100,100,100,100,,,100,100,100,100,100,100,100,100,100,,100,,,,
NA,HINDUNILVR,N,A,EQ,100,100,100,100,100,100,100,,,100,100,100,100,100,100,100,100,100,,100,,,,
NA,HINDWAREAP,N,A,EQ,100,100,100,100,100,100,100,,,100,100,100,100,100,100,100,100,100,,100,,,,
NA,HINDZINC,N,A,EQ,100,100,100,100,100,100,100,,,100,100,100,100,100,100,0,100,100,,100,,,,
NA,HIRECT,N,A,EQ,100,100,100,100,100,100,100,,,100,100,100,100,100,100,100,100,100,,100,,,,
NA,HISARMETAL,N,A,EQ,100,100,100,100,100,100,100,,,100,100,100,100,100,100,100,100,100,,100,,,,
NA,HITECH,N,A,EQ,100,100,100,100,100,100,100,,,100,100,100,100,100,100,100,100,100,,100,,,,
NA,HITECHCORP,N,A,BE,100,100,100,100,100,100,100,,,100,100,100,100,1,100,100,100,100,,100,,,,
NA,HITECHGEAR,N,A,BE,100,100,100,0,100,100,100,,,100,100,100,100,100,100,100,100,100,,100,,,,
NA,HLEGLAS,N,A,EQ,100,100,100,100,1,100,100,,,100,100,100,100,100,100,100,100,100,,100,,,,
NA,HLVLTD,N,A,EQ,100,100,100,100,100,100,100,,,100,100,100,100,100,100,100,100,100,,100,,,,
NA,HMAAGRO,N,A,EQ,100,100,100,100,100,100,100,,,100,100,100,100,100,100,100,100,100,,100,,,,
NA,HMT,N,A,BZ,0,100,100,100,100,100,100,,,100,100,100,100,100,0,100,0,100,,100,,,,
NA,HMVL,N,A,BE,100,100,100,100,100,100,100,,,100,100,100,100,1,100,100,100,100,,100,,,,
NA,HNDFDS,N,A,EQ,100,100,100,100,100,100,100,,,100,100,100,100,100,100,100,100,100,,100,,,,
NA,HOACFOODS,Y,A,ST,100,100,100,100,100,100,100,,,100,100,100,100,2,100,100,100,100,,100,,,,
NA,HOLMARC,Y,A,SM,100,100,100,100,100,100,100,,,100,100,100,100,100,100,100,100,100,,100,,,,
NA,HOMEFIRST,N,A,EQ,100,100,100,100,100,100,100,,,100,100,100,100,100,100,100,100,100,,100,,,,
NA,HOMESFY,Y,A,SM,100,100,100,100,100,100,100,,,100,100,100,100,100,0,100,100,100,,100,,,,
NA,HONASA,N,A,EQ,100,100,100,100,100,100,100,,,100,100,100,100,100,100,100,100,100,,100,,,,
NA,HONAUT,N,A,EQ,100,100,100,100,100,100,100,,,100,100,100,100,100,100,100,100,100,,100,,,,
NA,HONDAPOWER,N,A,EQ,100,100,100,100,100,100,100,,,100,100,100,100,100,100,100,100,100,,100,,,,
NA,HORIZONIND,N,A,EQ,100,100,100,100,100,100,100,,,100,100,100,100,100,100,100,100,100,,100,,,,
NA,HPAL,N,A,EQ,100,100,100,100,100,100,100,,,100,100,100,100,100,100,100,100,100,,100,,,,
NA,HPIL,N,A,EQ,100,100,100,100,100,100,100,,,100,100,100,100,100,100,100,100,100,,100,,,,
NA,HPL,N,A,EQ,100,100,100,100,100,100,100,,,100,100,100,100,100,100,100,100,100,,100,,,,
NA,HPTL,Y,A,ST,100,100,100,100,100,100,100,,,100,100,100,100,1,100,100,100,100,,100,,,,
NA,HRHNEXT,Y,A,SM,100,100,100,100,100,100,100,,,100,100,100,100,100,100,100,100,100,,100,,,,
NA,HRYNSHP,N,A,EQ,100,100,100,100,100,100,100,,,100,100,100,100,100,100,100,100,100,,100,,,,
NA,HSCL,N,A,EQ,100,100,100,100,100,100,100,,,100,100,100,100,100,100,100,100,100,,100,,,,
NA,HTEL,N,A,EQ,100,100,100,100,100,100,100,,,100,100,100,100,100,100,100,100,100,,100,,,,
NA,HTMEDIA,N,A,EQ,100,100,100,100,100,100,100,,,100,100,100,100,100,100,100,100,100,,100,,,,
NA,HUBTOWN,N,A,EQ,100,100,100,100,100,100,100,,,100,100,100,100,100,100,100,100,100,,100,,,,
NA,HUDCO,N,A,EQ,100,100,100,100,100,100,100,,,100,100,100,100,100,100,100,100,100,,100,,,,
NA,HUHTAMAKI,N,A,EQ,100,100,100,100,100,100,100,,,100,100,100,100,100,100,100,100,100,,100,,,,
NA,HVAX,Y,A,SM,100,100,100,100,100,100,100,,,100,100,100,100,100,100,100,100,100,,100,,,,
NA,HYBRIDFIN,N,A,EQ,100,100,100,100,100,100,100,,,100,100,100,100,100,100,100,100,100,,100,,,,
NA,HYUNDAI,N,A,EQ,100,100,100,100,100,100,100,,,100,100,100,100,100,100,100,100,100,,100,,,,
NA,IBLFL,Y,A,SM,100,100,100,100,100,100,100,,,100,100,100,100,100,100,100,100,100,,100,,,,
NA,IBULLSLTD,N,A,EQ,100,100,100,100,100,100,100,,,100,100,100,100,100,100,100,100,100,,100,,,,
NA,ICDSLTD,N,A,BE,100,100,100,100,100,100,100,,,100,100,100,100,1,100,100,100,100,,100,,,,
NA,ICELCO,Y,A,SM,100,100,100,100,100,100,100,,,100,100,100,100,100,100,100,100,100,,100,,,,
NA,ICEMAKE,Y,A,EQ,100,100,100,100,100,100,100,,,100,100,100,100,100,100,100,100,100,,100,,,,
NA,ICICIAMC,N,A,EQ,100,100,100,100,100,100,100,,,100,100,100,100,100,100,100,100,100,,100,,,,
NA,ICICIBANK,N,A,EQ,100,100,100,100,100,100,100,,,100,100,100,100,100,100,100,100,100,,100,,,,
NA,ICICIGI,N,A,EQ,100,100,100,100,100,100,100,,,100,100,100,100,100,100,100,100,100,,100,,,,
NA,ICICIPRULI,N,A,EQ,100,100,100,100,100,100,100,,,100,100,100,100,100,100,100,100,100,,100,,,,
NA,ICIL,N,A,EQ,100,100,100,100,100,100,100,,,100,100,100,100,100,100,100,100,100,,100,,,,
NA,ICRA,N,A,EQ,100,100,100,100,100,100,100,,,100,100,100,100,100,100,100,100,100,,100,,,,
NA,IDBI,N,A,EQ,100,100,100,100,100,100,100,,,100,100,100,100,100,100,100,100,100,,100,,,,
NA,IDEA,N,A,EQ,100,100,100,100,100,100,100,,,100,100,100,100,100,100,100,100,100,,100,,,,
NA,IDEAFORGE,N,A,EQ,100,100,100,100,100,100,100,,,100,100,100,100,100,100,100,100,100,,100,,,,
NA,IDEALTECHO,Y,A,SM,100,100,100,100,100,100,100,,,100,100,100,100,100,100,100,100,100,,100,,,,
NA,IDENTICAL,Y,A,SM,100,100,100,100,100,100,100,,,100,100,100,100,100,100,100,100,100,,100,,,,
NA,IDFCFIRSTB,N,A,EQ,100,100,100,100,100,100,100,,,100,100,100,100,100,100,100,100,100,,100,,,,
NA,IEML,Y,A,ST,100,100,100,100,100,100,100,,,100,100,100,100,1,100,100,100,100,,100,,,,
NA,IEX,N,A,EQ,100,100,100,100,100,100,100,,,100,100,100,100,100,100,100,100,100,,0,,,,
NA,IFBAGRO,N,A,EQ,100,100,100,100,100,100,100,,,100,100,100,100,100,100,100,100,100,,100,,,,
NA,IFBIND,N,A,EQ,100,100,100,100,100,100,100,,,100,100,100,100,100,100,100,100,100,,100,,,,
NA,IFCI,N,A,EQ,100,100,100,100,100,100,100,,,100,100,100,100,100,100,100,100,100,,100,,,,
NA,IFGLEXPOR,N,A,EQ,100,100,100,100,100,100,100,,,100,100,100,100,100,100,100,100,100,,100,,,,
NA,IGARASHI,N,A,EQ,100,100,100,100,100,100,100,,,100,100,100,100,100,100,100,100,100,,100,,,,
NA,IGCL,N,A,EQ,100,100,100,100,100,100,100,,,100,100,100,100,100,100,100,100,100,,100,,,,
NA,IGIL,N,A,EQ,100,100,100,100,100,100,100,,,100,100,100,100,100,100,100,100,100,,100,,,,
NA,IGL,N,A,EQ,100,100,100,100,100,100,100,,,100,100,100,100,100,100,100,100,100,,100,,,,
NA,IGPL,N,A,EQ,100,100,100,100,100,100,100,,,100,100,100,100,100,100,100,100,100,,100,,,,
NA,IIFL,N,A,EQ,100,100,100,100,100,100,100,,,100,100,100,100,100,100,100,100,100,,100,,,,
NA,IIFLCAPS,N,A,EQ,100,100,100,100,100,100,100,,,100,100,100,100,100,100,100,100,100,,100,,,,
NA,IITL,N,A,EQ,100,100,100,100,100,100,100,,,100,100,100,100,100,100,100,100,100,,100,,,,
NA,IKIO,N,A,EQ,100,100,100,100,100,100,100,,,100,100,100,100,100,100,100,100,100,,100,,,,
NA,IKS,N,A,EQ,100,100,100,100,100,100,100,,,100,100,100,100,100,100,100,100,100,,100,,,,
NA,IL&FSENGG,N,A,BZ,100,100,100,100,100,100,100,,,100,100,100,100,1,100,100,0,100,,100,,,,
NA,IL&FSTRANS,N,A,BZ,0,100,100,100,100,100,100,,,100,100,100,100,100,100,0,0,100,,100,,,,
NA,IMAGICAA,N,A,EQ,100,100,100,100,100,100,100,,,100,100,100,100,100,100,100,100,100,,100,,,,
NA,IMFA,N,A,EQ,100,100,100,100,100,100,100,,,100,100,100,100,100,100,100,100,100,,100,,,,
NA,IMPAL,N,A,EQ,100,100,100,100,100,100,100,,,100,100,100,100,100,100,100,100,100,,100,,,,
NA,IMPEXFERRO,N,S,BZ,100,100,100,2,100,100,100,,,100,100,100,100,100,100,0,0,100,,100,,,,
NA,INA,N,A,EQ,100,100,100,100,100,100,100,,,100,100,100,100,100,100,100,100,100,,100,,,,
NA,INCREDIBLE,N,A,EQ,100,100,100,100,100,100,100,,,100,100,100,100,100,100,100,100,100,,100,,,,
NA,INDBANK,N,A,EQ,100,100,100,100,100,100,100,,,100,100,100,100,100,100,100,100,100,,100,,,,
NA,INDGN,N,A,EQ,100,100,100,100,100,100,100,,,100,100,100,100,100,100,100,100,100,,100,,,,
NA,INDHOTEL,N,A,EQ,100,100,100,100,100,100,100,,,100,100,100,100,100,100,100,100,100,,100,,,,
NA,INDIACEM,N,A,EQ,100,100,100,100,100,100,100,,,100,100,100,100,100,100,100,100,100,,100,,,,
NA,INDIAGLYCO,N,A,EQ,100,100,100,100,100,100,100,,,100,100,100,100,100,100,100,100,100,,100,,,,
NA,INDIAMART,N,A,EQ,100,100,100,100,100,100,100,,,100,100,100,100,100,100,100,100,100,,100,,,,
NA,INDIANB,N,A,EQ,100,100,100,100,100,100,100,,,100,100,100,100,100,100,100,100,100,,100,,,,
NA,INDIANCARD,N,A,EQ,100,100,100,100,100,100,100,,,100,100,100,100,100,100,100,100,100,,100,,,,
NA,INDIANHUME,N,A,EQ,100,100,100,100,100,100,100,,,100,100,100,100,100,100,100,100,100,,100,,,,
NA,INDIASHLTR,N,A,EQ,100,100,100,100,100,100,100,,,100,100,100,100,100,100,100,100,100,,100,,,,
NA,INDIFRA,Y,A,SM,0,100,100,100,100,100,100,,,100,100,100,100,100,100,100,100,100,,100,,,,
NA,INDIGO,N,A,EQ,100,100,100,100,100,100,100,,,100,100,100,100,100,100,100,100,100,,100,,,,
NA,INDIGOPNTS,N,A,EQ,100,100,100,100,100,100,100,,,100,100,100,100,100,100,100,100,100,,100,,,,
NA,INDIQUBE,N,A,EQ,100,100,100,100,100,100,100,,,100,100,100,100,100,100,100,100,100,,100,,,,
NA,INDNIPPON,N,A,EQ,100,100,100,100,100,100,100,,,100,100,100,100,100,100,100,100,100,,100,,,,
NA,INDOAMIN,N,A,EQ,100,100,100,100,100,100,100,,,100,100,100,100,100,100,100,100,100,,100,,,,
NA,INDOBORAX,N,A,EQ,100,100,100,100,100,100,100,,,1,100,100,100,100,100,100,100,100,,100,,,,
NA,INDOCO,N,A,EQ,100,100,100,100,100,100,100,,,100,100,100,100,100,100,100,100,100,,100,,,,
NA,INDOFARM,N,A,EQ,100,100,100,100,100,100,100,,,100,100,100,100,100,100,100,100,100,,100,,,,
NA,INDOKEM,N,A,EQ,100,100,100,100,100,100,100,,,100,100,100,100,100,100,100,100,100,,100,,,,
NA,INDOMIM,N,A,EQ,100,100,100,100,1,100,100,,,100,100,100,100,100,100,100,100,100,,100,,,,
NA,INDORAMA,N,A,EQ,100,1,100,100,100,100,100,,,100,100,100,100,100,100,100,100,100,,100,,,,
NA,INDOSTAR,N,A,EQ,100,100,100,100,100,100,100,,,100,100,100,100,100,100,100,100,100,,100,,,,
NA,INDOTECH,N,A,EQ,100,100,100,100,100,100,100,,,100,100,100,100,100,100,0,100,100,,100,,,,
NA,INDOTHAI,N,A,EQ,100,1,100,100,100,100,100,,,100,100,100,100,100,100,100,100,100,,100,,,,
NA,INDOUS,N,A,EQ,100,100,100,100,100,100,100,,,100,100,100,100,100,100,100,100,100,,100,,,,
NA,INDOWIND,N,A,EQ,100,100,100,100,100,100,100,,,100,100,100,100,100,100,100,100,100,,100,,,,
NA,INDPRUD,N,A,EQ,100,100,100,100,100,100,100,,,100,100,100,100,100,100,100,100,100,,100,,,,
NA,INDRAMEDCO,N,A,EQ,100,100,100,100,100,100,100,,,100,100,100,100,100,100,100,100,100,,100,,,,
NA,INDSWFTLAB,N,A,EQ,100,1,100,100,100,100,100,,,100,100,100,100,100,100,100,100,100,,100,,,,
NA,INDTERRAIN,N,A,EQ,100,100,100,100,100,100,100,,,100,100,100,100,100,100,100,100,100,,100,,,,
NA,INDUSINDBK,N,A,EQ,100,100,100,100,100,100,100,,,100,100,100,100,100,100,100,100,100,,100,,,,
NA,INDUSTOWER,N,A,EQ,100,100,100,100,100,100,100,,,100,100,100,100,100,100,100,100,100,,100,,,,
NA,INFINIUM,Y,A,SM,100,100,100,100,100,100,100,,,100,100,100,100,100,100,100,100,100,,100,,,,
NA,INFLUX,Y,A,SM,100,100,100,100,100,100,100,,,100,100,100,100,100,100,100,100,100,,100,,,,
NA,INFOBEAN,N,A,EQ,100,100,100,100,100,100,100,,,100,100,100,100,100,100,100,100,100,,100,,,,
NA,INFOLLION,Y,A,SM,100,100,100,100,100,100,100,,,100,100,100,100,100,100,100,100,100,,100,,,,
NA,INFOMEDIA,N,A,EQ,0,100,100,100,100,100,100,,,100,100,100,100,100,0,100,100,100,,100,,,,
NA,INFY,N,A,EQ,100,100,100,100,100,100,100,,,100,100,100,100,100,100,100,100,100,,100,,,,
NA,INGERRAND,N,A,EQ,100,100,100,100,100,100,100,,,100,100,100,100,100,100,100,100,100,,100,,,,
NA,INM,Y,A,SM,100,100,100,100,100,100,100,,,100,100,100,100,100,100,100,100,100,,100,,,,
NA,INNOMET,Y,A,ST,100,100,100,100,100,100,100,,,100,100,100,100,2,100,100,100,100,,100,,,,
NA,INNOVACAP,N,A,EQ,100,100,100,100,100,100,100,,,100,100,100,100,100,100,100,100,100,,100,,,,
NA,INNOVANA,N,A,EQ,100,100,100,100,100,100,100,,,100,100,100,100,100,100,100,100,100,,100,,,,
NA,INNOVISION,N,A,EQ,100,100,100,100,100,100,100,,,100,100,100,100,100,100,100,100,100,,100,,,,
NA,INOXGREEN,N,A,EQ,100,100,100,100,100,100,100,,,100,100,100,100,100,100,100,100,100,,100,,,,
NA,INOXINDIA,N,A,EQ,100,100,100,100,100,100,100,,,100,100,100,100,100,100,100,100,100,,100,,,,
NA,INOXWIND,N,A,EQ,100,100,100,100,100,100,100,,,100,100,100,100,100,100,100,100,100,,100,,,,
NA,INSECTICID,N,A,EQ,100,100,100,100,100,100,100,,,100,100,100,100,100,100,100,100,100,,100,,,,
NA,INSPIRE,Y,A,SM,100,100,100,100,100,100,100,,,100,100,100,100,100,100,100,100,100,,100,,,,
NA,INSPIRISYS,N,A,EQ,100,100,100,100,100,100,100,,,100,100,100,100,100,100,100,100,100,,100,,,,
NA,INTEGRITY,Y,A,SM,100,100,100,100,100,100,100,,,100,100,100,100,100,100,100,100,100,,100,,,,
NA,INTELLECT,N,A,EQ,100,100,100,100,100,100,100,,,100,100,100,100,100,100,100,100,100,,100,,,,
NA,INTENTECH,N,A,EQ,100,100,100,100,100,100,100,,,100,100,100,100,100,100,100,100,100,,100,,,,
NA,INTERARCH,N,A,EQ,100,100,100,100,100,100,100,,,100,100,100,100,100,100,100,100,100,,100,,,,
NA,INTLCONV,N,A,EQ,100,100,100,100,100,100,100,,,100,100,100,100,100,100,0,100,100,,100,,,,
NA,INVENTURE,N,A,EQ,100,100,100,100,100,100,100,,,100,100,100,100,100,100,100,100,100,,100,,,,
NA,INVICTA,Y,A,SM,100,100,100,100,100,100,100,,,100,100,100,100,100,100,100,100,100,,100,,,,
NA,INVPRECQ,N,A,BE,100,100,100,100,100,100,100,,,100,100,100,100,1,100,100,100,100,,100,,,,
NA,IOB,N,A,EQ,100,100,100,100,100,100,100,,,100,100,100,100,100,100,100,100,100,,100,,,,
NA,IOC,N,A,EQ,100,100,100,100,100,100,100,,,100,100,100,100,100,100,100,100,100,,100,,,,
NA,IOLCP,N,A,EQ,100,1,100,100,100,100,100,,,100,100,100,100,100,100,100,100,100,,100,,,,
NA,IONEXCHANG,N,A,EQ,100,100,100,100,100,100,100,,,100,100,100,100,100,100,100,100,100,,100,,,,
NA,IPCALAB,N,A,EQ,100,100,100,100,100,100,100,,,100,100,100,100,100,100,100,100,100,,100,,,,
NA,IPHL,Y,A,SM,100,100,100,100,100,100,100,,,100,100,100,100,100,100,100,100,100,,100,,,,
NA,IPL,N,A,EQ,100,100,100,100,100,100,100,,,100,100,100,100,100,100,100,100,100,,100,,,,
NA,IPRINGLTD,N,A,EQ,100,1,100,100,100,100,100,,,100,100,100,100,100,100,100,100,100,,100,,,,
NA,IPSL,Y,A,SM,100,100,100,100,100,100,100,,,100,100,100,100,100,100,100,100,100,,100,,,,
NA,IRB,N,A,EQ,100,100,100,100,100,100,100,,,100,100,100,100,100,100,100,100,100,,100,,,,
NA,IRCON,N,A,EQ,100,100,100,100,100,100,100,,,100,100,100,100,100,100,100,100,100,,100,,,,
NA,IRCTC,N,A,EQ,100,100,100,100,100,100,100,,,100,100,100,100,100,100,100,100,100,,100,,,,
NA,IREDA,N,A,EQ,100,100,100,100,100,100,100,,,100,100,100,100,100,100,100,100,100,,0,,,,
NA,IRFC,N,A,EQ,100,100,100,100,100,100,100,,,100,100,100,100,100,100,100,100,100,,100,,,,
NA,IRIS,N,A,EQ,100,100,100,100,100,100,100,,,100,100,100,100,100,100,100,100,100,,100,,,,
NA,IRISDOREME,Y,A,EQ,100,100,100,100,100,100,100,,,100,100,100,100,100,100,100,100,100,,100,,,,
NA,IRMENERGY,N,A,EQ,100,100,100,100,100,100,100,,,100,100,100,100,100,100,100,100,100,,100,,,,
NA,ISFT,N,A,BE,100,100,100,100,100,100,100,,,100,100,100,100,1,100,100,100,100,,100,,,,
NA,ISGEC,N,A,EQ,100,100,100,100,100,100,100,,,100,100,100,100,100,100,100,100,100,,100,,,,
NA,ISHAN,Y,A,SM,100,100,100,100,100,100,100,,,100,100,100,100,100,100,100,100,100,,100,,,,
NA,ISHANCH,N,A,EQ,100,100,100,100,100,100,100,,,100,100,100,100,100,100,100,100,100,,100,,,,
NA,ISTLTD,N,A,EQ,100,100,100,100,100,100,100,,,100,100,100,100,100,100,100,100,100,,100,,,,
NA,ITALIANE,Y,A,SM,100,100,100,100,100,100,100,,,100,100,100,100,100,100,100,100,100,,100,,,,
NA,ITC,N,A,EQ,100,100,100,100,100,100,100,,,100,100,100,100,100,100,100,100,100,,100,,,,
NA,ITCHOTELS,N,A,EQ,100,100,100,100,100,100,100,,,100,100,100,100,100,100,100,100,100,,100,,,,
NA,ITDC,N,A,EQ,100,100,100,100,100,100,100,,,100,100,100,100,100,100,100,100,100,,100,,,,
NA,ITI,N,A,EQ,100,100,100,100,100,100,100,,,100,100,100,100,100,100,100,100,100,,100,,,,
NA,ITL,N,A,EQ,100,100,100,100,100,100,100,,,100,100,100,100,100,100,100,100,100,,100,,,,
NA,ITTL,Y,A,ST,100,100,100,0,100,100,100,,,100,100,100,100,100,0,100,100,100,,100,,,,
NA,IVALUE,N,A,EQ,100,100,100,100,100,100,100,,,100,100,100,100,100,100,100,100,100,,100,,,,
NA,IVC,N,A,EQ,100,1,100,100,100,100,100,,,100,100,100,100,100,100,0,100,100,,100,,,,
NA,IVP,N,A,BE,100,100,100,100,100,100,100,,,100,100,100,100,1,100,100,100,100,,100,,,,
NA,IWARE,Y,A,ST,100,100,100,100,100,100,100,,,100,100,100,100,1,100,100,100,100,,100,,,,
NA,IWP,N,A,EQ,100,100,100,100,100,100,100,,,100,100,100,100,100,100,100,100,100,,100,,,,
NA,IXIGO,N,A,EQ,100,100,100,100,100,100,100,,,100,100,100,100,100,100,100,100,100,,100,,,,
NA,IZMO,N,A,EQ,100,100,100,100,100,100,100,,,100,100,100,100,100,100,100,100,100,,100,,,,
NA,J&KBANK,N,A,EQ,100,100,100,100,100,100,100,,,100,100,100,100,100,100,100,100,100,,100,,,,
NA,JAGRAN,N,A,EQ,100,100,100,100,100,100,100,,,100,100,100,100,100,100,100,100,100,,100,,,,
NA,JAGSNPHARM,N,A,EQ,100,100,100,100,100,100,100,,,100,100,100,100,100,100,100,100,100,,100,,,,
NA,JAIBALAJI,N,A,EQ,100,100,100,100,100,100,100,,,100,100,100,100,100,100,100,100,100,,100,,,,
NA,JAICORPLTD,N,A,EQ,100,100,100,100,100,100,100,,,100,100,100,100,100,100,100,100,100,,100,,,,
NA,JAINAM,Y,A,SM,100,100,100,100,100,100,100,,,100,100,100,100,100,100,100,100,100,,100,,,,
NA,JAINIK,Y,A,ST,100,100,100,100,100,100,100,,,100,100,100,100,1,100,100,100,100,,100,,,,
NA,JAINREC,N,A,EQ,100,100,100,100,100,100,100,,,100,100,100,100,100,100,100,100,100,,100,,,,
NA,JAIPURKURT,Y,A,EQ,100,100,100,100,100,100,100,,,100,100,100,100,100,100,100,100,100,,100,,,,
NA,JAKHARIA,Y,A,ST,100,100,100,100,100,100,100,,,100,100,100,100,100,100,100,100,100,,100,,,,
NA,JALAN,Y,A,ST,0,100,100,100,100,100,100,,,100,100,100,100,2,100,100,100,100,,100,,,,
NA,JAMNAAUTO,N,A,EQ,100,100,100,100,100,100,100,,,100,100,100,100,100,100,100,100,100,,100,,,,
NA,JARO,N,A,EQ,100,100,100,100,100,100,100,,,100,100,100,100,100,100,100,100,100,,100,,,,
NA,JASH,N,A,EQ,100,100,100,100,100,100,100,,,100,100,100,100,100,100,100,100,100,,100,,,,
NA,JAYAGROGN,N,A,EQ,100,100,100,100,100,100,100,,,100,100,100,100,100,100,100,100,100,,100,,,,
NA,JAYBARMARU,N,A,EQ,100,100,100,100,100,100,100,,,100,100,100,100,100,100,100,100,100,,100,,,,
NA,JAYBEE,Y,A,SM,100,100,100,100,100,100,100,,,100,100,100,100,100,100,100,100,100,,100,,,,
NA,JAYESH,Y,A,SM,100,100,100,100,100,100,100,,,100,100,100,100,100,100,100,100,100,,100,,,,
NA,JAYKAY,N,A,EQ,100,100,100,100,1,100,100,,,100,100,100,100,100,100,100,100,100,,100,,,,
NA,JAYNECOIND,N,A,EQ,100,100,100,100,100,100,100,,,100,100,100,100,100,100,0,100,100,,100,,,,
NA,JAYSREETEA,N,A,EQ,100,1,100,100,100,100,100,,,100,100,100,100,100,100,100,100,100,,100,,,,
NA,JBMA,N,A,EQ,100,100,100,100,100,100,100,,,100,100,100,100,100,100,100,100,100,,100,,,,
NA,JENBURPH,N,A,EQ,100,100,100,100,100,100,100,,,100,100,100,100,100,100,100,100,100,,100,,,,
NA,JETFREIGHT,N,A,EQ,100,100,100,100,100,100,100,,,100,100,100,100,100,100,100,100,100,,100,,,,
NA,JETKNIT,Y,A,ST,100,100,100,100,100,100,100,,,100,100,100,100,100,100,100,100,100,,100,,,,
NA,JEYYAM,Y,A,SM,100,100,100,100,100,100,100,,,100,100,100,100,100,100,100,100,100,,100,,,,
NA,JFLLIFE,Y,A,SM,100,100,100,100,100,100,100,,,100,100,100,100,100,100,100,100,100,,100,,,,
NA,JGCHEM,N,A,EQ,100,100,100,100,100,100,100,,,100,100,100,100,100,100,100,100,100,,100,,,,
NA,JHS,N,A,EQ,100,1,100,100,100,100,100,,,100,100,100,100,100,100,100,100,100,,100,,,,
NA,JINDALPHOT,N,A,EQ,100,100,100,100,100,100,100,,,100,100,100,100,100,100,100,100,100,,100,,,,
NA,JINDALPOLY,N,A,EQ,100,100,100,100,100,100,100,,,100,100,100,100,100,100,100,100,100,,100,,,,
NA,JINDALSAW,N,A,EQ,100,100,100,100,100,100,100,,,100,100,100,100,100,100,100,100,100,,100,,,,
NA,JINDALSTEL,N,A,EQ,100,100,100,100,100,100,100,,,100,100,100,100,100,100,100,100,100,,100,,,,
NA,JINDRILL,N,A,EQ,100,100,100,100,100,100,100,,,100,100,100,100,100,100,100,100,100,,100,,,,
NA,JINDWORLD,N,A,EQ,100,1,100,100,100,100,100,,,100,100,100,100,100,100,100,100,100,,100,,,,
NA,JIOFIN,N,A,EQ,100,100,100,100,100,100,100,,,100,100,100,100,100,100,100,100,100,,100,,,,
NA,JISLDVREQS,N,A,EQ,100,100,100,100,100,100,100,,,100,100,100,100,100,100,100,100,100,,100,,,,
NA,JISLJALEQS,N,A,EQ,100,100,100,100,100,100,100,,,100,100,100,100,100,100,100,100,100,,100,,,,
NA,JITFINFRA,N,A,EQ,100,100,100,100,100,100,100,,,100,100,100,100,100,100,100,100,100,,100,,,,
NA,JIWANRAM,Y,A,SM,100,100,100,100,100,100,100,,,100,100,100,100,100,100,100,100,100,,100,,,,
NA,JKCEMENT,N,A,EQ,100,100,100,100,100,100,100,,,100,100,100,100,100,100,100,100,100,,100,,,,
NA,JKIL,N,A,EQ,100,100,100,100,100,100,100,,,100,100,100,100,100,100,100,100,100,,100,,,,
NA,JKIPL,N,A,EQ,100,100,100,100,100,100,100,,,100,100,100,100,100,100,100,100,100,,100,,,,
NA,JKLAKSHMI,N,A,EQ,100,100,100,100,100,100,100,,,100,100,100,100,100,100,100,100,100,,100,,,,
NA,JKPAPER,N,A,EQ,100,100,100,100,100,100,100,,,100,100,100,100,100,100,100,100,100,,100,,,,
NA,JKTYRE,N,A,EQ,100,100,100,100,100,100,100,,,100,100,100,100,100,100,100,100,100,,100,,,,
NA,JLHL,N,A,EQ,100,100,100,100,100,100,100,,,100,100,100,100,100,100,100,100,100,,100,,,,
NA,JMA,Y,A,EQ,100,100,100,100,100,100,100,,,100,100,100,100,100,100,100,100,100,,100,,,,
NA,JMFINANCIL,N,A,EQ,100,100,100,100,100,100,100,,,100,100,100,100,100,100,100,100,100,,100,,,,
NA,JNKINDIA,N,A,EQ,100,100,100,100,100,100,100,,,100,100,100,100,100,100,100,100,100,,100,,,,
NA,JNPR,N,A,EQ,100,100,100,100,100,100,100,,,100,100,100,100,100,100,100,100,100,,100,,,,
NA,JOCIL,Y,A,EQ,100,100,100,100,100,100,100,,,100,100,100,100,100,100,100,100,100,,100,,,,
NA,JPOLYINVST,N,A,EQ,100,100,100,100,100,100,100,,,100,100,100,100,100,100,100,100,100,,100,,,,
NA,JPPOWER,N,A,EQ,100,100,100,100,100,100,100,,,100,100,100,100,100,100,100,100,100,,100,,,,
NA,JSFB,N,A,EQ,100,100,100,100,100,100,100,,,100,100,100,100,100,100,100,100,100,,100,,,,
NA,JSIPL,N,A,BE,100,100,100,100,100,100,100,,,100,100,100,100,100,100,100,100,100,,100,,,,
NA,JSL,N,A,EQ,100,100,100,100,100,100,100,,,100,100,100,100,100,100,100,100,100,,100,,,,
NA,JSLL,N,A,EQ,100,100,100,100,100,100,100,,,100,100,100,100,100,100,100,100,100,,100,,,,
NA,JSWCEMENT,N,A,EQ,100,100,100,100,100,100,100,,,100,100,100,100,100,100,100,100,100,,100,,,,
NA,JSWDULUX,N,A,EQ,100,100,100,100,100,100,100,,,100,100,100,100,100,100,100,100,100,,100,,,,
NA,JSWENERGY,N,A,EQ,100,100,100,100,100,100,100,,,100,100,100,100,100,100,100,100,100,,100,,,,
NA,JSWHL,N,A,EQ,100,100,100,100,100,100,100,,,100,100,100,100,100,100,100,100,100,,100,,,,
NA,JSWINFRA,N,A,EQ,100,100,100,100,100,100,100,,,100,100,100,100,100,100,100,100,100,,100,,,,
NA,JSWSTEEL,N,A,EQ,100,100,100,100,100,100,100,,,100,100,100,100,100,100,100,100,100,,100,,,,
NA,JTEKTINDIA,N,A,EQ,100,100,100,100,100,100,100,,,100,100,100,100,100,100,100,100,100,,100,,,,
NA,JTLIND,N,A,EQ,100,100,100,100,100,100,100,,,100,100,100,100,100,100,100,100,100,,100,,,,
NA,JUBLCPL,N,A,EQ,100,100,100,100,100,100,100,,,100,100,100,100,100,100,100,100,100,,100,,,,
NA,JUBLFOOD,N,A,EQ,100,100,100,100,100,100,100,,,100,100,100,100,100,100,100,100,100,,100,,,,
NA,JUBLINGREA,N,A,EQ,100,100,100,100,100,100,100,,,100,100,100,100,100,100,100,100,100,,100,,,,
NA,JUBLPHARMA,N,A,EQ,100,100,100,100,100,100,100,,,100,100,100,100,100,100,100,100,100,,100,,,,
NA,JUNIPER,N,A,EQ,100,100,100,100,100,100,100,,,100,100,100,100,100,100,100,100,100,,100,,,,
NA,JUSTDIAL,N,A,EQ,100,100,100,100,100,100,100,,,100,100,100,100,100,100,100,100,100,,100,,,,
NA,JWL,N,A,EQ,100,100,100,100,100,100,100,,,100,100,100,100,100,100,100,100,100,,100,,,,
NA,JYOTHYLAB,N,A,EQ,100,100,100,100,100,100,100,,,100,100,100,100,100,100,100,100,100,,100,,,,
NA,JYOTICNC,N,A,EQ,100,100,100,100,100,100,100,,,100,100,100,100,100,100,100,100,100,,100,,,,
NA,JYOTIGLOBL,Y,A,SM,100,100,100,100,100,100,100,,,100,100,100,100,100,100,100,100,100,,100,,,,
NA,JYOTIRES,N,A,EQ,100,100,100,100,100,100,100,,,100,100,100,100,100,100,100,100,100,,100,,,,
NA,JYOTISTRUC,N,A,EQ,100,100,100,100,100,100,100,,,100,100,100,100,100,100,100,100,100,,100,,,,
NA,K2INFRA,Y,A,SM,100,100,100,100,100,100,100,,,100,100,100,100,100,100,100,100,100,,100,,,,
NA,KABRAEXTRU,N,A,BE,100,4,100,100,100,100,100,,,100,100,100,100,100,100,100,100,100,,100,,,,
NA,KAJARIACER,N,A,EQ,100,100,100,100,100,100,100,,,100,100,100,100,100,100,100,100,100,,100,,,,
NA,KAKATCEM,N,A,EQ,100,100,100,100,100,100,100,,,100,100,100,100,100,100,100,100,100,,100,,,,
NA,KALAMANDIR,N,A,EQ,100,100,100,100,100,100,100,,,100,100,100,100,100,100,100,100,100,,100,,,,
NA,KALANA,Y,A,SM,100,100,100,100,100,100,100,,,100,100,100,100,100,100,100,100,100,,100,,,,
NA,KALPATARU,N,A,EQ,100,100,100,100,100,100,100,,,100,100,100,100,100,100,100,100,100,,100,,,,
NA,KALYANI,Y,A,BE,100,100,100,100,100,100,100,,,100,100,100,100,100,100,100,100,100,,100,,,,
NA,KALYANIFRG,N,A,BE,100,100,100,100,100,100,100,,,100,100,100,100,1,100,100,100,100,,100,,,,
NA,KALYANKJIL,N,A,EQ,100,100,100,100,100,100,100,,,100,100,100,100,100,100,100,100,100,,100,,,,
NA,KAMAHOLD,N,A,EQ,100,100,100,100,100,100,100,,,100,100,100,100,100,100,100,100,100,,100,,,,
NA,KAMANWALA,N,A,EQ,100,1,100,100,100,100,100,,,100,100,100,100,100,100,100,100,100,,100,,,,
NA,KAMATHOTEL,N,A,EQ,100,100,100,100,100,100,100,,,100,100,100,100,100,100,100,100,100,,100,,,,
NA,KAMDHENU,N,A,EQ,100,100,100,100,100,100,100,,,100,100,100,100,100,100,100,100,100,,100,,,,
NA,KAMOPAINTS,N,A,EQ,100,100,100,100,100,100,100,,,100,100,100,100,100,100,100,100,100,,100,,,,
NA,KANANIIND,N,A,EQ,100,100,100,100,100,100,100,,,100,100,100,100,100,100,100,100,100,,100,,,,
NA,KANCHI,N,A,EQ,100,100,100,100,100,100,100,,,100,100,100,100,100,100,100,100,100,,100,,,,
NA,KANCOTEA,N,A,EQ,100,100,100,100,100,100,100,,,100,100,100,100,100,100,100,100,100,,100,,,,
NA,KANDARP,Y,A,SM,100,100,100,100,100,100,100,,,100,100,100,100,100,100,100,100,100,,100,,,,
NA,KANOHAR,N,A,EQ,100,100,100,100,100,100,100,,,100,100,100,100,100,100,100,100,100,,100,,,,
NA,KANORICHEM,N,A,BE,100,100,100,100,100,100,100,,,100,100,100,100,1,100,100,100,100,,100,,,,
NA,KANPRPLA,N,A,EQ,100,100,100,100,100,100,100,,,100,100,100,100,100,100,100,100,100,,100,,,,
NA,KANSAINER,N,A,EQ,100,100,100,100,100,100,100,,,100,100,100,100,100,100,100,100,100,,100,,,,
NA,KAPSTON,Y,A,EQ,100,1,100,100,100,100,100,,,100,100,100,100,100,100,100,100,100,,100,,,,
NA,KARAMTARA,N,A,EQ,100,100,100,100,100,100,100,,,100,100,100,100,100,100,100,100,100,,100,,,,
NA,KARMAENG,N,A,EQ,100,100,100,100,100,100,100,,,100,100,100,100,100,100,100,100,100,,100,,,,
NA,KARNIKA,Y,A,SM,100,100,100,100,100,100,100,,,100,100,100,100,100,100,100,100,100,,100,,,,
NA,KARURVYSYA,N,A,EQ,100,100,100,100,100,100,100,,,100,100,100,100,100,100,100,100,100,,100,,,,
NA,KATARIA,Y,A,SM,100,100,100,100,1,100,100,,,100,100,100,100,100,100,100,100,100,,100,,,,
NA,KAUSHALYA,N,A,BE,100,100,100,100,100,100,100,,,100,100,100,100,1,100,100,100,100,,100,,,,
NA,KAVDEFENCE,N,A,BE,100,100,100,100,100,100,100,,,100,100,100,100,100,100,100,100,100,,100,,,,
NA,KAYA,N,A,BE,100,100,100,100,100,100,100,,,100,100,100,100,1,0,100,100,100,,100,,,,
NA,KAYNES,N,A,EQ,100,100,100,100,100,100,100,,,100,100,100,100,100,100,100,100,100,,100,,,,
NA,KAYTEX,Y,A,SM,100,100,100,100,100,100,100,,,100,100,100,100,100,100,100,100,100,,100,,,,
NA,KCEIL,Y,A,SM,100,100,100,100,100,100,100,,,100,100,100,100,100,100,100,100,100,,100,,,,
NA,KCK,Y,A,ST,100,100,100,100,100,100,100,,,100,100,100,100,100,100,100,100,100,,100,,,,
NA,KCP,N,A,EQ,100,100,100,100,100,100,100,,,100,100,100,100,100,100,100,100,100,,100,,,,
NA,KCPSUGIND,N,A,BE,100,100,100,100,100,100,100,,,100,100,100,100,100,100,100,100,100,,100,,,,
NA,KDDL,N,A,EQ,100,100,100,100,100,100,100,,,100,100,100,100,100,100,100,100,100,,100,,,,
NA,KDGREEN,N,A,EQ,100,100,100,100,100,100,100,,,100,100,100,100,100,100,100,100,100,,100,,,,
NA,KDL,Y,A,SM,100,100,100,100,1,100,100,,,100,100,100,100,100,100,100,100,100,,100,,,,
NA,KEC,N,A,EQ,100,100,100,100,100,100,100,,,100,100,100,100,100,100,100,100,100,,100,,,,
NA,KECL,N,A,EQ,100,100,100,100,100,100,100,,,100,100,100,100,100,100,100,100,100,,100,,,,
NA,KEEPLEARN,N,A,EQ,0,100,100,100,100,100,100,,,100,100,100,100,100,100,100,100,100,,100,,,,
NA,KEI,N,A,EQ,100,100,100,100,100,100,100,,,100,100,100,100,100,100,100,100,100,,100,,,,
NA,KELLTONTEC,N,A,EQ,100,100,100,100,100,100,100,,,100,100,100,100,100,100,100,100,100,,100,,,,
NA,KEN,Y,A,SM,100,100,100,100,100,100,100,,,100,100,100,100,100,100,100,100,100,,100,,,,
NA,KENNAMET,N,A,EQ,100,100,100,100,100,100,100,,,100,100,100,100,100,100,100,100,100,,100,,,,
NA,KERNEX,N,A,EQ,100,100,100,100,100,100,100,,,100,100,100,100,100,100,100,100,100,,100,,,,
NA,KESORAMIND,N,A,EQ,100,100,100,100,100,100,100,,,100,100,100,100,100,100,100,100,100,,100,,,,
NA,KEYFINSERV,N,A,EQ,100,100,100,100,100,100,100,,,100,100,100,100,100,100,100,100,100,,100,,,,
NA,KFINTECH,N,A,EQ,100,100,100,100,100,100,100,,,100,100,100,100,100,100,100,100,100,,100,,,,
NA,KHADIM,N,A,BE,100,100,100,100,100,100,100,,,100,100,100,100,2,100,100,100,100,,100,,,,
NA,KHAICHEM,N,A,EQ,100,100,100,100,100,100,100,,,100,100,100,100,100,100,100,100,100,,100,,,,
NA,KHAITANLTD,N,A,EQ,100,100,100,100,100,100,100,,,100,100,100,100,100,100,100,100,100,,100,,,,
NA,KHANDSE,N,A,EQ,100,100,100,100,100,100,100,,,100,100,100,100,100,100,100,100,100,,100,,,,
NA,KHERIAAUTO,Y,A,ST,100,100,100,100,100,100,100,,,100,100,100,100,100,100,100,100,100,,100,,,,
NA,KHFM,Y,A,SM,100,100,100,100,100,100,100,,,100,100,100,100,100,100,100,100,100,,100,,,,
NA,KICL,N,A,EQ,100,100,100,100,100,100,100,,,100,100,100,100,100,100,100,100,100,,100,,,,
NA,KILITCH,N,A,BE,100,100,100,100,100,100,100,,,100,100,100,100,1,100,100,100,100,,100,,,,
NA,KIMS,N,A,EQ,100,100,100,100,100,100,100,,,100,100,100,100,100,100,100,100,100,,100,,,,
NA,KINGFA,N,A,EQ,100,100,100,100,100,100,100,,,100,100,100,100,100,100,100,100,100,,100,,,,
NA,KIOCL,N,A,EQ,100,100,100,100,100,100,100,,,100,100,100,100,100,100,100,100,100,,100,,,,
NA,KIRANVYPAR,N,A,EQ,100,100,100,100,100,100,100,,,100,100,100,100,100,100,100,100,100,,100,,,,
NA,KIRIINDUS,N,A,EQ,100,100,100,100,1,100,100,,,100,100,100,100,100,100,100,100,100,,100,,,,
NA,KIRLFER,N,A,EQ,100,100,100,100,100,100,100,,,100,100,100,100,100,100,100,100,100,,100,,,,
NA,KIRLOSBROS,N,A,EQ,100,100,100,100,100,100,100,,,100,100,100,100,100,100,100,100,100,,100,,,,
NA,KIRLOSENG,N,A,EQ,100,100,100,100,100,100,100,,,100,100,100,100,100,100,100,100,100,,100,,,,
NA,KIRLOSIND,N,A,EQ,100,100,100,100,100,100,100,,,100,100,100,100,100,100,100,100,100,,100,,,,
NA,KIRLPNU,N,A,EQ,100,100,100,100,100,100,100,,,100,100,100,100,100,100,100,100,100,,100,,,,
NA,KISSHT,N,A,EQ,100,100,100,100,100,100,100,,,100,100,100,100,100,100,100,100,100,,100,,,,
NA,KITEX,N,A,EQ,100,100,100,100,100,100,100,,,100,100,100,100,100,100,100,100,100,,100,,,,
NA,KJMCFIN,N,A,EQ,100,100,100,100,100,100,100,,,100,100,100,100,100,100,100,100,100,,100,,,,
NA,KKCL,N,A,EQ,100,100,100,100,100,100,100,,,100,100,100,100,100,100,100,100,100,,100,,,,
NA,KKJEWELS,Y,A,SM,100,100,100,100,100,100,100,,,100,100,100,100,100,100,100,100,100,,100,,,,
NA,KKVAPOW,Y,A,SM,100,100,100,100,100,100,100,,,100,100,100,100,100,100,100,100,100,,100,,,,
NA,KLBRENG-B,N,A,EQ,100,100,100,100,100,100,100,,,100,100,100,100,100,100,100,100,100,,100,,,,
NA,KLL,Y,A,ST,100,100,100,100,100,100,100,,,100,100,100,100,1,100,100,100,100,,100,,,,
NA,KMCSHIL,N,A,EQ,100,100,100,100,100,100,100,,,100,100,100,100,100,100,100,100,100,,100,,,,
NA,KMEW,N,A,EQ,100,100,100,100,100,100,100,,,100,100,100,100,100,100,100,100,100,,100,,,,
NA,KMSUGAR,N,A,BE,100,100,100,100,100,100,100,,,100,100,100,100,100,100,100,100,100,,100,,,,
NA,KNACK,N,A,EQ,100,100,100,100,100,100,100,,,100,100,100,100,100,100,100,100,100,,100,,,,
NA,KNAGRI,Y,A,EQ,100,100,100,100,100,100,100,,,100,100,100,100,100,100,100,100,100,,100,,,,
NA,KNRCON,N,A,EQ,100,100,100,100,100,100,100,,,100,100,100,100,100,100,100,100,100,,100,,,,
NA,KODYTECH,Y,A,ST,100,100,100,100,100,100,100,,,100,100,100,100,100,100,100,100,100,,100,,,,
NA,KOHINOOR,N,A,EQ,100,100,100,100,100,100,100,,,100,100,100,100,100,100,100,100,100,,100,,,,
NA,KOKUYOCMLN,N,A,EQ,100,100,100,100,100,100,100,,,100,100,100,100,100,100,100,100,100,,100,,,,
NA,KOLTEPATIL,N,A,EQ,100,100,100,100,100,100,100,,,100,100,100,100,100,100,100,100,100,,100,,,,
NA,KONSTELEC,Y,A,ST,100,100,100,100,100,100,100,,,100,100,100,100,100,100,100,100,100,,100,,,,
NA,KONTOR,Y,A,SM,100,100,100,100,100,100,100,,,100,100,100,100,100,100,100,100,100,,100,,,,
NA,KOPRAN,N,A,EQ,100,100,100,100,1,100,100,,,100,100,100,100,100,100,100,100,100,,100,,,,
NA,KORE,Y,A,ST,100,100,100,100,100,100,100,,,100,100,100,100,1,100,100,100,100,,100,,,,
NA,KOTAKBANK,N,A,EQ,100,100,100,100,100,100,100,,,100,100,100,100,100,100,100,100,100,,100,,,,
NA,KOTARISUG,Y,A,BE,100,100,100,100,100,100,100,,,100,100,100,100,1,100,100,100,100,,100,,,,
NA,KOTHARIPET,Y,A,EQ,100,100,100,100,100,100,100,,,100,100,100,100,100,100,100,100,100,,100,,,,
NA,KOTHARIPRO,N,A,EQ,100,100,100,100,100,100,100,,,100,100,100,100,100,100,100,100,100,,100,,,,
NA,KOTIC,N,A,EQ,100,100,100,100,100,100,100,,,100,100,100,100,100,100,100,100,100,,100,,,,
NA,KOTYARK,N,A,EQ,100,100,100,100,100,100,100,,,100,100,100,100,100,100,100,100,100,,100,,,,
NA,KOVAI,N,A,EQ,100,100,100,100,100,100,100,,,100,100,100,100,100,100,100,100,100,,100,,,,
NA,KPEL,N,A,EQ,100,100,100,100,100,100,100,,,100,100,100,100,100,100,100,100,100,,100,,,,
NA,KPIGREEN,N,A,EQ,100,100,100,100,1,100,100,,,100,100,100,100,100,100,100,100,100,,100,,,,
NA,KPIL,N,A,EQ,100,100,100,100,100,100,100,,,100,100,100,100,100,100,100,100,100,,100,,,,
NA,KPITTECH,N,A,EQ,100,100,100,100,100,100,100,,,100,100,100,100,100,100,100,100,100,,100,,,,
NA,KPL,N,A,EQ,100,100,100,100,100,100,100,,,100,100,100,100,100,100,100,100,100,,100,,,,
NA,KPRMILL,N,A,EQ,100,100,100,100,100,100,100,,,100,100,100,100,100,100,100,100,100,,100,,,,
NA,KRBL,N,A,EQ,100,100,100,100,100,100,100,,,100,100,100,100,100,100,100,100,100,,100,,,,
NA,KREBSBIO,N,A,EQ,100,100,100,100,100,100,100,,,100,100,100,100,100,0,100,100,100,,100,,,,
NA,KRIDHANINF,N,A,EQ,100,100,100,100,100,100,100,,,100,100,100,100,100,100,100,100,100,,100,,,,
NA,KRISHANA,Y,A,EQ,100,100,100,100,100,100,100,,,100,100,100,100,100,100,100,100,100,,100,,,,
NA,KRISHCA,Y,A,SM,100,100,100,100,1,100,100,,,100,100,100,100,100,100,100,100,100,,100,,,,
NA,KRISHIVAL,N,A,EQ,100,100,100,100,100,100,100,,,100,100,100,100,100,100,100,100,100,,100,,,,
NA,KRISHNADEF,Y,A,EQ,100,100,100,100,100,100,100,,,100,100,100,100,100,100,100,100,100,,100,,,,
NA,KRITI,N,A,EQ,100,100,100,100,100,100,100,,,100,100,100,100,100,100,100,100,100,,100,,,,
NA,KRITIKA,Y,A,EQ,100,100,100,100,100,100,100,,,100,100,100,100,100,100,100,100,100,,100,,,,
NA,KRITINUT,N,A,EQ,100,100,100,100,100,100,100,,,100,100,100,100,100,100,100,100,100,,100,,,,
NA,KRMAYURVED,Y,A,SM,100,100,100,100,100,100,100,,,100,100,100,100,100,100,100,100,100,,100,,,,
NA,KRN,N,A,EQ,100,100,100,100,100,100,100,,,100,100,100,100,100,100,100,100,100,,100,,,,
NA,KRONOX,N,A,BE,100,100,100,100,100,100,100,,,100,100,100,100,1,100,100,100,100,,100,,,,
NA,KROSS,N,A,EQ,100,100,100,100,100,100,100,,,100,100,100,100,100,100,100,100,100,,100,,,,
NA,KRSNAA,N,A,EQ,100,100,100,100,100,100,100,,,100,100,100,100,100,100,100,100,100,,100,,,,
NA,KRYSTAL,N,A,EQ,100,100,100,100,100,100,100,,,100,100,100,100,100,100,100,100,100,,100,,,,
NA,KSB,N,A,EQ,100,100,100,100,100,100,100,,,100,100,100,100,100,100,100,100,100,,100,,,,
NA,KSCL,N,A,EQ,100,100,100,100,100,100,100,,,100,100,100,100,100,100,100,100,100,,100,,,,
NA,KSE,N,A,EQ,100,100,100,100,100,100,100,,,100,100,100,100,100,100,100,100,100,,100,,,,
NA,KSHINTL,N,A,EQ,100,100,100,100,100,100,100,,,100,100,100,100,100,100,100,100,100,,100,,,,
NA,KSHITIJPOL,Y,A,BE,100,100,100,100,100,100,100,,,100,100,100,100,1,100,100,100,100,,100,,,,
NA,KSL,N,A,EQ,100,100,100,100,100,100,100,,,100,100,100,100,100,100,100,100,100,,100,,,,
NA,KSOLVES,N,A,EQ,100,100,100,100,100,100,100,,,100,100,100,100,100,100,100,100,100,,100,,,,
NA,KSR,N,A,BE,100,100,100,100,100,100,100,,,100,100,100,100,1,100,100,100,100,,100,,,,
NA,KTKBANK,N,A,EQ,100,100,100,100,100,100,100,,,100,100,100,100,100,100,100,100,100,,100,,,,
NA,KUANTUM,N,A,EQ,100,100,100,100,100,100,100,,,100,100,100,100,100,100,100,100,100,,100,,,,
NA,KUSUMGAR,N,A,EQ,100,100,100,100,100,100,100,,,100,100,100,100,100,100,100,100,100,,100,,,,
NA,KWIL,N,A,EQ,100,100,100,100,100,100,100,,,100,100,100,100,100,100,100,100,100,,100,,,,
NA,LADDERUP,N,A,BE,100,100,100,100,100,100,100,,,100,100,100,100,1,100,100,100,100,,100,,,,
NA,LAGNAM,Y,A,EQ,100,100,100,100,100,100,100,,,100,100,100,100,100,100,100,100,100,,100,,,,
NA,LAHOTIOV,N,A,EQ,100,100,100,100,100,100,100,,,100,100,100,100,100,100,100,100,100,,100,,,,
NA,LAKPRE,N,A,BZ,0,100,100,0,100,100,100,,,100,100,100,100,100,100,100,0,100,,100,,,,
NA,LAKSHMIMIL,N,A,EQ,100,100,100,100,100,100,100,,,100,100,100,100,100,100,100,100,100,,100,,,,
NA,LAKSHYA,Y,A,SM,100,100,100,100,1,100,100,,,100,100,100,100,100,100,100,100,100,,100,,,,
NA,LAL,N,A,EQ,100,100,100,100,100,100,100,,,100,100,100,100,100,100,100,100,100,,100,,,,
NA,LALITHAA,N,A,EQ,100,100,100,100,1,100,100,,,100,100,100,100,100,100,100,100,100,,100,,,,
NA,LALPATHLAB,N,A,EQ,100,100,100,100,100,100,100,,,100,100,100,100,100,100,100,100,100,,100,,,,
NA,LAMBODHARA,N,A,EQ,100,100,100,100,100,100,100,,,100,100,100,100,100,100,100,100,100,,100,,,,
NA,LAMOSAIC,Y,A,ST,100,100,100,100,100,100,100,,,100,100,100,100,1,100,100,100,100,,100,,,,
NA,LANCER,N,A,EQ,100,100,100,100,100,100,100,,,100,100,100,100,100,100,100,100,100,,100,,,,
NA,LANCORHOL,N,A,BE,100,100,100,100,100,100,100,,,100,100,100,100,1,100,100,100,100,,100,,,,
NA,LANDMARK,N,A,EQ,100,100,100,100,100,100,100,,,100,100,100,100,100,100,100,100,100,,100,,,,
NA,LANDSMILL,N,A,EQ,100,1,100,100,100,100,100,,,100,100,100,100,100,100,100,100,100,,100,,,,
NA,LAOPALA,N,A,EQ,100,100,100,100,100,100,100,,,100,100,100,100,100,100,100,100,100,,100,,,,
NA,LASA,N,S,BE,100,100,100,100,100,100,100,,,100,100,100,100,100,100,100,100,0,,100,,,,
NA,LASERPOWER,N,A,EQ,100,100,100,100,100,100,100,,,100,100,100,100,100,100,100,100,100,,100,,,,
NA,LATENTVIEW,N,A,EQ,100,100,100,100,100,100,100,,,100,100,100,100,100,100,100,100,100,,100,,,,
NA,LATTEYS,Y,A,EQ,100,100,100,100,100,100,100,,,100,100,100,100,100,100,100,100,100,,100,,,,
NA,LAURUSLABS,N,A,EQ,100,100,100,100,100,100,100,,,100,100,100,100,100,100,100,100,100,,100,,,,
NA,LAXMICOT,Y,A,EQ,100,100,100,100,100,100,100,,,100,100,100,100,100,100,100,100,100,,100,,,,
NA,LAXMIDENTL,N,A,EQ,100,100,100,100,100,100,100,,,100,100,100,100,100,100,100,100,100,,100,,,,
NA,LAXMIINDIA,N,A,EQ,100,100,100,100,100,100,100,,,100,100,100,100,100,100,100,100,100,,100,,,,
NA,LCCINFOTEC,N,A,BE,100,100,100,100,100,100,100,,,100,100,100,100,100,0,100,100,100,,100,,,,
NA,LCCPROJECT,N,A,EQ,100,100,100,100,100,100,100,,,100,100,100,100,100,100,100,100,100,,100,,,,
NA,LCL,N,A,EQ,100,100,100,100,100,100,100,,,100,100,100,100,100,100,100,100,100,,100,,,,
NA,LEAPIND,N,A,EQ,100,100,100,100,100,100,100,,,100,100,100,100,100,100,100,100,100,,100,,,,
NA,LEENEE,N,A,BE,100,100,100,100,100,100,100,,,100,100,100,100,100,100,100,100,100,,100,,,,
NA,LEMERITE,Y,A,EQ,100,100,100,100,100,100,100,,,100,100,100,100,100,100,100,100,100,,100,,,,
NA,LEMONTREE,N,A,EQ,100,100,100,100,100,100,100,,,100,100,100,100,100,100,100,100,100,,100,,,,
NA,LENSKART,N,A,EQ,100,100,100,100,100,100,100,,,100,100,100,100,100,100,100,100,100,,100,,,,
NA,LEXUS,Y,A,EQ,100,100,100,100,100,100,100,,,100,100,100,100,100,100,100,100,100,,100,,,,
NA,LFIC,Y,A,EQ,100,100,100,100,100,100,100,,,100,100,100,100,100,100,100,100,100,,100,,,,
NA,LGBBROSLTD,N,A,EQ,100,100,100,100,100,100,100,,,100,100,100,100,100,100,100,100,100,,100,,,,
NA,LGEINDIA,N,A,EQ,100,100,100,100,100,100,100,,,100,100,100,100,100,100,100,100,100,,100,,,,
NA,LGHL,Y,A,EQ,100,100,100,100,100,100,100,,,100,100,100,100,100,100,100,100,100,,100,,,,
NA,LIBAS,Y,A,EQ,100,100,100,100,100,100,100,,,100,100,100,100,100,100,100,100,100,,100,,,,
NA,LIBERTSHOE,N,A,EQ,100,100,100,100,100,100,100,,,100,100,100,100,100,100,100,100,100,,100,,,,
NA,LICHSGFIN,N,A,EQ,100,100,100,100,100,100,100,,,100,100,100,100,100,100,100,100,100,,100,,,,
NA,LICI,N,A,EQ,100,100,100,100,100,100,100,,,100,100,100,100,100,100,100,100,100,,100,,,,
NA,LIKHITHA,N,A,EQ,100,100,100,100,100,100,100,,,100,100,100,100,100,100,100,100,100,,100,,,,
NA,LINC,N,A,EQ,100,100,100,100,100,100,100,,,100,100,100,100,100,100,100,100,100,,100,,,,
NA,LINCOLN,N,A,EQ,100,100,100,100,100,100,100,,,100,100,100,100,100,100,100,100,100,,100,,,,
NA,LINDEINDIA,N,A,EQ,100,100,100,100,100,100,100,,,100,100,100,100,100,100,100,100,100,,100,,,,
NA,LKPSEC,N,A,EQ,100,100,100,100,100,100,100,,,100,100,100,100,100,100,100,100,100,,100,,,,
NA,LLOYDS,Y,A,SM,100,100,100,100,100,100,100,,,100,100,100,100,100,100,100,100,100,,100,,,,
NA,LLOYDSENGG,N,A,EQ,100,100,100,100,100,100,100,,,100,100,100,100,100,100,100,100,100,,100,,,,
NA,LLOYDSENT,N,A,EQ,100,100,100,100,100,100,100,,,100,100,100,100,100,100,100,100,100,,100,,,,
NA,LLOYDSME,N,A,EQ,100,100,100,100,100,100,100,,,100,100,100,100,100,100,100,100,100,,100,,,,
NA,LMW,N,A,EQ,100,100,100,100,100,100,100,,,100,100,100,100,100,100,100,100,100,,100,,,,
NA,LODHA,N,A,EQ,100,100,100,100,100,100,100,,,100,100,100,100,100,100,100,100,100,,100,,,,
NA,LOKESHMACH,N,A,EQ,100,100,100,100,100,100,100,,,100,100,100,100,100,100,100,100,100,,100,,,,
NA,LORDSCHLO,N,A,EQ,100,100,100,100,100,100,100,,,100,100,100,100,100,100,100,100,100,,100,,,,
NA,LOTUSCHO,N,A,EQ,100,100,100,100,100,100,100,,,100,100,100,100,100,100,100,100,100,,100,,,,
NA,LOTUSDEV,N,A,BE,100,100,100,100,100,100,100,,,100,100,100,100,100,100,100,100,100,,100,,,,
NA,LOTUSEYE,N,A,EQ,100,100,100,100,100,100,100,,,100,100,100,100,100,100,100,100,100,,100,,,,
NA,LOVABLE,N,A,EQ,100,100,100,100,100,100,100,,,100,100,100,100,100,100,100,100,100,,100,,,,
NA,LOYALTEX,N,A,EQ,100,100,100,100,100,100,100,,,100,100,100,100,100,100,100,100,100,,100,,,,
NA,LPDC,N,A,EQ,100,100,100,100,100,100,100,,,100,100,100,100,100,100,100,100,100,,100,,,,
NA,LRRPL,Y,A,SM,100,100,100,100,100,100,100,,,100,100,100,100,100,100,100,100,100,,100,,,,
NA,LT,N,A,EQ,100,100,100,100,100,100,100,,,100,100,100,100,100,100,100,100,100,,100,,,,
NA,LTF,N,A,EQ,100,100,100,100,100,100,100,,,100,100,100,100,100,100,100,100,100,,100,,,,
NA,LTFOODS,N,A,EQ,100,100,100,100,100,100,100,,,100,100,100,100,100,100,100,100,100,,100,,,,
NA,LTM,N,A,EQ,100,100,100,100,100,100,100,,,100,100,100,100,100,100,100,100,100,,100,,,,
NA,LTTS,N,A,EQ,100,100,100,100,100,100,100,,,100,100,100,100,100,100,100,100,100,,100,,,,
NA,LUMAXIND,N,A,EQ,100,100,100,100,100,100,100,,,100,100,100,100,100,100,100,100,100,,100,,,,
NA,LUMAXTECH,N,A,EQ,100,100,100,100,100,100,100,,,100,100,100,100,100,100,100,100,100,,100,,,,
NA,LUMINO,N,A,EQ,100,100,100,100,100,100,100,,,100,100,100,100,100,100,100,100,100,,100,,,,
NA,LUPIN,N,A,EQ,100,100,100,100,100,100,100,,,100,100,100,100,100,100,100,100,100,,100,,,,
NA,LUXIND,N,A,EQ,100,100,100,100,100,100,100,,,100,100,100,100,100,100,100,100,100,,100,,,,
NA,LXCHEM,N,A,EQ,100,100,100,100,100,100,100,,,100,100,100,100,100,100,100,100,100,,100,,,,
NA,LYKALABS,N,A,BE,100,100,100,100,100,100,100,,,100,100,100,100,2,100,100,100,100,,100,,,,
NA,M&M,N,A,EQ,100,100,100,100,100,100,100,,,100,100,100,100,100,100,100,100,100,,100,,,,
NA,M&MFIN,N,A,EQ,100,100,100,100,100,100,100,,,100,100,100,100,100,100,100,100,100,,100,,,,
NA,MAANALU,N,A,EQ,100,100,100,100,100,100,100,,,100,100,100,100,100,100,100,100,100,,100,,,,
NA,MACOBSTECH,Y,A,SM,100,100,100,100,100,100,100,,,100,100,100,100,100,100,100,100,100,,100,,,,
NA,MACPOWER,Y,A,EQ,100,1,100,100,100,100,100,,,100,100,100,100,100,100,100,100,100,,100,,,,
NA,MADHAV,N,A,EQ,100,100,100,100,100,100,100,,,100,100,100,100,100,100,100,100,100,,100,,,,
NA,MADHAVBAUG,Y,A,ST,100,100,100,100,100,100,100,,,100,100,100,100,1,100,100,100,100,,100,,,,
NA,MADHAVIPL,N,A,EQ,100,100,100,100,100,100,100,,,100,100,100,100,100,100,100,100,100,,100,,,,
NA,MADHUCON,N,A,EQ,100,100,100,100,100,100,100,,,100,100,100,100,100,100,100,100,100,,100,,,,
NA,MADHURKNIT,Y,A,SM,100,100,100,100,1,100,100,,,100,100,100,100,100,100,100,100,100,,100,,,,
NA,MADHUSUDAN,Y,A,ST,100,100,100,100,100,100,100,,,100,100,100,100,1,100,100,100,100,,100,,,,
NA,MADRASFERT,N,A,EQ,100,100,100,100,100,100,100,,,100,100,100,100,100,100,100,100,100,,100,,,,
NA,MAFATIND,N,A,EQ,100,100,100,100,100,100,100,,,100,100,100,100,100,100,100,100,100,,100,,,,
NA,MAGADSUGAR,N,A,EQ,100,100,100,100,100,100,100,,,100,100,100,100,100,100,100,100,100,,100,,,,
NA,MAGNUM,N,A,EQ,100,100,100,100,100,100,100,,,100,100,100,100,100,100,100,100,100,,100,,,,
NA,MAGSON,Y,A,SM,100,100,100,100,100,100,100,,,100,100,100,100,100,100,100,100,100,,100,,,,
NA,MAHABANK,N,A,EQ,100,100,100,100,100,100,100,,,100,100,100,100,100,100,100,100,100,,100,,,,
NA,MAHAPEXLTD,N,A,EQ,100,1,100,100,100,100,100,,,100,100,100,100,100,100,100,100,100,,100,,,,
NA,MAHASTEEL,N,A,BE,100,100,100,100,100,100,100,,,100,100,100,100,100,100,100,100,100,,100,,,,
NA,MAHEPC,N,A,EQ,100,100,100,100,100,100,100,,,100,100,100,100,100,100,100,100,100,,100,,,,
NA,MAHESHWARI,Y,A,EQ,100,100,100,100,100,100,100,,,100,100,100,100,100,100,100,100,100,,100,,,,
NA,MAHICKRA,Y,A,SM,100,100,100,100,100,100,100,,,100,100,100,100,100,100,100,100,100,,100,,,,
NA,MAHLIFE,N,A,EQ,100,100,100,100,100,100,100,,,100,100,100,100,100,100,100,100,100,,100,,,,
NA,MAHLOG,N,A,EQ,100,100,100,100,100,100,100,,,100,100,100,100,100,100,100,100,100,,100,,,,
NA,MAHSCOOTER,N,A,EQ,100,100,100,100,100,100,100,,,100,100,100,100,100,100,100,100,100,,100,,,,
NA,MAHSEAMLES,N,A,EQ,100,100,100,100,100,100,100,,,100,100,100,100,100,100,100,100,100,,100,,,,
NA,MAITHANALL,N,A,EQ,100,100,100,100,100,100,100,,,100,100,100,100,100,100,100,100,100,,100,,,,
NA,MAITREYA,Y,A,SM,100,100,100,100,100,100,100,,,100,100,100,100,100,100,100,100,100,,100,,,,
NA,MAJESAUT,N,A,BE,100,100,100,100,100,100,100,,,100,100,100,100,1,100,100,100,100,,100,,,,
NA,MAKERSL,N,A,EQ,100,100,100,100,100,100,100,,,100,100,100,100,100,100,100,100,100,,100,,,,
NA,MAKS,Y,A,SM,100,100,100,100,100,100,100,,,100,100,100,100,100,100,100,100,100,,100,,,,
NA,MAL,Y,A,ST,100,100,100,100,100,100,100,,,100,100,100,100,1,100,100,100,100,,100,,,,
NA,MALLCOM,N,A,EQ,100,100,100,100,100,100,100,,,100,100,100,100,100,100,100,100,100,,100,,,,
NA,MALUPAPER,N,A,EQ,100,100,100,100,100,100,100,,,100,100,100,100,100,100,100,100,100,,100,,,,
NA,MAMATA,N,A,EQ,100,100,100,100,100,100,100,,,100,100,100,100,100,100,100,100,100,,100,,,,
NA,MANAKALUCO,N,A,EQ,100,100,100,100,100,100,100,,,100,100,100,100,100,100,100,100,100,,100,,,,
NA,MANAKCOAT,N,A,EQ,100,100,100,100,100,100,100,,,100,100,100,100,100,100,100,100,100,,100,,,,
NA,MANAKSIA,N,A,EQ,100,100,100,100,100,100,100,,,100,100,100,100,100,100,100,100,100,,100,,,,
NA,MANAKSTEEL,N,A,BE,100,100,100,100,100,100,100,,,100,100,100,100,1,100,100,100,100,,100,,,,
NA,MANALIPETC,N,A,EQ,100,100,100,100,100,100,100,,,100,100,100,100,100,100,100,100,100,,100,,,,
NA,MANAPPURAM,N,A,EQ,100,100,100,100,100,100,100,,,100,100,100,100,100,100,100,100,100,,100,,,,
NA,MANAV,Y,A,SM,100,100,100,100,100,100,100,,,100,100,100,100,100,100,100,100,100,,100,,,,
NA,MANBA,N,A,EQ,100,100,100,100,100,100,100,,,100,100,100,100,100,100,100,100,100,,100,,,,
NA,MANCREDIT,N,A,EQ,100,100,100,100,100,100,100,,,100,100,100,100,100,100,100,100,100,,100,,,,
NA,MANDEEP,Y,A,SM,100,100,100,100,100,100,100,,,100,100,100,100,100,100,100,100,100,,100,,,,
NA,MANGALAM,N,A,EQ,100,1,100,100,100,100,100,,,100,100,100,100,100,100,100,100,100,,100,,,,
NA,MANGLMCEM,N,A,EQ,100,100,100,100,100,100,100,,,100,100,100,100,100,100,100,100,100,,100,,,,
NA,MANIKA,N,A,BE,100,100,100,100,100,100,100,,,100,100,100,100,100,100,100,100,100,,100,,,,
NA,MANILAM,Y,A,SM,100,100,100,100,100,100,100,,,100,100,100,100,100,100,100,100,100,,100,,,,
NA,MANINDS,N,A,EQ,100,1,100,100,100,100,100,,,100,100,100,100,100,100,100,100,100,,100,,,,
NA,MANINFRA,N,A,EQ,100,100,100,100,100,100,100,,,100,100,100,100,100,100,100,100,100,,100,,,,
NA,MANIPALHOS,N,A,EQ,100,100,100,100,100,100,100,,,100,100,100,100,100,100,100,100,100,,100,,,,
NA,MANKIND,N,A,EQ,100,100,100,100,100,100,100,,,100,100,100,100,100,100,100,100,100,,100,,,,
NA,MANOMAY,N,A,EQ,100,100,100,100,100,100,100,,,100,100,100,100,100,100,100,100,100,,100,,,,
NA,MANORAMA,N,A,EQ,100,100,100,100,100,100,100,,,100,100,100,100,100,100,100,100,100,,100,,,,
NA,MANORG,N,A,EQ,100,100,100,100,100,100,100,,,100,100,100,100,100,100,100,100,100,,100,,,,
NA,MANUGRAPH,N,A,BE,100,100,100,100,100,100,100,,,100,100,100,100,1,100,100,100,100,,100,,,,
NA,MANYAVAR,N,A,EQ,100,100,100,100,100,100,100,,,100,100,100,100,100,100,100,100,100,,100,,,,
NA,MAPMYINDIA,N,A,EQ,100,100,100,100,100,100,100,,,100,100,100,100,100,100,100,100,100,,100,,,,
NA,MARALOVER,N,A,EQ,100,100,100,100,100,100,100,,,100,100,100,100,100,100,100,100,100,,100,,,,
NA,MARATHON,N,A,EQ,100,100,100,100,100,100,100,,,100,100,100,100,100,100,100,100,100,,100,,,,
NA,MARC,Y,A,ST,100,100,100,100,100,100,100,,,100,100,100,100,1,100,100,100,100,,100,,,,
NA,MARCO,Y,A,SM,100,100,100,100,100,100,100,,,100,100,100,100,100,100,100,100,100,,100,,,,
NA,MARICO,N,A,EQ,100,100,100,100,100,100,100,,,100,100,100,100,100,100,100,100,100,,100,,,,
NA,MARINE,Y,A,EQ,100,100,100,100,100,100,100,,,100,100,100,100,100,100,100,100,100,,100,,,,
NA,MARINETRAN,Y,A,ST,100,100,100,100,100,100,100,,,100,100,100,100,100,100,100,100,100,,100,,,,
NA,MARKOLINES,N,A,EQ,100,100,100,100,100,100,100,,,100,100,100,100,100,100,100,100,100,,100,,,,
NA,MARKSANS,N,A,EQ,100,100,100,100,100,100,100,,,100,100,100,100,100,100,100,100,100,,100,,,,
NA,MARSONS,N,A,EQ,100,100,100,100,100,100,100,,,100,100,100,100,100,100,100,100,100,,100,,,,
NA,MARUSHIKA,Y,A,SM,100,100,100,100,100,100,100,,,100,100,100,100,100,100,100,100,100,,100,,,,
NA,MARUTI,N,A,EQ,100,100,100,100,100,100,100,,,100,100,100,100,100,100,100,100,100,,100,,,,
NA,MASFIN,N,A,EQ,100,100,100,100,100,100,100,,,100,100,100,100,100,100,100,100,100,,100,,,,
NA,MASKINVEST,Y,A,EQ,100,100,100,100,100,100,100,,,100,100,100,100,100,100,100,100,100,,100,,,,
NA,MASON,Y,A,SM,100,100,100,100,100,100,100,,,100,100,100,100,100,100,100,100,100,,100,,,,
NA,MASTEK,N,A,EQ,100,100,100,100,100,100,100,,,100,100,100,100,100,100,100,100,100,,100,,,,
NA,MASTER,Y,A,SM,100,100,100,100,100,100,100,,,100,100,100,100,100,100,100,100,100,,100,,,,
NA,MASTERTR,N,A,EQ,100,100,100,100,100,100,100,,,100,100,100,100,100,100,100,100,100,,100,,,,
NA,MATRIMONY,N,A,EQ,100,100,100,100,100,100,100,,,100,100,100,100,100,100,100,100,100,,100,,,,
NA,MAWANASUG,N,A,EQ,100,100,100,100,100,100,100,,,100,100,100,100,100,100,100,100,100,,100,,,,
NA,MAXESTATES,N,A,EQ,100,100,100,100,100,100,100,,,100,100,100,100,100,100,100,100,100,,100,,,,
NA,MAXHEALTH,N,A,EQ,100,100,100,100,100,100,100,,,100,100,100,100,100,100,100,100,100,,100,,,,
NA,MAXIND,N,A,EQ,100,100,100,100,100,100,100,,,100,100,100,100,100,0,100,100,100,,100,,,,
NA,MAXPOSURE,Y,A,SM,100,100,100,100,100,100,100,,,100,100,100,100,100,100,100,100,100,,100,,,,
NA,MAXVOLT,Y,A,SM,100,100,100,100,100,100,100,,,100,100,100,100,100,100,100,100,100,,100,,,,
NA,MAYASHEEL,Y,A,SM,100,100,100,100,100,100,100,,,100,100,100,100,100,100,100,100,100,,100,,,,
NA,MAYURUNIQ,N,A,EQ,100,100,100,100,100,100,100,,,100,100,100,100,100,100,100,100,100,,100,,,,
NA,MAZDA,N,A,BE,100,100,100,100,100,100,100,,,100,100,100,100,1,100,100,100,100,,100,,,,
NA,MAZDOCK,N,A,EQ,100,100,100,100,100,100,100,,,100,100,100,100,100,100,100,100,100,,100,,,,
NA,MBAPL,Y,A,EQ,100,100,100,100,100,100,100,,,100,100,100,100,100,100,100,100,100,,100,,,,
NA,MBECL,N,A,BE,100,100,100,0,100,100,100,,,100,100,100,100,100,100,100,100,100,,100,,,,
NA,MBEL,N,A,EQ,100,100,100,100,100,100,100,,,100,100,100,100,100,100,100,100,100,,100,,,,
NA,MBLINFRA,N,A,EQ,100,100,100,100,100,100,100,,,100,100,100,100,100,100,100,100,100,,100,,,,
NA,MCCHRLS-B,N,A,EQ,0,100,100,100,100,100,100,,,100,100,100,100,100,100,100,100,100,,100,,,,
NA,MCL,Y,A,EQ,100,100,100,100,100,100,100,,,100,100,100,100,100,100,100,100,100,,100,,,,
NA,MCLEODRUSS,N,A,EQ,100,100,100,100,100,100,0,,,100,100,100,100,100,100,100,100,100,,100,,,,
NA,MCLOUD,N,A,EQ,100,100,100,100,100,100,100,,,1,100,100,100,100,100,100,100,100,,100,,,,
NA,MCON,Y,A,SM,100,100,100,100,100,100,100,,,100,100,100,100,100,100,100,100,100,,100,,,,
NA,MCX,N,A,EQ,100,100,100,100,100,100,100,,,100,100,100,100,100,100,100,100,100,,100,,,,
NA,MDL,Y,A,SM,100,100,100,100,100,100,100,,,100,100,100,100,100,100,100,100,100,,100,,,,
NA,MEDANTA,N,A,EQ,100,100,100,100,100,100,100,,,100,100,100,100,100,100,100,100,100,,100,,,,
NA,MEDIASSIST,N,A,EQ,100,100,100,100,100,100,100,,,100,100,100,100,100,100,100,100,100,,100,,,,
NA,MEDICAMEQ,N,A,BE,100,100,100,100,100,100,100,,,100,100,100,100,1,100,100,100,100,,100,,,,
NA,MEDICAPQ,N,A,BE,100,100,100,100,100,100,100,,,100,100,100,100,100,100,100,100,100,,100,,,,
NA,MEDICO,N,A,EQ,100,100,100,100,1,100,100,,,100,100,100,100,100,100,100,100,100,,100,,,,
NA,MEDIORG,Y,A,SM,100,1,100,100,100,100,100,,,100,100,100,100,100,100,100,100,100,,100,,,,
NA,MEDISTEP,Y,A,SM,100,100,100,100,100,100,100,,,100,100,100,100,100,100,100,100,100,,100,,,,
NA,MEDPLUS,N,A,EQ,100,100,100,100,100,100,100,,,1,100,100,100,100,100,100,100,100,,100,,,,
NA,MEESHO,N,A,EQ,100,100,100,100,100,100,100,,,100,100,100,100,100,100,100,100,100,,100,,,,
NA,MEGAFLEX,Y,A,SM,100,100,100,100,100,100,100,,,100,100,100,100,100,100,100,100,100,,100,,,,
NA,MEGASTAR,N,A,EQ,100,1,100,100,100,100,100,,,100,100,100,100,100,100,100,100,100,,100,,,,
NA,MEGATHERM,Y,A,SM,100,100,100,100,100,100,100,,,100,100,100,100,100,100,100,100,100,,100,,,,
NA,MEIL,N,A,EQ,100,100,100,100,100,100,100,,,100,100,100,100,100,100,100,100,100,,100,,,,
NA,MENNPIS,N,A,BE,100,100,100,100,100,100,100,,,100,100,100,100,1,100,100,100,100,,100,,,,
NA,MENONBE,N,A,EQ,100,1,100,100,100,100,100,,,100,100,100,100,100,100,100,100,100,,100,,,,
NA,MEP,N,A,BZ,0,100,100,0,100,100,100,,,100,100,100,100,100,100,100,0,100,,100,,,,
NA,MERCANTILE,N,A,EQ,100,100,100,100,100,100,100,,,100,100,100,100,100,100,100,100,100,,100,,,,
NA,MERCURYEV,N,A,EQ,100,100,100,100,100,100,100,,,100,100,100,100,100,100,100,100,100,,100,,,,
NA,METALIC,Y,A,ST,100,100,100,100,100,100,100,,,100,100,100,100,1,100,100,100,100,,100,,,,
NA,METROBRAND,N,A,EQ,100,100,100,100,100,100,100,,,100,100,100,100,100,100,100,100,100,,100,,,,
NA,METROGLOBL,N,A,EQ,100,100,100,100,100,100,100,,,100,100,100,100,100,100,100,100,100,,100,,,,
NA,METROPOLIS,N,A,EQ,100,100,100,100,100,100,100,,,100,100,100,100,100,100,100,100,100,,100,,,,
NA,MFML,N,A,EQ,100,100,100,100,100,100,100,,,100,100,100,100,100,100,100,100,100,,100,,,,
NA,MFSL,N,A,EQ,100,100,100,100,100,100,100,,,100,100,100,100,100,100,100,100,100,,100,,,,
NA,MGEL,N,A,EQ,100,100,100,100,100,100,100,,,100,100,100,100,100,100,100,100,100,,100,,,,
NA,MGL,N,A,EQ,100,100,100,100,100,100,100,,,100,100,100,100,100,100,100,100,100,,100,,,,
NA,MGSL,Y,A,SM,100,100,100,100,100,100,100,,,100,100,100,100,100,100,100,100,100,,100,,,,
NA,MHHL,Y,A,SM,100,100,100,100,100,100,100,,,100,100,100,100,100,100,100,100,100,,100,,,,
NA,MHLXMIRU,N,A,BE,100,100,100,100,100,100,100,,,100,100,100,100,1,100,100,100,100,,100,,,,
NA,MHRIL,N,A,EQ,100,100,100,100,100,100,100,,,100,100,100,100,100,100,100,100,100,,100,,,,
NA,MICEL,N,A,BE,100,100,100,100,100,100,100,,,100,100,100,100,2,100,100,100,100,,100,,,,
NA,MICROPRO,Y,A,SM,100,100,100,100,100,100,100,,,100,100,100,100,100,100,100,100,100,,100,,,,
NA,MIDHANI,N,A,EQ,100,100,100,100,100,100,100,,,100,100,100,100,100,100,100,100,100,,100,,,,
NA,MIDWESTLTD,N,A,EQ,100,100,100,100,100,100,100,,,100,100,100,100,100,100,100,100,100,,100,,,,
NA,MIEL,Y,A,SM,100,100,100,100,100,100,100,,,100,100,100,100,100,100,100,100,100,,100,,,,
NA,MIIL,N,A,EQ,100,100,100,100,100,100,100,,,100,100,100,100,100,100,100,100,100,,100,,,,
NA,MILKYMIST,N,A,BE,100,4,100,100,100,100,100,,,100,100,100,100,100,100,100,100,100,,100,,,,
NA,MILTON,Y,A,SM,100,100,100,100,100,100,100,,,100,100,100,100,100,100,100,100,100,,100,,,,
NA,MINALIND,N,A,BE,100,100,100,100,100,100,100,,,100,100,100,100,2,100,100,100,100,,100,,,,
NA,MINDACORP,N,A,EQ,100,100,100,100,100,100,100,,,100,100,100,100,100,100,100,100,100,,100,,,,
NA,MINDPOOL,Y,A,SM,100,100,100,100,100,100,100,,,100,100,100,100,100,100,100,100,100,,100,,,,
NA,MINDTECK,N,A,EQ,100,100,100,100,100,100,100,,,100,100,100,100,100,100,100,100,100,,100,,,,
NA,MIRZAINT,N,A,EQ,100,100,100,100,100,100,100,,,100,100,100,100,100,100,100,100,100,,100,,,,
NA,MITCON,Y,A,EQ,100,100,100,100,100,100,100,,,100,100,100,100,100,100,100,100,100,,100,,,,
NA,MITTAL,Y,A,EQ,100,100,100,100,100,100,100,,,100,100,100,100,100,100,100,100,100,,100,,,,
NA,MKEXIM,N,A,EQ,100,100,100,100,100,100,100,,,100,100,100,100,100,100,100,100,100,,100,,,,
NA,MKPL,N,A,EQ,100,100,100,100,100,100,100,,,100,100,100,100,100,100,100,100,100,,100,,,,
NA,MLKFOOD,N,A,EQ,100,100,100,100,100,100,100,,,100,100,100,100,100,100,100,100,100,,100,,,,
NA,MMEL,Y,A,SM,100,100,100,100,100,100,100,,,100,100,100,100,100,100,100,100,100,,100,,,,
NA,MMFL,N,A,EQ,100,100,100,100,100,100,100,,,100,100,100,100,100,100,100,100,100,,100,,,,
NA,MMP,Y,A,EQ,100,100,100,100,100,100,100,,,100,100,100,100,100,100,100,100,100,,100,,,,
NA,MMTC,N,A,EQ,100,100,100,100,100,100,100,,,100,100,100,100,100,100,100,100,100,,100,,,,
NA,MMWL,N,A,EQ,100,100,100,100,100,100,100,,,100,100,100,100,100,100,100,100,100,,100,,,,
NA,MOBIKWIK,N,A,EQ,100,100,100,100,100,100,100,,,100,100,100,100,100,100,100,100,100,,100,,,,
NA,MOBILISE,Y,A,SM,100,100,100,100,100,100,100,,,100,100,100,100,100,100,100,100,100,,100,,,,
NA,MODINATUR,N,A,EQ,100,100,100,100,100,100,100,,,100,100,100,100,100,100,100,100,100,,100,,,,
NA,MODIRUBBER,N,A,EQ,100,100,100,100,100,100,100,,,100,100,100,100,100,0,100,100,100,,100,,,,
NA,MODIS,N,A,EQ,100,100,100,100,100,100,100,,,100,100,100,100,100,100,100,100,100,,100,,,,
NA,MODISONLTD,N,A,BE,100,4,100,100,100,100,100,,,100,100,100,100,100,100,100,100,100,,100,,,,
NA,MODTHREAD,N,A,EQ,100,100,100,100,100,100,100,,,100,100,100,100,100,100,100,100,100,,100,,,,
NA,MOHITE,N,A,EQ,100,100,100,100,100,100,100,,,100,100,100,100,100,100,100,100,100,,100,,,,
NA,MOHITIND,N,A,EQ,100,100,100,100,100,100,100,,,100,100,100,100,100,100,100,100,100,,100,,,,
NA,MOIL,N,A,EQ,100,100,100,100,100,100,100,,,100,100,100,100,100,100,100,100,100,,100,,,,
NA,MOKSH,Y,A,EQ,100,100,100,100,100,100,100,,,100,100,100,100,100,100,100,100,100,,100,,,,
NA,MOL,N,A,EQ,100,100,100,100,100,100,100,,,100,100,100,100,100,100,100,100,100,,100,,,,
NA,MOLBIO,N,A,EQ,100,100,100,100,100,100,100,,,100,100,100,100,100,100,100,100,100,,100,,,,
NA,MOLDTECH,N,A,BE,100,100,100,100,100,100,100,,,100,100,100,100,1,100,100,100,100,,100,,,,
NA,MOLDTKPAC,N,A,EQ,100,100,100,100,100,100,100,,,100,100,100,100,100,100,100,100,100,,100,,,,
NA,MOMSBELIEF,N,A,EQ,100,100,100,100,100,100,100,,,100,100,100,100,100,100,100,100,100,,100,,,,
NA,MONARCH,N,A,EQ,100,100,100,100,100,100,100,,,100,100,100,100,100,100,100,100,100,,100,,,,
NA,MONEYBOXX,N,A,BE,100,100,100,100,2,100,100,,,100,100,100,100,100,100,100,100,100,,100,,,,
NA,MONEYVIEW,N,A,EQ,100,100,100,100,100,100,100,,,100,100,100,100,100,100,100,100,100,,100,,,,
NA,MONOLITH,Y,A,SM,100,100,100,100,100,100,100,,,100,100,100,100,100,100,100,100,100,,100,,,,
NA,MONOPHARMA,Y,A,SM,100,100,100,100,100,100,100,,,100,100,100,100,100,100,100,100,100,,100,,,,
NA,MONTECARLO,N,A,EQ,100,100,100,100,100,100,100,,,100,100,100,100,100,100,100,100,100,,100,,,,
NA,MORARJEE,N,S,BZ,3,100,100,100,100,100,100,,,100,100,100,100,100,100,100,0,100,,100,,,,
NA,MOREPENLAB,N,A,EQ,100,1,100,100,100,100,100,,,100,100,100,100,100,100,100,100,100,,100,,,,
NA,MOS,Y,A,SM,100,100,100,100,1,100,100,,,100,100,100,100,100,100,100,100,100,,100,,,,
NA,MOSCHIP,N,A,EQ,100,100,100,100,100,100,100,,,100,100,100,100,100,100,100,100,100,,100,,,,
NA,MOTHERSON,N,A,EQ,100,100,100,100,100,100,100,,,100,100,100,100,100,100,100,100,100,,100,,,,
NA,MOTILALOFS,N,A,EQ,100,100,100,100,100,100,100,,,100,100,100,100,100,100,100,100,100,,100,,,,
NA,MOTISONS,N,A,EQ,100,100,100,100,100,100,100,,,100,100,100,100,100,100,100,100,100,,100,,,,
NA,MOTOGENFIN,N,A,EQ,100,100,100,100,100,100,100,,,100,100,100,100,100,100,100,100,100,,100,,,,
NA,MOXSH,Y,A,SM,100,100,100,100,100,100,100,,,100,100,100,100,100,100,100,100,100,,100,,,,
NA,MPDL,N,A,BE,100,100,100,100,100,100,100,,,100,100,100,100,1,100,100,100,100,,100,,,,
NA,MPEL,Y,A,SM,100,100,100,100,1,100,100,,,100,100,100,100,100,100,100,100,100,,100,,,,
NA,MPHASIS,N,A,EQ,100,100,100,100,100,100,100,,,100,100,100,100,100,100,100,100,100,,100,,,,
NA,MPIMANIPAL,N,A,EQ,100,100,100,100,100,100,100,,,100,100,100,100,100,100,100,100,100,,100,,,,
NA,MPSLTD,N,A,EQ,100,1,100,100,100,100,100,,,100,100,100,100,100,100,100,100,100,,100,,,,
NA,MPTODAY,Y,A,SM,100,100,100,100,100,100,100,,,100,100,100,100,100,100,100,100,100,,100,,,,
NA,MRF,N,A,EQ,100,100,100,100,100,100,100,,,100,100,100,100,100,100,100,100,100,,100,,,,
NA,MRIL,Y,A,ST,100,100,100,100,100,100,100,,,100,100,100,100,1,100,100,100,100,,100,,,,
NA,MRPL,N,A,EQ,100,100,100,100,100,100,100,,,100,100,100,100,100,100,100,100,100,,100,,,,
NA,MSL,N,A,EQ,100,100,100,100,100,100,100,,,100,100,100,100,100,100,100,100,100,,100,,,,
NA,MSPL,N,A,EQ,100,100,100,100,100,100,100,,,100,100,100,100,100,100,100,100,100,,100,,,,
NA,MSTCLTD,N,A,EQ,100,100,100,100,100,100,100,,,100,100,100,100,100,100,100,100,100,,100,,,,
NA,MSUMI,N,A,EQ,100,100,100,100,100,100,100,,,100,100,100,100,100,100,100,100,100,,100,,,,
NA,MTARTECH,N,A,BE,100,4,100,100,100,100,100,,,100,100,100,100,100,100,100,100,100,,100,,,,
NA,MTEDUCARE,N,A,BE,0,100,100,0,100,100,100,,,100,100,100,100,100,100,0,100,100,,100,,,,
NA,MTNL,N,A,EQ,100,100,100,100,100,100,100,,,100,100,100,100,100,0,100,100,100,,100,,,,
NA,MUFIN,N,A,EQ,100,100,100,100,100,100,100,,,100,100,100,100,100,100,100,100,100,,100,,,,
NA,MUFTI,N,A,EQ,100,100,100,100,100,100,100,,,100,100,100,100,100,100,100,100,100,,100,,,,
NA,MUKANDLTD,N,A,EQ,100,100,100,100,1,100,100,,,100,100,100,100,100,100,100,100,100,,100,,,,
NA,MUKESHB,N,A,EQ,100,100,100,100,100,100,100,,,100,100,100,100,100,100,100,100,100,,100,,,,
NA,MUKKA,N,A,BE,100,100,100,100,100,100,100,,,100,100,100,100,1,100,100,100,100,,100,,,,
NA,MUKTAARTS,N,A,EQ,100,100,100,100,100,100,100,,,100,100,100,100,100,0,100,100,100,,100,,,,
NA,MUNISH,Y,A,SM,100,100,100,100,100,100,100,,,100,100,100,100,100,100,100,100,100,,100,,,,
NA,MUNJALAU,N,A,EQ,100,100,100,100,100,100,100,,,100,100,100,100,100,100,100,100,100,,100,,,,
NA,MUNJALSHOW,N,A,EQ,100,100,100,100,100,100,100,,,100,100,100,100,100,100,100,100,100,,100,,,,
NA,MURUDCERA,N,A,EQ,100,100,100,100,100,100,100,,,100,100,100,100,100,100,100,100,100,,100,,,,
NA,MUTHOOTCAP,N,A,EQ,100,100,100,100,100,100,100,,,100,100,100,100,100,100,0,100,100,,100,,,,
NA,MUTHOOTFIN,N,A,EQ,100,100,100,100,100,100,100,,,100,100,100,100,100,100,100,100,100,,100,,,,
NA,MUTHOOTMF,N,A,EQ,100,100,100,100,100,100,100,,,100,100,100,100,100,100,100,100,100,,100,,,,
NA,MVELECTRO,N,A,EQ,100,100,100,100,1,100,100,,,100,100,100,100,100,100,100,100,100,,100,,,,
NA,MVGJL,N,A,EQ,100,100,100,100,1,100,100,,,100,100,100,100,100,100,100,100,100,,100,,,,
NA,MVKAGRO,Y,A,SM,100,100,100,100,100,100,100,,,100,100,100,100,100,100,100,100,100,,100,,,,
NA,MWL,N,A,EQ,100,100,100,100,100,100,100,,,100,100,100,100,100,100,100,100,100,,100,,,,
NA,MYMUDRA,Y,A,SM,100,100,100,100,100,100,100,,,100,100,100,100,100,100,100,100,100,,100,,,,
NA,MYSORPETRO,N,A,BE,100,100,100,100,100,100,100,,,100,100,100,100,1,100,100,100,100,,100,,,,
NA,NACLIND,N,A,EQ,100,100,100,100,100,100,100,,,100,100,100,100,100,100,100,100,100,,100,,,,
NA,NAGAFERT,N,S,BZ,0,100,100,100,100,100,100,,,100,100,100,100,100,100,100,0,100,,100,,,,
NA,NAGREEKCAP,N,A,EQ,100,100,100,100,100,100,100,,,100,100,100,100,100,100,100,100,100,,100,,,,
NA,NAGREEKEXP,N,A,EQ,100,100,100,100,100,100,100,,,100,100,100,100,100,100,100,100,100,,100,,,,
NA,NAHARCAP,N,A,EQ,100,100,100,100,100,100,100,,,100,100,100,100,100,100,100,100,100,,100,,,,
NA,NAHARINDUS,N,A,EQ,100,100,100,100,100,100,100,,,100,100,100,100,100,100,100,100,100,,100,,,,
NA,NAHARPOLY,N,A,EQ,100,100,100,100,100,100,100,,,100,100,100,100,100,100,100,100,100,,100,,,,
NA,NAHARSPING,N,A,EQ,100,100,100,100,100,100,100,,,100,100,100,100,100,100,100,100,100,,100,,,,
NA,NAM-INDIA,N,A,EQ,100,100,100,100,100,100,100,,,100,100,100,100,100,100,100,100,100,,100,,,,
NA,NAMAN,Y,A,ST,100,100,100,100,1,100,100,,,100,100,100,100,100,100,100,100,100,,100,,,,
NA,NAMOEWASTE,Y,A,SM,100,100,100,100,1,100,100,,,100,100,100,100,100,100,100,100,100,,100,,,,
NA,NARMADA,N,A,EQ,100,100,100,100,100,100,100,,,100,100,100,100,100,100,100,100,100,,100,,,,
NA,NATCAPSUQ,N,A,BE,100,100,100,100,100,100,100,,,100,100,100,100,100,100,100,100,100,,100,,,,
NA,NATCOPHARM,N,A,EQ,100,100,100,100,100,100,100,,,100,100,100,100,100,100,100,100,100,,100,,,,
NA,NATHBIOGEN,N,A,EQ,100,100,100,100,100,100,100,,,100,100,100,100,100,100,100,100,100,,100,,,,
NA,NATIONALUM,N,A,EQ,100,100,100,100,100,100,100,,,100,100,100,100,100,100,100,100,100,,100,,,,
NA,NATIONSTD,N,A,EQ,100,1,100,100,100,100,100,,,100,100,100,100,100,100,100,100,100,,100,,,,
NA,NAUKRI,N,A,EQ,100,100,100,100,100,100,100,,,100,100,100,100,100,100,100,100,100,,100,,,,
NA,NAVA,N,A,EQ,100,100,100,100,100,100,100,,,100,100,100,100,100,100,100,100,100,,100,,,,
NA,NAVINFLUOR,N,A,EQ,100,100,100,100,100,100,100,,,100,100,100,100,100,100,100,100,100,,100,,,,
NA,NAVKARCORP,N,A,EQ,100,100,100,100,100,100,100,,,100,100,100,100,100,100,100,100,100,,100,,,,
NA,NAVKARURB,N,A,EQ,100,100,100,100,100,100,100,,,100,100,100,100,100,100,100,100,100,,100,,,,
NA,NAVNETEDUL,N,A,EQ,100,100,100,100,100,100,100,,,100,100,100,100,100,100,100,100,100,,100,,,,
NA,NAZARA,N,A,EQ,100,100,100,100,100,100,100,,,1,100,100,100,100,100,100,100,100,,100,,,,
NA,NBCC,N,A,EQ,100,100,100,100,100,100,100,,,100,100,100,100,100,100,100,100,100,,100,,,,
NA,NBIFIN,Y,A,EQ,100,100,100,100,100,100,100,,,100,100,100,100,100,100,100,100,100,,100,,,,
NA,NCC,N,A,EQ,100,100,100,100,100,100,100,,,100,100,100,100,100,100,100,100,100,,100,,,,
NA,NCLIND,N,A,EQ,100,100,100,100,100,100,100,,,100,100,100,100,100,100,100,100,100,,100,,,,
NA,NDGL,Y,A,EQ,100,100,100,100,100,100,100,,,100,100,100,100,100,100,100,100,100,,100,,,,
NA,NDL,N,A,EQ,100,100,100,100,100,100,100,,,100,100,100,100,100,100,100,100,100,,100,,,,
NA,NDLVENTURE,N,A,EQ,100,100,100,100,100,100,100,,,100,100,100,100,100,100,100,100,100,,100,,,,
NA,NDRAUTO,N,A,EQ,100,100,100,100,100,100,100,,,100,100,100,100,100,100,100,100,100,,100,,,,
NA,NDTV,N,A,EQ,100,100,100,100,100,100,100,,,100,100,100,100,100,0,100,100,100,,100,,,,
NA,NEAGI,N,A,EQ,100,100,100,100,100,100,100,,,100,100,100,100,100,100,100,100,100,,100,,,,
NA,NECCLTD,N,A,BE,100,100,100,100,100,100,100,,,100,100,100,100,1,100,100,100,100,,100,,,,
NA,NECLIFE,N,A,EQ,100,1,100,100,100,100,100,,,100,100,100,100,100,100,100,100,100,,100,,,,
NA,NEELAM,Y,A,SM,100,100,100,100,100,100,100,,,100,100,100,100,100,100,100,100,100,,100,,,,
NA,NELCAST,N,A,EQ,100,100,100,100,100,100,100,,,100,100,100,100,100,100,100,100,100,,100,,,,
NA,NELCO,N,A,EQ,100,100,100,100,100,100,100,,,100,100,100,100,100,100,100,100,100,,100,,,,
NA,NEOCHEM,Y,A,SM,100,100,100,100,100,100,100,,,100,100,100,100,100,100,100,100,100,,100,,,,
NA,NEOGEN,N,A,EQ,100,100,100,100,100,100,100,,,100,100,100,100,100,100,100,100,100,,100,,,,
NA,NEPHROCARE,Y,A,SM,100,100,100,100,100,100,100,,,100,100,100,100,100,100,100,100,100,,100,,,,
NA,NEPHROPLUS,N,A,EQ,100,100,100,100,100,100,100,,,100,100,100,100,100,100,100,100,100,,100,,,,
NA,NEPTUNE,Y,A,SM,100,100,100,100,100,100,100,,,100,100,100,100,100,100,100,100,100,,100,,,,
NA,NESCO,N,A,EQ,100,100,100,100,100,100,100,,,100,100,100,100,100,100,100,100,100,,100,,,,
NA,NESTLEIND,N,A,EQ,100,100,100,100,100,100,100,,,100,100,100,100,100,100,100,100,100,,100,,,,
NA,NETWEB,N,A,EQ,100,100,100,100,100,100,100,,,100,100,100,100,100,100,100,100,100,,100,,,,
NA,NETWORK18,N,A,EQ,100,100,100,100,100,100,100,,,100,100,100,100,100,100,100,100,100,,100,,,,
NA,NEUEON,N,A,BE,100,100,100,0,100,100,100,,,100,100,100,100,100,0,100,100,100,,100,,,,
NA,NEULANDLAB,N,A,EQ,100,100,100,100,100,100,100,,,100,100,100,100,100,100,100,100,100,,100,,,,
NA,NEWGEN,N,A,EQ,100,100,100,100,100,100,100,,,100,100,100,100,100,100,100,100,100,,100,,,,
NA,NEWJAISA,Y,A,ST,100,100,100,100,100,100,100,,,100,100,100,100,100,100,100,100,100,,100,,,,
NA,NEXTMEDIA,N,A,EQ,1,100,100,100,100,100,100,,,100,100,100,100,100,100,100,100,100,,100,,,,
NA,NFL,N,A,EQ,100,100,100,100,100,100,100,,,100,100,100,100,100,100,100,100,100,,100,,,,
NA,NFPSAMPOOR,Y,A,SM,100,100,100,100,100,100,100,,,100,100,100,100,100,100,100,100,100,,100,,,,
NA,NGIL,N,A,EQ,100,100,100,100,100,100,100,,,100,100,100,100,100,100,100,100,100,,100,,,,
NA,NGLFINE,N,A,EQ,100,100,100,100,100,100,100,,,100,100,100,100,100,100,100,100,100,,100,,,,
NA,NH,N,A,EQ,100,100,100,100,100,100,100,,,100,100,100,100,100,100,100,100,100,,100,,,,
NA,NHPC,N,A,EQ,100,100,100,100,100,100,100,,,100,100,100,100,100,100,100,100,100,,100,,,,
NA,NIACL,N,A,EQ,100,100,100,100,100,100,100,,,100,100,100,100,100,100,100,100,100,,100,,,,
NA,NIBE,N,A,EQ,100,100,100,100,100,100,100,,,100,100,100,100,100,100,100,100,100,,100,,,,
NA,NIBL,N,A,EQ,100,1,100,100,100,100,100,,,100,100,100,100,100,100,100,100,100,,100,,,,
NA,NICCOPAR,N,A,EQ,100,1,100,100,100,100,100,,,100,100,100,100,100,100,100,100,100,,100,,,,
NA,NIDAN,Y,A,SM,100,100,100,100,100,100,100,,,100,100,100,100,100,100,100,100,100,,100,,,,
NA,NIITLTD,N,A,EQ,100,100,100,100,100,100,100,,,100,100,100,100,100,100,100,100,100,,100,,,,
NA,NIITMTS,N,A,EQ,100,100,100,100,100,100,100,,,100,100,100,100,100,100,100,100,100,,100,,,,
NA,NIKITA,Y,A,SM,100,100,100,100,100,100,100,,,100,100,100,100,100,100,100,100,100,,100,,,,
NA,NILAINFRA,N,A,EQ,100,100,100,100,100,100,100,,,100,100,100,100,100,100,100,100,100,,100,,,,
NA,NILASPACES,N,A,EQ,100,100,100,100,100,100,100,,,100,100,100,100,100,100,100,100,100,,100,,,,
NA,NILE,N,A,EQ,100,100,100,100,100,100,100,,,100,100,100,100,100,100,100,100,100,,100,,,,
NA,NILKAMAL,N,A,EQ,100,100,100,100,100,100,100,,,100,100,100,100,100,100,100,100,100,,100,,,,
NA,NIMBSPROJ,N,A,EQ,100,100,100,100,100,100,100,,,100,100,100,100,100,100,100,100,100,,100,,,,
NA,NINSYS,N,A,EQ,100,100,100,100,100,100,100,,,100,100,100,100,100,100,100,100,100,,100,,,,
NA,NIPPOBATRY,N,A,EQ,100,100,100,100,100,100,100,,,100,100,100,100,100,100,100,100,100,,100,,,,
NA,NIRAJ,N,A,EQ,100,100,100,100,100,100,100,,,100,100,100,100,100,100,100,100,100,,100,,,,
NA,NIRAJISPAT,Y,A,BE,100,100,100,100,100,100,100,,,100,100,100,100,1,100,100,100,100,,100,,,,
NA,NIRLON,N,A,EQ,100,100,100,100,100,100,100,,,100,100,100,100,100,100,100,100,100,,100,,,,
NA,NIRMAN,Y,A,SM,100,100,100,100,100,100,100,,,100,100,100,100,100,100,100,100,100,,100,,,,
NA,NITCO,N,A,EQ,100,100,100,100,100,100,100,,,100,100,100,100,100,100,100,100,100,,100,,,,
NA,NITINSPIN,N,A,EQ,100,100,100,100,100,100,100,,,100,100,100,100,100,100,100,100,100,,100,,,,
NA,NITIRAJ,Y,A,EQ,100,100,100,100,100,100,100,,,100,100,100,100,100,100,100,100,100,,100,,,,
NA,NITTAGELA,N,A,EQ,100,100,100,100,100,100,100,,,100,100,100,100,100,100,100,100,100,,100,,,,
NA,NIVABUPA,N,A,EQ,100,100,100,100,100,100,100,,,100,100,100,100,100,100,100,100,100,,100,,,,
NA,NKIND,N,A,EQ,100,100,100,100,100,100,100,,,100,100,100,100,100,0,100,100,100,,100,,,,
NA,NLCINDIA,N,A,EQ,100,100,100,100,100,100,100,,,100,100,100,100,100,100,100,100,100,,100,,,,
NA,NMDC,N,A,EQ,100,100,100,100,100,100,100,,,100,100,100,100,100,100,100,100,100,,100,,,,
NA,NMSTEEL,Y,A,SM,100,100,100,100,100,100,100,,,100,100,100,100,100,100,100,100,100,,100,,,,
NA,NOCIL,N,A,EQ,100,100,100,100,100,100,100,,,100,100,100,100,100,100,100,100,100,,100,,,,
NA,NOIDATOLL,N,A,EQ,100,100,100,100,100,100,100,,,100,100,100,100,100,100,100,100,100,,100,,,,
NA,NORBTEAEXP,N,A,EQ,100,100,100,100,100,100,100,,,100,100,100,100,100,100,100,100,100,,100,,,,
NA,NORTHARC,N,A,EQ,100,100,100,100,100,100,100,,,100,100,100,100,100,100,100,100,100,,100,,,,
NA,NOVAAGRI,N,A,EQ,100,100,100,100,100,100,100,,,100,100,100,100,100,100,100,100,100,,100,,,,
NA,NOVARTIND,N,A,EQ,100,100,100,100,100,100,100,,,100,100,100,100,100,100,100,100,100,,100,,,,
NA,NPST,N,A,EQ,100,100,100,100,100,100,100,,,100,100,100,100,100,100,100,100,100,,100,,,,
NA,NRAIL,N,A,EQ,100,100,100,100,100,100,100,,,100,100,100,100,100,100,0,100,100,,100,,,,
NA,NRBBEARING,N,A,EQ,100,100,100,100,100,100,100,,,100,100,100,100,100,100,100,100,100,,100,,,,
NA,NRL,Y,A,BE,100,100,100,100,100,100,100,,,100,100,100,100,2,100,100,100,100,,100,,,,
NA,NRVANDANA,Y,A,SM,100,100,100,100,100,100,100,,,100,100,100,100,100,100,100,100,100,,100,,,,
NA,NSIL,N,A,EQ,100,100,100,100,100,100,100,,,100,100,100,100,100,100,100,100,100,,100,,,,
NA,NSLNISP,N,A,EQ,100,100,100,100,100,100,100,,,100,100,100,100,100,100,100,100,100,,100,,,,
NA,NTCIND,N,A,EQ,100,100,100,100,100,100,100,,,100,100,100,100,100,100,100,100,100,,100,,,,
NA,NTPC,N,A,EQ,100,100,100,100,100,100,100,,,100,100,100,100,100,100,100,100,100,,100,,,,
NA,NTPCGREEN,N,A,EQ,100,100,100,100,100,100,100,,,100,100,100,100,100,100,100,100,100,,100,,,,
NA,NUCLEUS,N,A,EQ,100,100,100,100,100,100,100,,,100,100,100,100,100,100,100,100,100,,100,,,,
NA,NURECA,N,A,BE,100,100,100,100,100,100,100,,,100,100,100,100,1,100,100,100,100,,100,,,,
NA,NUVAMA,N,A,EQ,100,100,100,100,100,100,100,,,100,100,100,100,100,100,100,100,100,,100,,,,
NA,NUVOCO,N,A,EQ,100,100,100,100,100,100,100,,,100,100,100,100,100,100,100,100,100,,100,,,,
NA,NYKAA,N,A,EQ,100,100,100,100,100,100,100,,,100,100,100,100,100,100,100,100,100,,100,,,,
NA,OAL,N,A,EQ,100,100,100,100,100,100,100,,,100,100,100,100,100,100,100,100,100,,100,,,,
NA,OBCL,N,A,EQ,100,100,100,100,100,100,100,,,100,100,100,100,100,100,100,100,100,,100,,,,
NA,OBEROIRLTY,N,A,EQ,100,100,100,100,100,100,100,,,100,100,100,100,100,100,0,100,100,,100,,,,
NA,OBSCP,Y,A,SM,100,100,100,100,100,100,100,,,100,100,100,100,100,100,100,100,100,,100,,,,
NA,OCCLLTD,N,A,BE,100,100,100,100,100,100,100,,,100,100,100,100,1,100,100,100,100,,100,,,,
NA,ODIGMA,N,A,EQ,100,100,100,100,100,100,100,,,100,100,100,100,100,100,100,100,100,,100,,,,
NA,ODYCORP,N,A,EQ,100,100,100,100,100,100,100,,,100,100,100,100,100,100,100,100,100,,100,,,,
NA,OFSS,N,A,EQ,100,100,100,100,100,100,100,,,100,100,100,100,100,100,100,100,100,,100,,,,
NA,OIL,N,A,EQ,100,100,100,100,100,100,100,,,100,100,100,100,100,100,100,100,100,,100,,,,
NA,OILCOUNTUB,N,A,BE,100,100,100,100,100,100,100,,,100,100,100,100,2,100,100,100,100,,100,,,,
NA,OLAELEC,N,A,EQ,100,100,100,100,100,100,100,,,100,100,100,100,100,0,100,100,100,,100,,,,
NA,OLECTRA,N,A,EQ,100,100,100,100,100,100,100,,,100,100,100,100,100,100,100,100,100,,100,,,,
NA,OLIL,Y,A,SM,100,100,100,100,100,100,100,,,100,100,100,100,100,100,100,100,100,,100,,,,
NA,OMAXAUTO,N,A,EQ,100,100,100,100,100,100,100,,,100,100,100,100,100,100,100,100,100,,100,,,,
NA,OMAXE,N,A,EQ,100,100,100,100,100,100,100,,,100,100,100,100,100,0,100,100,100,,100,,,,
NA,OMFREIGHT,N,A,BE,100,100,100,100,100,100,100,,,100,100,100,100,1,100,100,100,100,,100,,,,
NA,OMFURN,Y,A,SM,100,100,100,100,100,100,100,,,100,100,100,100,100,100,100,100,100,,100,,,,
NA,OMINFRAL,N,A,EQ,100,100,100,100,100,100,100,,,100,100,100,100,100,100,100,100,100,,100,,,,
NA,OMNI,N,A,EQ,100,100,100,100,100,100,100,,,100,100,100,100,100,100,100,100,100,,100,,,,
NA,OMPOWER,N,A,EQ,100,100,100,100,100,100,100,,,100,100,100,100,100,100,100,100,100,,100,,,,
NA,ONDOOR,Y,A,SM,100,100,100,100,100,100,100,,,100,100,100,100,100,100,100,100,100,,100,,,,
NA,ONEGLOBAL,N,A,EQ,100,100,100,100,100,100,100,,,100,100,100,100,100,100,100,100,100,,100,,,,
NA,ONELIFECAP,N,A,BE,100,100,100,100,100,100,100,,,100,100,100,100,1,100,100,100,100,,100,,,,
NA,ONEPOINT,N,A,EQ,100,100,100,100,100,100,100,,,100,100,100,100,100,100,100,100,100,,100,,,,
NA,ONESOURCE,N,A,EQ,100,100,100,100,100,100,100,,,100,100,100,100,100,100,100,100,100,,100,,,,
NA,ONGC,N,A,EQ,100,100,100,100,100,100,100,,,100,100,100,100,100,100,100,100,100,,100,,,,
NA,ONIDA,N,A,EQ,100,100,100,100,100,100,100,,,100,100,100,100,100,100,100,100,100,,100,,,,
NA,ONIXSOLAR,N,A,EQ,100,1,100,100,100,100,100,,,100,100,100,100,100,100,100,100,100,,100,,,,
NA,ONMOBILE,N,A,BE,100,100,100,100,100,100,100,,,100,100,100,100,1,100,100,100,100,,100,,,,
NA,ONWARDTEC,N,A,EQ,100,100,100,100,100,100,100,,,100,100,100,100,100,100,100,100,100,,100,,,,
NA,ONYX,Y,A,ST,100,100,100,100,100,100,100,,,100,100,100,100,1,100,100,100,100,,100,,,,
NA,OPTIEMUS,N,A,EQ,100,100,100,100,1,100,100,,,100,100,100,100,100,100,100,100,100,,100,,,,
NA,OPTIFIN,N,A,EQ,100,100,100,100,100,100,100,,,100,100,100,100,100,100,100,100,100,,100,,,,
NA,OPTIMYSTIX,Y,A,SM,100,100,100,100,100,100,100,,,100,100,100,100,100,100,100,100,100,,100,,,,
NA,OPTIVALUE,Y,A,ST,100,100,100,100,100,100,100,,,100,100,100,100,1,100,100,100,100,,100,,,,
NA,ORBTEXP,N,A,EQ,100,100,100,100,100,100,100,,,100,100,100,100,100,100,100,100,100,,100,,,,
NA,ORCHASP,N,A,EQ,100,100,100,100,100,100,100,,,100,100,100,100,100,100,100,100,100,,100,,,,
NA,ORCHPHARMA,N,A,EQ,100,100,100,100,100,100,100,,,100,100,100,100,100,100,100,100,100,,100,,,,
NA,ORIANA,Y,A,SM,100,100,100,100,100,100,100,,,100,100,100,100,100,100,0,100,100,,100,,,,
NA,ORICONENT,N,A,EQ,100,100,100,100,100,100,100,,,100,100,100,100,100,100,100,100,100,,100,,,,
NA,ORIENTALTL,N,A,EQ,100,100,100,100,100,100,100,,,100,100,100,100,100,100,100,100,100,,100,,,,
NA,ORIENTBELL,N,A,EQ,100,100,100,100,100,100,100,,,100,100,100,100,100,100,100,100,100,,100,,,,
NA,ORIENTCEM,N,A,EQ,100,100,100,100,100,100,100,,,100,100,100,100,100,100,100,100,100,,100,,,,
NA,ORIENTCER,N,A,EQ,100,100,100,100,100,100,100,,,100,100,100,100,100,100,100,100,100,,100,,,,
NA,ORIENTELEC,N,A,EQ,100,100,100,100,100,100,100,,,100,100,100,100,100,100,100,100,100,,100,,,,
NA,ORIENTHOT,N,A,EQ,100,100,100,100,100,100,100,,,100,100,100,100,100,100,100,100,100,,100,,,,
NA,ORIENTLTD,N,A,BE,100,100,100,100,100,100,100,,,100,100,100,100,1,100,100,100,100,,100,,,,
NA,ORIENTPPR,N,A,EQ,100,100,100,100,100,100,100,,,100,100,100,100,100,100,100,100,100,,100,,,,
NA,ORIENTTECH,N,A,EQ,100,100,100,100,100,100,100,,,100,100,100,100,100,100,100,100,100,,100,,,,
NA,ORIRAIL,N,A,EQ,100,100,100,100,100,100,100,,,100,100,100,100,100,100,100,100,100,,100,,,,
NA,ORISSAMINE,N,A,EQ,100,100,100,100,100,100,100,,,100,100,100,100,100,100,100,100,100,,100,,,,
NA,ORKLAINDIA,N,A,EQ,100,100,100,100,100,100,100,,,100,100,100,100,100,100,100,100,100,,100,,,,
NA,ORTEL,N,S,BZ,3,100,100,0,100,100,100,,,100,100,100,100,100,100,100,0,100,,100,,,,
NA,ORTINGLOBE,N,A,EQ,0,100,100,100,100,100,100,,,100,100,100,100,100,0,100,100,100,,100,,,,
NA,OSELDEVICE,Y,A,SM,100,100,100,100,100,100,100,,,100,100,100,100,100,100,100,100,100,,100,,,,
NA,OSIAHYPER,Y,A,BE,100,100,100,0,100,100,100,,,100,100,100,100,100,100,100,100,100,,100,,,,
NA,OSWALAGRO,N,A,EQ,100,100,100,100,100,100,100,,,100,100,100,100,100,100,100,100,100,,100,,,,
NA,OSWALGREEN,N,A,EQ,100,100,100,100,100,100,100,,,100,100,100,100,100,100,100,100,100,,100,,,,
NA,OSWALPUMPS,N,A,EQ,100,100,100,100,100,100,100,,,100,100,100,100,100,100,100,100,100,,100,,,,
NA,OSWALSEEDS,Y,A,EQ,100,100,100,100,100,100,100,,,100,100,100,100,100,100,100,100,100,,100,,,,
NA,OWAIS,Y,A,ST,100,100,100,1,100,100,100,,,100,100,100,100,100,100,100,100,100,,100,,,,
NA,PACEDIGITK,N,A,EQ,100,100,100,100,100,100,100,,,100,100,100,100,100,100,100,100,100,,100,,,,
NA,PACIFICI,N,A,EQ,100,100,100,100,100,100,100,,,100,100,100,100,100,100,100,100,100,,100,,,,
NA,PAGEIND,N,A,EQ,100,100,100,100,100,100,100,,,100,100,100,100,100,100,100,100,100,,100,,,,
NA,PAISALO,N,A,EQ,100,1,100,100,100,100,100,,,100,100,100,100,100,100,100,100,100,,100,,,,
NA,PAKKA,N,A,EQ,100,100,100,100,100,100,100,,,100,100,100,100,100,100,100,100,100,,100,,,,
NA,PALASHSECU,N,A,EQ,100,100,100,100,100,100,100,,,100,100,100,100,100,100,100,100,100,,100,,,,
NA,PALREDTEC,N,A,EQ,100,100,100,100,100,100,100,,,100,100,100,100,100,0,100,100,100,,100,,,,
NA,PANACEABIO,N,A,EQ,100,100,100,100,100,100,100,,,100,100,100,100,100,100,100,100,100,,100,,,,
NA,PANACHE,Y,A,BE,100,100,100,100,100,100,100,,,100,100,100,100,2,100,100,100,100,,100,,,,
NA,PANAMAPET,N,A,EQ,100,100,100,100,100,100,100,,,100,100,100,100,100,100,100,100,100,,100,,,,
NA,PANCHMAHQ,N,A,EQ,100,100,100,100,100,100,100,,,100,100,100,100,100,100,100,100,100,,100,,,,
NA,PANORAMA,N,A,EQ,100,100,100,100,1,100,100,,,100,100,100,100,100,100,100,100,100,,100,,,,
NA,PANSARI,Y,A,EQ,100,100,100,100,100,100,100,,,100,100,100,100,100,100,100,100,100,,100,,,,
NA,PAR,Y,A,BE,100,100,100,100,100,100,100,,,100,100,100,100,1,100,100,100,100,,100,,,,
NA,PARACABLES,N,A,EQ,100,100,100,100,100,100,100,,,100,100,100,100,100,100,100,100,100,,100,,,,
NA,PARADEEP,N,A,EQ,100,100,100,100,100,100,100,,,100,100,100,100,100,100,100,100,100,,100,,,,
NA,PARAGMILK,N,A,EQ,100,100,100,100,100,100,100,,,100,100,100,100,100,100,100,100,100,,100,,,,
NA,PARAGON,Y,A,SM,100,100,100,100,100,100,100,,,100,100,100,100,100,100,100,100,100,,100,,,,
NA,PARAMATRIX,Y,A,SM,100,100,100,100,100,100,100,,,100,100,100,100,100,100,100,100,100,,100,,,,
NA,PARAMOUNT,Y,A,SM,100,100,100,100,1,100,100,,,100,100,100,100,100,100,100,100,100,,100,,,,
NA,PARAMPARA,Y,A,SM,100,100,100,100,100,100,100,,,100,100,100,100,100,100,100,100,100,,100,,,,
NA,PARAS,N,A,EQ,100,100,100,100,100,100,100,,,100,100,100,100,100,100,100,100,100,,100,,,,
NA,PARASPETRO,N,A,EQ,100,1,100,100,100,100,100,,,100,100,100,100,100,100,100,100,100,,100,,,,
NA,PARIN,Y,A,EQ,100,100,100,100,100,100,100,,,100,100,100,100,100,100,100,100,100,,100,,,,
NA,PARKHOSPS,N,A,EQ,100,100,100,100,100,100,100,,,100,100,100,100,100,100,100,100,100,,100,,,,
NA,PARKHOTELS,N,A,EQ,100,100,100,100,100,100,100,,,100,100,100,100,100,100,100,100,100,,100,,,,
NA,PARNAXLAB,N,A,EQ,100,100,100,100,100,100,100,,,100,100,100,100,100,100,100,100,100,,100,,,,
NA,PARSVNATH,N,A,BE,100,100,100,0,100,100,100,,,100,100,100,100,100,100,100,100,100,,100,,,,
NA,PARTH,Y,A,SM,100,100,100,100,100,100,100,,,100,100,100,100,100,100,100,100,100,,100,,,,
NA,PARTYCRUS,Y,A,SM,100,100,100,100,100,100,100,,,100,100,100,100,100,100,100,100,100,,100,,,,
NA,PASHUPATI,N,A,EQ,100,100,100,100,100,100,100,,,100,100,100,100,100,100,100,100,100,,100,,,,
NA,PASUPTAC,N,A,EQ,100,100,100,100,100,100,100,,,100,100,100,100,100,100,100,100,100,,100,,,,
NA,PATANJALI,N,A,EQ,100,100,100,100,100,100,100,,,1,100,100,100,100,100,100,100,100,,100,,,,
NA,PATELENG,N,A,EQ,100,100,100,100,100,100,100,,,1,100,100,100,100,100,100,100,100,,100,,,,
NA,PATELRMART,N,A,EQ,100,100,100,100,100,100,100,,,100,100,100,100,100,100,100,100,100,,100,,,,
NA,PATILAUTOM,Y,A,ST,100,100,100,100,100,100,100,,,100,100,100,100,1,100,100,100,100,,100,,,,
NA,PATINTLOG,N,A,EQ,100,100,100,100,100,100,100,,,100,100,100,100,100,100,100,100,100,,100,,,,
NA,PATTECH,Y,A,SM,100,100,100,100,100,100,100,,,100,100,100,100,100,100,100,100,100,,100,,,,
NA,PAUSHAKLTD,N,A,EQ,100,100,100,100,100,100,100,,,100,100,100,100,100,100,100,100,100,,100,,,,
NA,PAVNAIND,N,A,EQ,100,100,100,100,100,100,100,,,100,100,100,100,100,100,100,100,100,,100,,,,
NA,PAYTM,N,A,EQ,100,100,100,100,100,100,100,,,100,100,100,100,100,100,100,100,100,,100,,,,
NA,PBMPOLY,N,A,EQ,100,100,100,100,100,100,100,,,100,100,100,100,100,100,100,100,100,,100,,,,
NA,PCBL,N,A,EQ,100,100,100,100,100,100,100,,,100,100,100,100,100,100,100,100,100,,100,,,,
NA,PCCL,Y,A,SM,100,100,100,100,100,100,100,,,100,100,100,100,100,100,100,100,100,,100,,,,
NA,PCJEWELLER,N,A,EQ,100,100,100,100,1,100,100,,,100,100,100,100,100,100,100,100,100,,100,,,,
NA,PDMJEPAPER,N,A,EQ,100,100,100,100,100,100,100,,,100,100,100,100,100,100,100,100,100,,100,,,,
NA,PDSL,N,A,EQ,100,100,100,100,100,100,100,,,100,100,100,100,100,100,100,100,100,,100,,,,
NA,PEARLPOLY,N,A,EQ,100,1,100,100,100,100,100,,,100,100,100,100,100,100,100,100,100,,100,,,,
NA,PELATRO,Y,A,SM,100,100,100,100,100,100,100,,,100,100,100,100,100,100,100,100,100,,100,,,,
NA,PENIND,N,A,EQ,100,100,100,100,100,100,100,,,100,100,100,100,100,100,100,100,100,,100,,,,
NA,PENINLAND,N,A,EQ,100,100,100,100,100,100,100,,,100,100,100,100,100,100,100,100,100,,100,,,,
NA,PENTAGON,Y,A,ST,100,100,100,100,100,100,100,,,100,100,100,100,1,100,100,100,100,,100,,,,
NA,PERFECT,Y,A,SZ,0,100,100,0,100,100,100,,,100,100,100,100,100,100,100,0,100,,100,,,,
NA,PERMAGN,N,A,EQ,100,100,100,100,100,100,100,,,100,100,100,100,100,100,100,100,100,,100,,,,
NA,PERNIASPOP,N,A,EQ,100,100,100,100,100,100,100,,,100,100,100,100,100,100,100,100,100,,100,,,,
NA,PERSISTENT,N,A,EQ,100,100,100,100,100,100,100,,,100,100,100,100,100,100,100,100,100,,100,,,,
NA,PETRONET,N,A,EQ,100,100,100,100,100,100,100,,,100,100,100,100,100,100,100,100,100,,100,,,,
NA,PFC,N,A,EQ,100,100,100,100,100,100,100,,,100,100,100,100,100,100,100,100,100,,100,,,,
NA,PFIZER,N,A,EQ,100,100,100,100,100,100,100,,,100,100,100,100,100,100,100,100,100,,100,,,,
NA,PFOCUS,N,A,EQ,100,100,100,100,100,100,100,,,100,100,100,100,100,100,100,100,100,,100,,,,
NA,PFS,N,A,EQ,100,100,100,100,100,100,100,,,100,100,100,100,100,100,100,100,100,,100,,,,
NA,PGEL,N,A,EQ,100,100,100,100,100,100,100,,,100,100,100,100,100,100,100,100,100,,100,,,,
NA,PGHH,N,A,EQ,100,100,100,100,100,100,100,,,100,100,100,100,100,100,100,100,100,,100,,,,
NA,PGHL,N,A,EQ,100,100,100,100,100,100,100,,,100,100,100,100,100,100,100,100,100,,100,,,,
NA,PGIL,N,A,EQ,100,100,100,100,100,100,100,,,100,100,100,100,100,100,100,100,100,,100,,,,
NA,PHANTOMFX,Y,A,SM,100,100,100,100,100,100,100,,,100,100,100,100,100,100,100,100,100,,100,,,,
NA,PHOENIXLTD,N,A,EQ,100,100,100,100,100,100,100,,,100,100,100,100,100,100,100,100,100,,100,,,,
NA,PHOENXINTL,N,A,EQ,100,100,100,100,100,100,100,,,100,100,100,100,100,100,100,100,100,,100,,,,
NA,PHOGLOBAL,Y,A,SM,100,100,100,100,100,100,100,,,100,100,100,100,100,100,100,100,100,,100,,,,
NA,PICCADIL,N,A,EQ,100,100,100,100,100,100,100,,,100,100,100,100,100,100,100,100,100,,100,,,,
NA,PIDILITIND,N,A,EQ,100,100,100,100,100,100,100,,,100,100,100,100,100,100,100,100,100,,100,,,,
NA,PIGL,N,A,EQ,100,100,100,100,100,100,100,,,100,100,100,100,100,100,100,100,100,,100,,,,
NA,PIIND,N,A,EQ,100,100,100,100,100,100,100,,,100,100,100,100,100,100,100,100,100,,100,,,,
NA,PILANIINVS,N,A,EQ,100,100,100,100,100,100,100,,,100,100,100,100,100,100,100,100,100,,100,,,,
NA,PILITA,N,A,EQ,100,100,100,100,100,100,100,,,100,100,100,100,100,100,100,100,100,,100,,,,
NA,PINELABS,N,A,EQ,100,100,100,100,100,100,100,,,100,100,100,100,100,100,100,100,100,,100,,,,
NA,PIONEEREMB,N,A,EQ,100,100,100,100,100,100,100,,,100,100,100,100,100,100,100,100,100,,100,,,,
NA,PIONRINV,N,A,BE,100,100,100,100,100,100,100,,,100,100,100,100,1,100,100,100,100,,100,,,,
NA,PIRAMALFIN,N,A,EQ,100,100,100,100,100,100,100,,,100,100,100,100,100,100,100,100,100,,100,,,,
NA,PITTIENG,N,A,EQ,100,100,100,100,100,100,100,,,100,100,100,100,100,100,100,100,100,,100,,,,
NA,PIXTRANS,N,A,EQ,100,100,100,100,100,100,100,,,100,100,100,100,100,100,100,100,100,,100,,,,
NA,PKTEA,Y,A,BE,100,100,100,100,100,100,100,,,100,100,100,100,100,100,100,100,100,,100,,,,
NA,PLADAINFO,Y,A,SM,100,100,100,100,100,100,100,,,100,100,100,100,100,100,100,100,100,,100,,,,
NA,PLASTIBLEN,N,A,EQ,100,100,100,100,100,100,100,,,100,100,100,100,100,100,100,100,100,,100,,,,
NA,PLATIND,N,A,EQ,100,100,100,100,100,100,100,,,100,100,100,100,100,100,100,100,100,,100,,,,
NA,PLAZACABLE,N,A,EQ,100,100,100,100,100,100,100,,,100,100,100,100,100,100,100,100,100,,100,,,,
NA,PML,N,A,EQ,100,100,100,100,100,100,100,,,100,100,100,100,100,100,100,100,100,,100,,,,
NA,PNB,N,A,EQ,100,100,100,100,100,100,100,,,100,100,100,100,100,100,100,100,100,,100,,,,
NA,PNBGILTS,N,A,EQ,100,100,100,100,100,100,100,,,100,100,100,100,100,100,100,100,100,,100,,,,
NA,PNBHOUSING,N,A,EQ,100,100,100,100,100,100,100,,,100,100,100,100,100,100,100,100,100,,100,,,,
NA,PNC,N,A,EQ,100,100,100,100,100,100,100,,,100,100,100,100,100,100,100,100,100,,100,,,,
NA,PNCINFRA,N,A,EQ,100,100,100,100,100,100,100,,,100,100,100,100,100,100,100,100,100,,100,,,,
NA,PNGJL,N,A,EQ,100,100,100,100,100,100,100,,,100,100,100,100,100,100,100,100,100,,100,,,,
NA,PNGSREVA,N,A,EQ,100,100,100,100,100,100,100,,,100,100,100,100,100,100,100,100,100,,100,,,,
NA,POCL,N,A,EQ,100,100,100,100,100,100,100,,,100,100,100,100,100,100,100,100,100,,100,,,,
NA,PODDARMENT,N,A,EQ,100,100,100,100,100,100,100,,,100,100,100,100,100,100,100,100,100,,100,,,,
NA,POEL,N,A,EQ,100,100,100,100,100,100,100,,,100,100,100,100,100,100,100,100,100,,100,,,,
NA,POKARNA,N,A,EQ,100,100,100,100,100,100,100,,,100,100,100,100,100,100,100,100,100,,100,,,,
NA,POLICYBZR,N,A,EQ,100,100,100,100,1,100,100,,,100,100,100,100,100,100,100,100,100,,100,,,,
NA,POLYCAB,N,A,EQ,100,100,100,100,100,100,100,,,100,100,100,100,100,100,100,100,100,,100,,,,
NA,POLYMED,N,A,EQ,100,100,100,100,100,100,100,,,100,100,100,100,100,100,100,100,100,,100,,,,
NA,POLYPLEX,N,A,EQ,100,100,100,100,100,100,100,,,1,100,100,100,100,100,100,100,100,,100,,,,
NA,POLYSIL,Y,A,SM,100,2,100,100,100,100,100,,,100,100,100,100,100,100,100,100,100,,100,,,,
NA,POLYSPIN,N,A,EQ,100,100,100,100,100,100,100,,,100,100,100,100,100,100,100,100,100,,100,,,,
NA,PONNIERODE,N,A,EQ,100,100,100,100,100,100,100,,,100,100,100,100,100,100,100,100,100,,100,,,,
NA,POOJALOGIS,Y,A,ST,100,100,100,100,100,100,100,,,100,100,100,100,100,100,100,100,100,,100,,,,
NA,POONAWALLA,N,A,EQ,100,100,100,100,100,100,100,,,100,100,100,100,100,100,100,100,100,,100,,,,
NA,POSITRON,Y,A,SM,100,100,100,100,1,100,100,,,100,100,100,100,100,100,100,100,100,,100,,,,
NA,POWERGRID,N,A,EQ,100,100,100,100,100,100,100,,,100,100,100,100,100,100,100,100,100,,100,,,,
NA,POWERICA,N,A,EQ,100,100,100,100,100,100,100,,,100,100,100,100,100,100,100,100,100,,100,,,,
NA,POWERINDIA,N,A,EQ,100,100,100,100,100,100,100,,,100,100,100,100,100,100,100,100,100,,100,,,,
NA,POWERMECH,N,A,EQ,100,100,100,100,100,100,100,,,100,100,100,100,100,100,100,100,100,,100,,,,
NA,PPAP,N,A,BE,100,100,100,100,100,100,100,,,100,100,100,100,1,100,100,100,100,,100,,,,
NA,PPL,N,A,BE,100,100,100,100,100,100,100,,,100,100,100,100,1,100,100,100,100,,100,,,,
NA,PPLPHARMA,N,A,EQ,100,100,100,100,100,100,100,,,100,100,100,100,100,100,100,100,100,,100,,,,
NA,PPSL,Y,A,SM,100,100,100,100,100,100,100,,,100,100,100,100,100,100,100,100,100,,100,,,,
NA,PRABHA,N,A,EQ,100,100,100,100,100,100,100,,,100,100,100,100,100,100,100,100,100,,100,,,,
NA,PRADPME,N,A,BE,100,100,100,100,100,100,100,,,100,100,100,100,1,100,100,100,100,,100,,,,
NA,PRAENG,N,A,EQ,100,1,100,100,100,100,100,,,100,100,100,100,100,0,100,100,100,,100,,,,
NA,PRAJIND,N,A,EQ,100,100,100,100,100,100,100,,,100,100,100,100,100,100,100,100,100,,100,,,,
NA,PRAKASH,N,A,EQ,100,100,100,100,100,100,100,,,100,100,100,100,100,100,100,100,100,,100,,,,
NA,PRAKASHSTL,N,A,EQ,0,100,100,100,100,100,100,,,100,100,100,100,100,100,100,100,100,,100,,,,
NA,PRAMARA,Y,A,SM,100,100,100,100,1,100,100,,,100,100,100,100,100,100,100,100,100,,100,,,,
NA,PRAMODINI,Y,A,SM,100,100,100,100,100,100,100,,,100,100,100,100,100,100,100,100,100,,100,,,,
NA,PRANAV,N,A,EQ,100,100,100,100,100,100,100,,,100,100,100,100,100,100,100,100,100,,100,,,,
NA,PRANIK,Y,A,SM,100,100,100,100,100,100,100,,,100,100,100,100,100,100,100,100,100,,100,,,,
NA,PRASOLCHEM,N,A,EQ,100,100,100,100,100,100,100,,,100,100,100,100,100,100,100,100,100,,100,,,,
NA,PRATHAM,Y,A,SM,100,100,100,100,100,100,100,,,100,100,100,100,100,100,100,100,100,,100,,,,
NA,PRAVEG,N,A,EQ,100,100,100,100,100,100,100,,,100,100,100,100,100,100,100,100,100,,100,,,,
NA,PRAXIS,N,A,EQ,100,100,100,100,100,100,100,,,100,100,100,100,100,100,100,100,100,,100,,,,
NA,PRECAM,N,A,EQ,100,100,100,100,100,100,100,,,100,100,100,100,100,100,100,100,100,,100,,,,
NA,PRECISION,Y,A,ST,100,100,100,100,100,100,100,,,100,100,100,100,1,100,100,100,100,,100,,,,
NA,PRECOT,Y,A,EQ,100,100,100,100,100,100,100,,,100,100,100,100,100,100,100,100,100,,100,,,,
NA,PRECWIRE,N,A,EQ,100,100,100,100,100,100,100,,,100,100,100,100,100,100,100,100,100,,100,,,,
NA,PREMCO,N,A,EQ,100,100,100,100,100,100,100,,,100,100,100,100,100,100,100,100,100,,100,,,,
NA,PREMEXPLN,N,A,EQ,100,1,100,100,100,100,100,,,100,100,100,100,100,100,100,100,100,,100,,,,
NA,PREMIER,N,A,BE,0,100,100,0,100,100,100,,,100,100,100,100,100,0,100,100,100,,100,,,,
NA,PREMIERENE,N,A,EQ,100,100,100,100,100,100,100,,,100,100,100,100,100,100,100,100,100,,100,,,,
NA,PREMIERPOL,N,A,EQ,100,100,100,100,100,100,100,,,100,100,100,100,100,100,100,100,100,,100,,,,
NA,PREMIUM,Y,A,SM,100,100,100,100,100,100,100,,,100,100,100,100,100,100,100,100,100,,100,,,,
NA,PRESSTONIC,Y,A,ST,100,100,100,100,100,100,100,,,100,100,100,100,1,100,100,100,100,,100,,,,
NA,PRESTIGE,N,A,EQ,100,100,100,100,100,100,100,,,100,100,100,100,100,100,100,100,100,,100,,,,
NA,PRICOLLTD,N,A,EQ,100,100,100,100,100,100,100,,,100,100,100,100,100,100,100,100,100,,100,,,,
NA,PRIMECAB,Y,A,ST,100,100,100,100,100,100,100,,,100,100,100,100,1,100,100,100,100,,100,,,,
NA,PRIMESECU,N,A,EQ,100,100,100,100,100,100,100,,,100,100,100,100,100,100,100,100,100,,100,,,,
NA,PRIMO,N,A,EQ,100,100,100,100,1,100,100,,,100,100,100,100,100,100,100,100,100,,100,,,,
NA,PRINCEPIPE,N,A,EQ,100,100,100,100,100,100,100,,,100,100,100,100,100,100,100,100,100,,100,,,,
NA,PRIORITY,N,A,EQ,100,100,100,100,1,100,100,,,100,100,100,100,100,100,100,100,100,,100,,,,
NA,PRISMX,N,A,EQ,100,100,100,100,100,100,100,,,100,100,100,100,100,100,100,100,100,,100,,,,
NA,PRITI,Y,A,EQ,100,100,100,100,100,100,100,,,100,100,100,100,100,100,100,100,100,,100,,,,
NA,PRITIKA,Y,A,SM,100,100,100,100,100,100,100,,,100,100,100,100,100,100,100,100,100,,100,,,,
NA,PRITIKAUTO,N,A,EQ,100,100,100,100,100,100,100,,,100,100,100,100,100,100,100,100,100,,100,,,,
NA,PRIVISCL,N,A,EQ,100,100,100,100,100,100,100,,,100,100,100,100,100,100,100,100,100,,100,,,,
NA,PRIZOR,Y,A,ST,100,100,100,100,100,100,100,,,100,100,100,100,2,100,100,100,100,,100,,,,
NA,PRLIND,Y,A,SM,100,100,100,100,100,100,100,,,100,100,100,100,100,100,100,100,100,,100,,,,
NA,PROFX,Y,A,SM,100,100,100,100,100,100,100,,,100,100,100,100,100,100,100,100,100,,100,,,,
NA,PROLIFE,Y,A,SM,100,100,100,100,100,100,100,,,100,100,100,100,100,100,100,100,100,,100,,,,
NA,PROPEQUITY,Y,A,SM,100,100,100,100,100,100,100,,,100,100,100,100,100,100,100,100,100,,100,,,,
NA,PROPSHOP,Y,A,SM,100,100,100,100,100,100,100,,,100,100,100,100,100,100,100,100,100,,100,,,,
NA,PROSTARM,N,A,EQ,100,100,100,100,100,100,100,,,100,100,100,100,100,100,100,100,100,,100,,,,
NA,PROTEAN,N,A,EQ,100,100,100,100,1,100,100,,,100,100,100,100,100,100,100,100,100,,100,,,,
NA,PROV,Y,A,SM,100,100,100,100,100,100,100,,,100,100,100,100,100,100,100,100,100,,100,,,,
NA,PROZONER,N,A,EQ,100,100,100,100,100,100,100,,,100,100,100,100,100,100,100,100,100,,100,,,,
NA,PRSMJOHNSN,N,A,EQ,100,100,100,100,100,100,100,,,100,100,100,100,100,100,100,100,100,,100,,,,
NA,PRUDENT,N,A,EQ,100,100,100,100,100,100,100,,,100,100,100,100,100,100,100,100,100,,100,,,,
NA,PRUDMOULI,N,A,EQ,100,100,100,100,100,100,100,,,100,100,100,100,100,100,100,100,100,,100,,,,
NA,PSB,N,A,EQ,100,100,100,100,100,100,100,,,100,100,100,100,100,100,100,100,100,,100,,,,
NA,PSFL,Y,A,SM,100,100,100,100,100,100,100,,,100,100,100,100,100,100,100,100,100,,100,,,,
NA,PSPPROJECT,N,A,EQ,100,100,100,100,100,100,100,,,100,100,100,100,100,100,100,100,100,,100,,,,
NA,PSRAJ,Y,A,SM,100,100,100,100,100,100,100,,,100,100,100,100,100,100,100,100,100,,100,,,,
NA,PTC,N,A,EQ,100,100,100,100,100,100,100,,,100,100,100,100,100,100,100,100,100,,100,,,,
NA,PTCIL,N,A,EQ,100,100,100,100,100,100,100,,,100,100,100,100,100,100,100,100,100,,100,,,,
NA,PTL,N,A,EQ,100,100,100,100,100,100,100,,,100,100,100,100,100,100,100,100,100,,100,,,,
NA,PULZ,Y,A,SM,100,100,100,100,100,100,100,,,100,100,100,100,100,100,100,100,100,,100,,,,
NA,PUNJABCHEM,N,A,EQ,100,100,100,100,100,100,100,,,100,100,100,100,100,100,100,100,100,,100,,,,
NA,PURPLEUTED,Y,A,SM,100,100,100,100,100,100,100,,,100,100,100,100,100,100,100,100,100,,100,,,,
NA,PURVA,N,A,EQ,100,100,100,100,100,100,100,,,100,100,100,100,100,100,100,100,100,,100,,,,
NA,PURVFLEXI,Y,A,SM,100,100,100,100,100,100,100,,,100,100,100,100,100,100,100,100,100,,100,,,,
NA,PUSHPA,Y,A,SM,100,100,100,100,100,100,100,,,100,100,100,100,100,100,100,100,100,,100,,,,
NA,PVP,N,A,EQ,100,1,100,100,100,100,100,,,100,100,100,100,100,100,100,100,100,,100,,,,
NA,PVRINOX,N,A,EQ,100,100,100,100,100,100,100,,,100,100,100,100,100,100,100,100,100,,100,,,,
NA,PVSL,N,A,EQ,100,100,100,100,100,100,100,,,100,100,100,100,100,100,100,100,100,,100,,,,
NA,PWL,N,A,EQ,100,100,100,100,100,100,100,,,100,100,100,100,100,100,100,100,100,,100,,,,
NA,PYRAMID,N,A,EQ,100,100,100,100,100,100,100,,,100,100,100,100,100,100,100,100,100,,100,,,,
NA,QFIL,Y,A,SM,100,100,100,100,100,100,100,,,100,100,100,100,100,100,100,100,100,,100,,,,
NA,QLINE,Y,A,SM,100,100,100,100,100,100,100,,,100,100,100,100,100,100,100,100,100,,100,,,,
NA,QMSMEDI,Y,A,BE,100,100,100,100,100,100,100,,,100,100,100,100,1,100,100,100,100,,100,,,,
NA,QPOWER,N,A,EQ,100,100,100,100,100,100,100,,,100,100,100,100,100,100,100,100,100,,100,,,,
NA,QUADFUTURE,N,A,EQ,100,100,100,100,100,100,100,,,100,100,100,100,100,100,100,100,100,,100,,,,
NA,QUADPRO,Y,A,ST,100,100,100,100,100,100,100,,,100,100,100,100,1,100,100,100,100,,100,,,,
NA,QUALIANCE,Y,A,SM,100,100,100,100,100,100,100,,,100,100,100,100,100,100,100,100,100,,100,,,,
NA,QUESS,N,A,EQ,100,100,100,100,100,100,100,,,100,100,100,100,100,100,100,100,100,,100,,,,
NA,QUESTLAB,Y,A,SM,100,100,100,100,100,100,100,,,100,100,100,100,100,100,100,100,100,,100,,,,
NA,QUICKHEAL,N,A,EQ,100,100,100,100,100,100,100,,,100,100,100,100,100,100,100,100,100,,100,,,,
NA,QUICKTOUCH,Y,A,SM,100,1,100,100,100,100,100,,,100,100,100,100,100,100,100,100,100,,100,,,,
NA,QUINT,N,A,BE,100,100,100,100,100,100,100,,,100,100,100,100,1,100,100,100,100,,100,,,,
NA,QUINTEGRA,N,A,EQ,0,100,100,100,100,100,100,,,100,100,100,100,100,0,100,100,100,,100,,,,
NA,QVCEL,Y,A,SM,100,100,100,100,100,100,100,,,100,100,100,100,100,100,100,100,100,,100,,,,
NA,RACE,N,A,EQ,100,100,100,100,100,100,100,,,100,100,1,100,100,100,100,100,100,,100,,,,
NA,RACLGEAR,N,A,EQ,100,100,100,100,100,100,100,,,100,100,100,100,100,100,100,100,100,,100,,,,
NA,RADAAN,N,A,EQ,0,100,100,100,100,100,100,,,100,100,100,100,100,100,100,100,100,,100,,,,
NA,RADHIKAJWE,N,A,BE,100,100,100,100,100,100,100,,,100,100,100,100,1,100,100,100,100,,100,,,,
NA,RADIANTCMS,N,A,EQ,100,100,100,100,100,100,100,,,100,100,100,100,100,100,100,100,100,,100,,,,
NA,RADICO,N,A,EQ,100,100,100,100,100,100,100,,,100,100,100,100,100,100,100,100,100,,100,,,,
NA,RADIOCITY,N,A,EQ,100,100,100,100,100,100,100,,,100,100,100,100,100,100,100,100,100,,100,,,,
NA,RADIOWALLA,Y,A,ST,100,100,100,100,100,100,100,,,100,100,100,100,2,100,100,100,100,,100,,,,
NA,RAILTEL,N,A,EQ,100,100,100,100,100,100,100,,,100,100,100,100,100,100,100,100,100,,100,,,,
NA,RAIN,N,A,EQ,100,100,100,100,100,100,100,,,100,100,100,100,100,100,100,100,100,,100,,,,
NA,RAINBOW,N,A,EQ,100,100,100,100,100,100,100,,,100,100,100,100,100,100,100,100,100,,100,,,,
NA,RAJESHEXPO,N,A,BZ,100,100,100,100,100,100,100,,,100,100,100,100,100,100,100,0,100,,100,,,,
NA,RAJINDLTD,Y,A,SM,100,100,100,100,100,100,100,,,100,100,100,100,100,100,100,100,100,,100,,,,
NA,RAJMET,Y,A,EQ,100,100,100,100,100,100,100,,,100,100,100,100,100,100,100,100,100,,100,,,,
NA,RAJOOENG,N,A,BE,100,100,100,100,100,100,100,,,100,100,100,100,1,100,100,100,100,,100,,,,
NA,RAJPALAYAM,N,A,EQ,100,100,100,100,100,100,100,,,100,100,100,100,100,100,100,100,100,,100,,,,
NA,RAJPUTANA,Y,A,SM,100,100,100,100,100,100,100,,,100,100,100,100,100,100,100,100,100,,100,,,,
NA,RAJRATAN,N,A,EQ,100,100,100,100,100,100,100,,,100,100,100,100,100,100,100,100,100,,100,,,,
NA,RAJRILTD,N,A,BE,100,100,100,0,100,100,100,,,100,100,100,100,100,100,100,100,100,,100,,,,
NA,RAJSREESUG,N,A,EQ,100,1,100,100,100,100,100,,,100,100,100,100,100,100,100,100,100,,100,,,,
NA,RAJTV,N,A,BE,100,100,100,100,1,100,100,,,100,100,100,100,100,100,100,100,100,,100,,,,
NA,RAJVIR,N,S,BZ,0,100,100,100,100,100,100,,,100,100,100,100,100,100,0,0,100,,100,,,,
NA,RALLIS,N,A,EQ,100,100,100,100,100,100,100,,,100,100,100,100,100,100,100,100,100,,100,,,,
NA,RAMANEWS,N,A,EQ,100,100,100,100,100,100,100,,,100,100,100,100,100,0,100,100,100,,100,,,,
NA,RAMAPHO,N,A,EQ,100,100,100,100,100,100,100,,,100,100,100,100,100,100,100,100,100,,100,,,,
NA,RAMASTEEL,N,A,BE,100,100,100,100,100,100,100,,,100,100,100,100,2,100,100,100,100,,100,,,,
NA,RAMBHAJO,N,A,EQ,100,100,100,100,100,100,100,,,100,100,100,100,100,100,100,100,100,,100,,,,
NA,RAMCOCEM,N,A,EQ,100,100,100,100,100,100,100,,,100,100,100,100,100,100,100,100,100,,100,,,,
NA,RAMCOIND,N,A,EQ,100,100,100,100,100,100,100,,,100,100,100,100,100,100,100,100,100,,100,,,,
NA,RAMCOSYS,N,A,EQ,100,1,100,100,100,100,100,,,100,100,100,100,100,100,100,100,100,,100,,,,
NA,RAMKY,N,A,EQ,100,100,100,100,100,100,100,,,100,100,100,100,100,100,100,100,100,,100,,,,
NA,RAMRAT,N,A,EQ,100,100,100,100,100,100,100,,,100,100,100,100,100,100,100,100,100,,100,,,,
NA,RANASUG,N,A,EQ,100,1,100,100,100,100,100,,,100,100,100,100,100,100,100,100,100,,100,,,,
NA,RANEHOLDIN,N,A,EQ,100,100,100,100,100,100,100,,,100,100,100,100,100,100,100,100,100,,100,,,,
NA,RAPIDFLEET,Y,A,SM,100,100,100,100,100,100,100,,,100,100,100,100,100,100,100,100,100,,100,,,,
NA,RAPPID,Y,A,SM,100,100,100,100,100,100,100,,,100,100,100,100,100,100,100,100,100,,100,,,,
NA,RATEGAIN,N,A,EQ,100,100,100,100,100,100,100,,,100,100,100,100,100,100,100,100,100,,100,,,,
NA,RATNAMANI,N,A,EQ,100,100,100,100,100,100,100,,,100,100,100,100,100,100,100,100,100,,100,,,,
NA,RATNAVEER,N,A,EQ,100,100,100,100,100,100,100,,,100,100,100,100,100,100,100,100,100,,100,,,,
NA,RAYMOND,N,A,EQ,100,1,100,100,100,100,100,,,100,100,100,100,100,100,100,100,100,,100,,,,
NA,RAYMONDLSL,N,A,EQ,100,100,100,100,100,100,100,,,100,100,100,100,100,100,100,100,100,,100,,,,
NA,RAYMONDREL,N,A,EQ,100,100,100,100,100,100,100,,,100,100,100,100,100,100,100,100,100,,100,,,,
NA,RBA,N,A,EQ,100,100,100,100,100,100,100,,,100,100,100,100,100,0,100,100,100,,100,,,,
NA,RBLBANK,N,A,EQ,100,100,100,100,100,100,100,,,100,100,100,100,100,100,100,100,100,,100,,,,
NA,RBMINFRA,Y,A,SM,100,100,100,100,100,100,100,,,100,100,100,100,100,100,100,100,100,,100,,,,
NA,RBS,Y,A,SM,100,100,100,100,100,100,100,,,100,100,100,100,100,100,100,100,100,,100,,,,
NA,RBZJEWEL,N,A,BE,100,100,100,100,100,100,100,,,100,100,100,100,1,100,100,100,100,,100,,,,
NA,RCDL,Y,A,SM,100,100,100,100,1,100,100,,,100,100,100,100,100,100,100,100,100,,100,,,,
NA,RCF,N,A,EQ,100,100,100,100,100,100,100,,,100,100,100,100,100,100,100,100,100,,100,,,,
NA,RCOM,N,A,BE,100,100,100,0,100,100,100,,,100,100,100,100,100,100,100,100,100,,100,,,,
NA,READYMIX,Y,A,SM,100,100,100,100,100,100,100,,,100,100,100,100,100,100,100,100,100,,100,,,,
NA,RECLTD,N,A,EQ,100,100,100,100,100,100,100,,,100,100,100,100,100,100,100,100,100,,100,,,,
NA,REDINGTON,N,A,EQ,100,100,100,100,100,100,100,,,100,100,100,100,100,100,100,100,100,,100,,,,
NA,REDTAPE,N,A,EQ,100,100,100,100,100,100,100,,,100,100,100,100,100,100,100,100,100,,100,,,,
NA,REFEX,N,A,EQ,100,100,100,100,100,100,100,,,100,100,100,100,100,100,100,100,100,,100,,,,
NA,REFRACTORY,Y,A,SM,100,100,100,100,1,100,100,,,100,100,100,100,100,100,100,100,100,,100,,,,
NA,REGAAL,N,A,EQ,100,100,100,100,100,100,100,,,100,100,100,100,100,100,100,100,100,,100,,,,
NA,REGENCERAM,N,A,EQ,0,100,100,100,100,100,100,,,100,100,100,100,100,100,100,100,100,,100,,,,
NA,RELAXO,N,A,EQ,100,100,100,100,100,100,100,,,100,100,100,100,100,100,100,100,100,,100,,,,
NA,RELCHEMQ,N,A,EQ,100,100,100,100,100,100,100,,,100,100,100,100,100,100,100,100,100,,100,,,,
NA,RELIABLE,N,A,EQ,100,100,100,100,100,100,100,,,100,100,100,100,100,100,100,100,100,,100,,,,
NA,RELIANCE,N,A,EQ,100,100,100,100,100,100,100,,,100,100,100,100,100,100,100,100,100,,100,,,,
NA,RELIGARE,N,A,EQ,100,100,100,100,100,100,100,,,100,100,100,100,100,100,100,100,100,,100,,,,
NA,RELINFRA,N,A,BE,100,100,100,0,100,100,100,,,100,100,100,100,100,100,100,100,100,,100,,,,
NA,RELTD,N,A,EQ,100,100,100,100,100,100,100,,,100,100,100,100,100,100,100,100,100,,100,,,,
NA,REMSONSIND,N,A,EQ,100,100,100,100,1,100,100,,,100,100,100,100,100,100,100,100,100,,100,,,,
NA,REMUS,Y,A,SM,100,100,100,100,100,100,100,,,100,100,100,100,100,100,100,100,100,,100,,,,
NA,RENTOMOJO,N,A,EQ,100,100,100,100,100,100,100,,,100,100,100,100,100,100,100,100,100,,100,,,,
NA,RENUKA,N,A,EQ,100,100,100,100,100,100,100,,,100,100,100,100,100,100,100,100,100,,100,,,,
NA,REPCOHOME,N,A,EQ,100,100,100,100,100,100,100,,,100,100,100,100,100,100,100,100,100,,100,,,,
NA,REPL,Y,A,EQ,100,100,100,100,100,100,100,,,100,100,100,100,100,100,100,100,100,,100,,,,
NA,REPRO,N,A,EQ,100,100,100,100,100,100,100,,,100,100,100,100,100,100,100,100,100,,100,,,,
NA,RESPONIND,N,A,EQ,100,100,100,100,100,100,100,,,100,100,100,100,100,100,100,100,100,,100,,,,
NA,RETAIL,N,A,EQ,100,100,100,100,100,100,100,,,100,100,100,100,1,100,100,100,100,,100,,,,
NA,REXPIPES,Y,A,SM,100,100,100,100,100,100,100,,,100,100,100,100,100,100,100,100,100,,100,,,,
NA,REXPRO,Y,A,SM,100,100,100,100,100,100,100,,,100,100,100,100,100,100,100,100,100,,100,,,,
NA,RFBL,Y,A,ST,100,100,100,100,100,100,100,,,100,100,100,100,1,100,100,100,100,,100,,,,
NA,RGL,N,A,EQ,100,100,100,100,100,100,100,,,100,100,100,100,100,100,100,100,100,,100,,,,
NA,RHETAN,N,A,EQ,100,100,100,100,100,100,100,,,100,100,100,100,100,100,100,100,100,,100,,,,
NA,RHFL,N,A,BZ,0,100,100,0,100,100,100,,,100,100,100,100,100,100,100,0,100,,100,,,,
NA,RHIM,N,A,EQ,100,100,100,100,100,100,100,,,100,100,100,100,100,100,100,100,100,,100,,,,
NA,RHL,N,A,EQ,100,100,100,100,100,100,100,,,100,100,100,100,100,100,100,100,100,,100,,,,
NA,RICHA,Y,A,SM,100,100,100,100,100,100,100,,,100,100,100,100,100,100,100,100,100,,100,,,,
NA,RICOAUTO,N,A,EQ,100,100,100,100,100,100,100,,,100,100,100,100,100,100,100,100,100,,100,,,,
NA,RIIL,N,A,EQ,100,100,100,100,100,100,100,,,100,100,100,100,100,100,100,100,100,,100,,,,
NA,RILINFRA,Y,A,SM,100,100,100,100,100,100,100,,,100,100,100,100,100,100,100,100,100,,100,,,,
NA,RIR,N,A,EQ,100,100,100,100,100,100,100,,,100,100,100,100,100,100,100,100,100,,100,,,,
NA,RISHABH,N,A,EQ,100,100,100,100,100,100,100,,,100,100,100,100,100,100,100,100,100,,100,,,,
NA,RITCO,N,A,EQ,100,100,100,100,100,100,100,,,100,100,100,100,100,100,100,100,100,,100,,,,
NA,RITES,N,A,EQ,100,100,100,100,100,100,100,,,100,100,100,100,100,100,100,100,100,,100,,,,
NA,RITEZONE,Y,A,SM,100,100,100,100,100,100,100,,,100,100,100,100,100,100,100,100,100,,100,,,,
NA,RKDL,N,A,EQ,100,100,100,100,100,100,100,,,100,100,100,100,100,100,100,100,100,,100,,,,
NA,RKEC,Y,A,BE,100,100,100,100,1,100,100,,,100,100,100,100,100,100,100,100,100,,100,,,,
NA,RKFORGE,N,A,EQ,100,100,100,100,100,100,100,,,100,100,100,100,100,100,100,100,100,,100,,,,
NA,RKSWAMY,N,A,EQ,100,100,100,100,100,100,100,,,100,100,100,100,100,100,100,100,100,,100,,,,
NA,RMC,N,A,EQ,100,100,100,100,100,100,100,,,100,100,100,100,100,100,100,100,100,,100,,,,
NA,RMDRIP,N,A,BE,100,100,100,100,100,100,100,,,100,100,100,100,1,100,100,100,100,,100,,,,
NA,RML,N,A,EQ,100,100,100,100,100,100,100,,,100,100,100,100,100,100,100,100,100,,100,,,,
NA,RNBDENIMS,N,A,BE,100,100,100,100,100,100,100,,,100,100,100,100,1,100,100,100,100,,100,,,,
NA,RNFI,Y,A,SM,100,100,100,100,100,100,100,,,100,100,100,100,100,100,100,100,100,,100,,,,
NA,RNPL,Y,A,SM,100,100,100,100,100,100,100,,,100,100,100,100,100,100,100,100,100,,100,,,,
NA,ROCKINGDCE,Y,A,SM,100,100,100,100,100,100,100,,,100,100,100,100,100,100,100,100,100,,100,,,,
NA,ROHLTD,N,A,EQ,100,100,100,100,100,100,100,,,100,100,100,100,100,100,100,100,100,,100,,,,
NA,ROLEXRINGS,N,A,EQ,100,100,100,100,100,100,100,,,100,100,100,100,100,100,100,100,100,,100,,,,
NA,ROLLT,N,A,BE,100,100,100,100,100,100,100,,,100,100,100,100,1,0,100,100,100,,100,,,,
NA,ROML,N,A,EQ,100,100,100,100,100,100,100,,,100,100,100,100,100,100,100,100,100,,100,,,,
NA,ROSSARI,N,A,EQ,100,100,100,100,100,100,100,,,100,100,100,100,100,100,100,100,100,,100,,,,
NA,ROSSELLIND,N,A,EQ,100,100,100,100,100,100,100,,,100,100,100,100,100,100,100,100,100,,100,,,,
NA,ROSSTECH,N,A,EQ,100,100,100,100,100,100,100,,,100,100,100,100,100,100,100,100,100,,100,,,,
NA,ROTO,N,A,EQ,100,100,100,100,100,100,100,,,100,100,100,100,100,100,100,100,100,,100,,,,
NA,ROUTE,N,A,EQ,100,100,100,100,100,100,100,,,100,100,100,100,100,100,100,100,100,,100,,,,
NA,ROXHITECH,Y,A,SM,100,100,100,100,100,100,100,,,100,100,100,100,100,100,100,100,100,,100,,,,
NA,ROYALARC,Y,A,SM,100,100,100,100,100,100,100,,,100,100,100,100,100,100,100,100,100,,100,,,,
NA,RPEL,N,A,EQ,100,1,100,100,100,100,100,,,100,100,100,100,100,100,100,100,100,,100,,,,
NA,RPGLIFE,N,A,EQ,100,100,100,100,100,100,100,,,100,100,100,100,100,100,100,100,100,,100,,,,
NA,RPOWER,N,A,EQ,100,100,100,100,100,100,100,,,100,100,100,100,100,100,100,100,100,,100,,,,
NA,RPPINFRA,N,A,EQ,100,100,100,100,100,100,100,,,100,100,100,100,100,100,100,100,100,,100,,,,
NA,RPPL,Y,A,BE,100,100,100,100,100,100,100,,,100,100,100,100,1,100,100,100,100,,100,,,,
NA,RPSGVENT,N,A,EQ,100,100,100,100,100,100,100,,,100,100,100,100,100,100,100,100,100,,100,,,,
NA,RPTECH,N,A,EQ,100,100,100,100,100,100,100,,,100,100,100,100,100,100,100,100,100,,100,,,,
NA,RRECL,N,A,EQ,100,100,100,100,100,100,100,,,100,100,100,100,100,100,100,100,100,,100,,,,
NA,RRIL,N,A,EQ,100,100,100,100,100,100,100,,,100,100,100,100,100,100,100,100,100,,100,,,,
NA,RRKABEL,N,A,EQ,100,100,100,100,100,100,100,,,100,100,100,100,100,100,100,100,100,,100,,,,
NA,RSDFIN,N,A,BE,100,100,100,100,100,100,100,,,100,100,100,100,1,100,100,100,100,,100,,,,
NA,RSL,N,A,EQ,100,100,100,100,100,100,100,,,100,100,100,100,100,100,100,100,100,,100,,,,
NA,RSSOFTWARE,N,A,EQ,100,100,100,100,100,100,100,,,100,100,100,100,100,100,100,100,100,,100,,,,
NA,RSWM,N,A,EQ,100,100,100,100,100,100,100,,,100,100,100,100,100,100,100,100,100,,100,,,,
NA,RSYSTEMS,N,A,EQ,100,100,100,100,100,100,100,,,100,100,100,100,100,100,100,100,100,,100,,,,
NA,RTL,Y,A,SM,100,100,100,100,100,100,100,,,100,100,100,100,100,100,100,100,100,,100,,,,
NA,RTNINDIA,N,A,EQ,100,100,100,100,100,100,100,,,100,100,100,100,100,100,100,100,100,,100,,,,
NA,RTNPOWER,N,A,EQ,100,100,100,100,100,100,100,,,100,100,100,100,100,100,100,100,100,,100,,,,
NA,RTSPOWR,N,A,EQ,100,100,100,100,100,100,100,,,100,100,100,100,1,100,100,100,100,,100,,,,
NA,RUBFILA,N,A,EQ,100,100,100,100,100,100,100,,,100,100,100,100,100,100,100,100,100,,100,,,,
NA,RUBICON,N,A,EQ,100,1,100,100,100,100,100,,,100,100,100,100,100,100,100,100,100,,100,,,,
NA,RUBYMILLS,N,A,EQ,100,100,100,100,100,100,100,,,100,100,100,100,100,100,100,100,100,,100,,,,
NA,RUCHINFRA,N,A,EQ,100,100,100,100,100,100,100,,,100,100,100,100,100,100,100,100,100,,100,,,,
NA,RUCHIRA,N,A,EQ,100,100,100,100,100,100,100,,,100,100,100,100,100,100,100,100,100,,100,,,,
NA,RUDRA,N,A,EQ,100,100,100,100,100,100,100,,,100,100,100,100,100,100,100,100,100,,100,,,,
NA,RULKA,Y,A,SM,100,100,100,100,100,100,100,,,100,100,100,100,100,100,100,100,100,,100,,,,
NA,RUPA,N,A,EQ,100,100,100,100,100,100,100,,,100,100,100,100,100,100,100,100,100,,100,,,,
NA,RUSHIL,N,A,EQ,100,100,100,100,100,100,100,,,100,100,100,100,100,100,100,100,100,,100,,,,
NA,RUSTOMJEE,N,A,EQ,100,100,100,100,100,100,100,,,100,100,100,100,100,100,100,100,100,,100,,,,
NA,RVHL,N,A,EQ,100,100,100,100,100,100,100,,,100,100,100,100,100,100,100,100,100,,100,,,,
NA,RVNL,N,A,EQ,100,100,100,100,100,100,100,,,100,100,100,100,100,100,100,100,100,,100,,,,
NA,RVTH,N,A,EQ,100,100,100,100,100,100,100,,,100,100,100,100,100,100,100,100,100,,100,,,,
NA,S&SPOWER,N,A,EQ,100,100,100,100,100,100,100,,,100,100,100,100,100,100,100,100,100,,100,,,,
NA,SAAKSHI,Y,A,ST,100,100,100,100,100,100,100,,,100,100,100,100,2,100,100,100,100,,100,,,,
NA,SAATVIKGL,N,A,EQ,100,100,100,100,100,100,100,,,100,100,100,100,100,100,100,100,100,,100,,,,
NA,SAB,N,A,EQ,100,100,100,100,100,100,100,,,100,100,100,100,100,100,100,100,100,,100,,,,
NA,SABAR,Y,A,ST,100,100,100,100,100,100,100,,,100,100,100,100,2,100,100,100,100,,100,,,,
NA,SABEVENTS,N,S,EQ,100,1,100,100,100,100,100,,,100,100,100,100,100,100,100,100,100,,100,,,,
NA,SACHEEROME,Y,A,SM,100,100,100,100,100,100,100,,,100,100,100,100,100,100,100,100,100,,100,,,,
NA,SADBHAV,N,A,EQ,100,100,100,100,100,100,0,,,100,100,100,100,100,100,100,100,100,,100,,,,
NA,SADBHIN,N,A,EQ,100,100,100,100,100,100,100,,,100,100,100,100,100,100,100,100,100,,100,,,,
NA,SADHAV,Y,A,SM,100,100,100,100,100,100,100,,,100,100,100,100,100,100,100,100,100,,100,,,,
NA,SADHNANIQ,N,A,BE,100,100,100,100,100,100,100,,,100,100,100,100,1,100,100,100,100,,100,,,,
NA,SAFARI,N,A,EQ,100,100,100,100,100,100,100,,,100,100,100,100,100,100,100,100,100,,100,,,,
NA,SAFEENTP,Y,A,SM,100,100,100,100,100,100,100,,,100,100,100,100,100,100,100,100,100,,100,,,,
NA,SAGARDEEP,Y,A,EQ,100,100,100,100,100,100,100,,,100,100,100,100,100,100,100,100,100,,100,,,,
NA,SAGCEM,N,A,EQ,100,100,100,100,100,100,100,,,100,100,100,100,100,100,100,100,100,,100,,,,
NA,SAGILITY,N,A,EQ,100,100,100,100,100,100,100,,,100,100,100,100,100,100,0,100,100,,100,,,,
NA,SAHAJSOLAR,Y,A,SM,100,100,100,100,100,100,100,,,100,100,100,100,100,100,100,100,100,,100,,,,
NA,SAHANA,Y,A,SM,100,100,100,100,100,100,100,,,100,100,100,100,100,100,100,100,100,,100,,,,
NA,SAHASRA,Y,A,SM,100,1,100,100,100,100,100,,,100,100,100,100,100,100,100,100,100,,100,,,,
NA,SAHLIBHFI,N,A,EQ,100,100,100,100,100,100,100,,,100,100,100,100,100,100,100,100,100,,100,,,,
NA,SAHYADRI,N,A,EQ,100,100,100,100,100,100,100,,,100,100,100,100,100,100,100,100,100,,100,,,,
NA,SAICAPI,N,A,EQ,100,100,100,100,100,100,100,,,100,100,100,100,100,100,100,100,100,,100,,,,
NA,SAIFL,Y,A,SM,100,100,100,100,100,100,100,,,100,100,100,100,100,100,100,100,100,,100,,,,
NA,SAIL,N,A,EQ,100,100,100,100,100,100,100,,,100,100,100,100,100,100,100,100,100,,100,,,,
NA,SAILIFE,N,A,EQ,100,100,100,100,100,100,100,,,100,100,100,100,100,100,100,100,100,,100,,,,
NA,SAIPARENT,N,A,EQ,100,100,100,100,100,100,100,,,100,100,100,100,100,100,100,100,100,,100,,,,
NA,SAJHOTELS,Y,A,ST,100,100,100,100,100,100,100,,,100,100,100,100,1,100,100,100,100,,100,,,,
NA,SAKAR,Y,A,EQ,100,1,100,100,100,100,100,,,100,100,100,100,100,100,100,100,100,,100,,,,
NA,SAKHTISUG,N,A,EQ,100,100,100,100,100,100,100,,,100,100,100,100,100,100,100,100,100,,100,,,,
NA,SAKSOFT,N,A,EQ,100,100,100,100,100,100,100,,,100,100,100,100,100,100,100,100,100,,100,,,,
NA,SAKUMA,N,A,EQ,100,100,100,100,100,100,100,,,100,100,100,100,100,100,100,100,100,,100,,,,
NA,SALASAR,N,A,EQ,100,100,100,100,100,100,100,,,100,100,100,100,100,100,100,100,100,,100,,,,
NA,SALONA,N,A,EQ,100,100,100,100,100,100,100,,,100,100,100,100,100,100,100,100,100,,100,,,,
NA,SALSTEEL,N,A,EQ,100,1,100,100,100,100,100,,,100,100,100,100,100,100,100,100,100,,100,,,,
NA,SALZERELEC,N,A,EQ,100,100,100,100,100,100,100,,,100,100,100,100,100,100,100,100,100,,100,,,,
NA,SAMAY,Y,A,ST,100,100,100,100,100,100,100,,,100,100,100,100,1,100,100,100,100,,100,,,,
NA,SAMBANDAM,N,A,EQ,100,1,100,100,100,100,100,,,100,100,100,100,100,100,100,100,100,,100,,,,
NA,SAMBHAAV,N,A,EQ,100,100,100,100,100,100,100,,,100,100,100,100,100,100,100,100,100,,100,,,,
NA,SAMBHV,N,A,EQ,100,100,100,100,100,100,100,,,100,100,100,100,100,100,100,100,100,,100,,,,
NA,SAMHI,N,A,EQ,100,100,100,100,100,100,100,,,100,100,100,100,100,100,100,100,100,,100,,,,
NA,SAMMAANCAP,N,A,EQ,100,100,100,100,100,100,100,,,100,100,100,100,100,100,100,100,100,,100,,,,
NA,SAMPANN,N,A,EQ,100,100,100,100,100,100,100,,,100,100,100,100,100,100,100,100,100,,100,,,,
NA,SANATHAN,N,A,EQ,100,100,100,100,100,100,100,,,100,100,100,100,100,100,100,100,100,,100,,,,
NA,SANDESH,N,A,EQ,100,100,100,100,100,100,100,,,100,100,100,100,100,100,100,100,100,,100,,,,
NA,SANDHAR,N,A,EQ,100,100,100,100,100,100,100,,,100,100,100,100,100,100,100,100,100,,100,,,,
NA,SANDUMA,N,A,EQ,100,100,100,100,100,100,100,,,100,100,100,100,100,100,100,100,100,,100,,,,
NA,SANGAMIND,N,A,EQ,100,100,100,100,100,100,100,,,100,100,100,100,100,100,100,100,100,,100,,,,
NA,SANGANI,Y,A,SM,100,100,100,100,100,100,100,,,100,100,100,100,100,100,100,100,100,,100,,,,
NA,SANGHVIMOV,N,A,EQ,100,100,100,100,100,100,100,,,100,100,100,100,100,100,100,100,100,,100,,,,
NA,SANOFI,N,A,EQ,100,100,100,100,100,100,100,,,100,100,100,100,100,100,100,100,100,,100,,,,
NA,SANOFICONR,N,A,EQ,100,100,100,100,100,100,100,,,100,100,100,100,100,100,100,100,100,,100,,,,
NA,SANSERA,N,A,EQ,100,1,100,100,100,100,100,,,100,100,100,100,100,100,100,100,100,,100,,,,
NA,SANSTAR,N,A,EQ,100,100,100,100,100,100,100,,,100,100,100,100,100,100,100,100,100,,100,,,,
NA,SANWARIA,N,A,BZ,0,100,100,0,100,100,100,,,100,100,100,100,100,0,100,0,100,,100,,,,
NA,SAPPHIRE,N,A,EQ,100,100,100,100,100,100,100,,,100,100,100,100,100,100,100,100,100,,100,,,,
NA,SAPPL,N,A,EQ,100,100,100,100,100,100,100,,,100,100,100,100,100,100,100,100,100,,100,,,,
NA,SARDAEN,N,A,EQ,100,100,100,100,100,100,100,,,100,100,100,100,100,100,100,100,100,,100,,,,
NA,SAREGAMA,N,A,EQ,100,100,100,100,100,100,100,,,100,100,100,100,100,100,100,100,100,,100,,,,
NA,SARLAPOLY,N,A,EQ,100,100,100,100,100,100,100,,,100,100,100,100,100,100,100,100,100,,100,,,,
NA,SAROJA,Y,A,SM,100,100,100,100,100,100,100,,,100,100,100,100,100,100,100,100,100,,100,,,,
NA,SARTELE,Y,A,SM,100,100,100,100,100,100,100,,,100,100,100,100,100,100,100,100,100,,100,,,,
NA,SARVESHWAR,N,A,EQ,100,100,100,100,100,100,100,,,100,100,100,100,100,100,100,100,100,,100,,,,
NA,SASKEN,N,A,EQ,100,100,100,100,100,100,100,,,100,100,100,100,100,100,100,100,100,,100,,,,
NA,SATECH,Y,A,SM,100,100,100,100,100,100,100,,,100,100,100,100,100,100,100,100,100,,100,,,,
NA,SATIA,N,A,EQ,100,100,100,100,100,100,100,,,100,100,100,100,100,100,100,100,100,,100,,,,
NA,SATIN,N,A,EQ,100,100,100,100,100,100,100,,,100,100,100,100,100,100,100,100,100,,100,,,,
NA,SATIPOLY,Y,A,SM,100,100,100,100,100,100,100,,,100,100,100,100,100,100,100,100,100,,100,,,,
NA,SATKARTAR,Y,A,SM,100,100,100,100,1,100,100,,,100,100,100,100,100,100,100,100,100,,100,,,,
NA,SATTVAENGG,Y,A,SM,100,100,100,100,100,100,100,,,100,100,100,100,100,100,100,100,100,,100,,,,
NA,SAURASHCEM,N,A,EQ,100,100,100,100,100,100,100,,,100,100,100,100,100,100,100,100,100,,100,,,,
NA,SAVY,Y,A,SM,100,100,100,100,100,100,100,,,100,100,100,100,100,100,100,100,100,,100,,,,
NA,SAWALIYA,Y,A,SM,100,100,100,100,1,100,100,,,100,100,100,100,100,100,100,100,100,,100,,,,
NA,SAYAJIHOTL,N,A,EQ,100,100,100,100,100,100,100,,,100,100,100,100,100,100,100,100,100,,100,,,,
NA,SAYAJIIND,N,A,EQ,100,100,100,100,100,100,100,,,100,100,100,100,100,100,100,100,100,,100,,,,
NA,SBC,N,A,EQ,100,100,100,100,100,100,100,,,100,100,100,100,100,100,100,100,100,,100,,,,
NA,SBCL,N,A,EQ,100,1,100,100,100,100,100,,,100,100,100,100,100,100,100,100,100,,100,,,,
NA,SBFC,N,A,EQ,100,100,100,100,100,100,100,,,100,100,100,100,100,100,100,100,100,,100,,,,
NA,SBGLP,N,A,EQ,100,100,100,100,100,100,100,,,100,100,100,100,100,100,100,100,100,,100,,,,
NA,SBICARD,N,A,EQ,100,100,100,100,100,100,100,,,100,100,100,100,100,100,100,100,100,,100,,,,
NA,SBIFUNDS,N,A,EQ,100,100,100,100,100,100,100,,,100,100,100,100,100,100,100,100,100,,100,,,,
NA,SBILIFE,N,A,EQ,100,100,100,100,100,100,100,,,100,100,100,100,100,100,100,100,100,,100,,,,
NA,SBIN,N,A,EQ,100,100,100,100,100,100,100,,,100,100,100,100,100,100,100,100,100,,100,,,,
NA,SCANSTL,N,A,BE,100,100,100,100,100,100,100,,,100,100,100,100,1,100,100,100,100,,100,,,,
NA,SCHAEFFLER,N,A,EQ,100,100,100,100,100,100,100,,,100,100,100,100,100,100,100,100,100,,100,,,,
NA,SCHAND,N,A,EQ,100,100,100,100,100,100,100,,,100,100,100,100,100,100,100,100,100,,100,,,,
NA,SCHNEIDER,N,A,EQ,100,100,100,100,100,100,100,,,100,100,100,100,100,100,100,100,100,,100,,,,
NA,SCI,N,A,EQ,100,100,100,100,100,100,100,,,100,100,100,100,100,100,100,100,100,,100,,,,
NA,SCILAL,N,A,EQ,100,100,100,100,100,100,100,,,100,100,100,100,100,100,100,100,100,,100,,,,
NA,SCML,Y,A,SM,100,100,100,100,100,100,100,,,100,100,100,100,100,100,100,100,100,,100,,,,
NA,SCODATUBES,N,A,EQ,100,100,100,100,100,100,100,,,100,100,100,100,100,100,100,100,100,,100,,,,
NA,SCPL,N,A,BE,100,100,100,100,100,100,100,,,100,100,100,100,1,100,100,100,100,,100,,,,
NA,SDBL,N,A,EQ,100,100,100,100,100,100,100,,,100,100,100,100,100,100,100,100,100,,100,,,,
NA,SDREAMS,Y,A,SM,100,100,100,100,100,100,100,,,100,100,100,100,100,100,100,100,100,,100,,,,
NA,SEAMECLTD,N,A,EQ,100,100,100,100,100,100,100,,,100,100,100,100,100,100,100,100,100,,100,,,,
NA,SECL,Y,S,SZ,100,100,100,100,100,100,100,,,100,100,100,100,100,100,100,0,100,,100,,,,
NA,SECMARK,N,A,EQ,100,1,100,100,100,100,100,,,100,100,100,100,100,100,100,100,100,,100,,,,
NA,SECURKLOUD,N,A,EQ,0,100,100,100,100,100,100,,,100,100,100,100,100,0,100,100,100,,100,,,,
NA,SEDEMAC,N,A,EQ,100,100,100,100,100,100,100,,,100,100,100,100,100,100,100,100,100,,100,,,,
NA,SEIL,N,A,EQ,100,100,100,100,100,100,100,,,100,100,100,100,100,100,100,100,100,,100,,,,
NA,SEJALLTD,N,A,EQ,100,100,100,100,100,100,100,,,100,100,100,100,100,100,100,100,100,,100,,,,
NA,SEKURITIND,N,A,EQ,100,100,100,100,100,100,100,,,100,100,100,100,100,100,100,100,100,,100,,,,
NA,SEL,Y,A,SM,100,100,100,100,100,100,100,,,100,100,100,100,100,100,100,100,100,,100,,,,
NA,SELLOWRAP,Y,A,SM,100,100,100,100,100,100,100,,,100,100,100,100,100,100,100,100,100,,100,,,,
NA,SELMC,N,S,BE,100,100,100,100,100,100,100,,,100,100,100,100,100,0,100,100,0,,100,,,,
NA,SEMAC,N,A,EQ,100,100,100,100,100,100,100,,,100,100,100,100,100,100,100,100,100,,100,,,,
NA,SENCO,N,A,EQ,100,100,100,100,100,100,100,,,100,100,100,100,100,100,100,100,100,,100,,,,
NA,SENORES,N,A,EQ,100,100,100,100,100,100,100,,,100,100,100,100,100,100,100,100,100,,100,,,,
NA,SEPC,N,A,EQ,100,100,100,100,100,100,100,,,100,100,100,100,100,100,100,100,100,,100,,,,
NA,SERVICE,Y,A,SM,100,100,100,100,100,100,100,,,100,100,100,100,100,100,100,100,100,,100,,,,
NA,SERVOTECH,Y,A,EQ,100,100,100,100,100,100,100,,,100,100,100,100,100,100,100,100,100,,100,,,,
NA,SESHAPAPER,N,A,EQ,100,100,100,100,100,100,100,,,100,100,100,100,100,100,100,100,100,,100,,,,
NA,SETCO,N,A,BE,100,100,100,100,100,100,100,,,100,100,100,100,1,100,100,100,100,,100,,,,
NA,SETL,N,A,EQ,100,1,100,100,100,100,100,,,100,100,100,100,100,100,100,100,100,,100,,,,
NA,SETUINFRA,N,A,BZ,100,100,100,1,100,100,100,,,100,100,100,100,100,100,100,0,100,,100,,,,
NA,SEYAIND,N,A,BE,100,100,100,0,100,100,100,,,100,100,100,100,100,0,100,100,100,,100,,,,
NA,SFL,N,A,EQ,100,100,100,100,100,100,100,,,100,100,100,100,100,100,100,100,100,,100,,,,
NA,SFML,Y,A,SM,100,100,100,100,100,100,100,,,100,100,100,100,100,100,100,100,100,,100,,,,
NA,SGFIN,N,A,EQ,100,100,100,100,100,100,100,,,100,100,100,100,100,100,100,100,100,,100,,,,
NA,SGIL,N,A,EQ,100,100,100,100,100,100,100,,,100,100,100,100,100,100,100,100,100,,100,,,,
NA,SGL,N,A,EQ,100,100,100,100,100,100,100,,,100,100,100,100,100,100,100,100,100,,100,,,,
NA,SGLRES,N,A,EQ,100,100,100,100,100,100,100,,,100,100,100,100,100,100,100,100,100,,100,,,,
NA,SGMART,N,A,EQ,100,100,100,100,100,100,100,,,100,100,100,100,100,100,100,100,100,,100,,,,
NA,SGRL,N,A,EQ,100,100,100,100,100,100,100,,,100,100,100,100,100,100,100,100,100,,100,,,,
NA,SHADOWFAX,N,A,EQ,100,100,100,100,100,100,100,,,100,100,100,100,100,100,100,100,100,,100,,,,
NA,SHAH,N,A,EQ,100,100,100,100,100,100,100,,,100,100,100,100,100,100,100,100,100,,100,,,,
NA,SHAHALLOYS,N,A,BE,100,100,100,100,100,100,100,,,100,100,100,100,1,100,100,100,100,,100,,,,
NA,SHAILY,N,A,EQ,100,100,100,100,100,100,100,,,100,100,100,100,100,100,100,100,100,,100,,,,
NA,SHAIVAL,Y,A,ST,100,100,100,100,100,100,100,,,100,100,100,100,100,100,100,100,100,,100,,,,
NA,SHAKTIPUMP,N,A,EQ,100,100,100,100,100,100,100,,,100,100,100,100,100,100,100,100,100,,100,,,,
NA,SHALBY,N,A,EQ,100,100,100,100,100,100,100,,,100,100,100,100,100,100,100,100,100,,100,,,,
NA,SHALPAINTS,N,A,BE,100,100,100,100,100,100,100,,,100,100,100,100,1,0,0,100,100,,100,,,,
NA,SHANKARA,N,A,EQ,100,100,100,100,100,100,100,,,100,100,100,100,100,100,100,100,100,,100,,,,
NA,SHANKESH,N,A,EQ,100,100,100,100,100,100,100,,,100,100,100,100,100,100,100,100,100,,100,,,,
NA,SHANTHALA,Y,A,SM,100,100,100,100,100,100,100,,,100,100,100,100,100,100,100,100,100,,100,,,,
NA,SHANTI,Y,A,EQ,0,100,100,100,100,100,100,,,100,100,100,100,100,100,100,100,100,,100,,,,
NA,SHANTIGEAR,N,A,EQ,100,100,100,100,1,100,100,,,100,100,100,100,100,100,100,100,100,,100,,,,
NA,SHANTIGOLD,N,A,EQ,100,100,100,100,1,100,100,,,100,100,100,100,100,100,100,100,100,,100,,,,
NA,SHANTIINOR,Y,A,SM,100,100,100,100,100,100,100,,,100,100,100,100,100,100,100,100,100,,100,,,,
NA,SHARDACROP,N,A,EQ,100,100,100,100,100,100,100,,,100,100,100,100,100,100,100,100,100,,100,,,,
NA,SHARDAMOTR,N,A,EQ,100,100,100,100,100,100,100,,,100,100,100,100,100,100,100,100,100,,100,,,,
NA,SHARDUL,N,A,BE,100,100,100,100,100,100,100,,,100,100,100,100,1,100,100,100,100,,100,,,,
NA,SHAREINDIA,N,A,EQ,100,100,100,100,100,100,100,,,1,100,100,100,100,100,100,100,100,,100,,,,
NA,SHBAJRG,N,A,EQ,100,100,100,100,100,100,100,,,100,100,100,100,100,100,100,100,100,,100,,,,
NA,SHEEL,Y,A,SM,100,100,100,100,100,100,100,,,100,100,100,100,100,100,100,100,100,,100,,,,
NA,SHEETAL,Y,A,SM,100,100,100,100,100,100,100,,,100,100,100,100,100,100,100,100,100,,100,,,,
NA,SHEKHAWATI,N,A,BE,100,100,100,100,100,100,100,,,100,100,100,100,1,100,100,100,100,,100,,,,
NA,SHEMAROO,N,A,EQ,100,100,100,100,100,100,100,,,100,100,100,100,100,0,100,100,100,,100,,,,
NA,SHERA,Y,A,SM,100,100,100,100,100,100,100,,,100,100,100,100,100,100,100,100,100,,100,,,,
NA,SHERVANI,N,A,EQ,100,100,100,100,100,100,100,,,100,100,100,100,100,100,100,100,100,,100,,,,
NA,SHETHJI,Y,A,SM,100,100,100,100,100,100,100,,,100,100,100,100,100,100,100,100,100,,100,,,,
NA,SHIGAN,Y,A,SM,100,100,100,100,100,100,100,,,100,100,100,100,100,100,100,100,100,,100,,,,
NA,SHILCTECH,N,A,EQ,100,100,100,100,100,100,100,,,100,100,100,100,100,100,100,100,100,,100,,,,
NA,SHILGRAVQ,N,A,EQ,100,100,100,100,100,100,100,,,100,100,100,100,100,100,100,100,100,,100,,,,
NA,SHILPAMED,N,A,EQ,100,1,100,100,100,100,100,,,100,100,100,100,100,100,100,100,100,,100,,,,
NA,SHINDL,N,A,EQ,100,100,100,100,100,100,100,,,100,100,100,100,100,100,100,100,100,,100,,,,
NA,SHIPROCKET,N,A,EQ,100,100,100,100,100,100,100,,,100,100,100,100,100,100,100,100,100,,100,,,,
NA,SHIVAAGRO,N,A,EQ,100,100,100,100,100,100,100,,,100,100,100,100,100,100,100,100,100,,100,,,,
NA,SHIVACEM,N,A,EQ,100,100,100,100,100,100,100,,,100,100,100,100,100,100,100,100,100,,100,,,,
NA,SHIVALIK,N,A,EQ,100,100,100,100,100,100,100,,,100,100,100,100,100,100,100,100,100,,100,,,,
NA,SHIVAMAUTO,N,A,EQ,100,1,100,100,100,100,100,,,100,100,100,100,100,0,100,100,100,,100,,,,
NA,SHIVAMILLS,N,A,EQ,100,100,100,100,100,100,100,,,100,100,100,100,100,100,100,100,100,,100,,,,
NA,SHIVASHRIT,Y,A,SM,100,100,100,100,100,100,100,,,100,100,100,100,100,100,100,100,100,,100,,,,
NA,SHIVATEX,N,A,EQ,100,100,100,100,100,100,100,,,100,100,100,100,100,100,100,100,100,,100,,,,
NA,SHIVAUM,Y,A,EQ,100,100,100,100,100,100,100,,,100,100,100,100,100,100,100,100,100,,100,,,,
NA,SHK,N,A,EQ,100,100,100,100,100,100,100,,,100,100,100,100,100,100,100,100,100,,100,,,,
NA,SHKSIL,Y,A,SM,100,100,100,100,100,100,100,,,100,100,100,100,100,100,100,100,100,,100,,,,
NA,SHOPERSTOP,N,A,EQ,100,100,100,100,100,100,100,,,100,100,100,100,100,100,100,100,100,,100,,,,
NA,SHRADDHA,N,A,EQ,100,100,100,100,100,100,100,,,100,100,100,100,100,100,100,100,100,,100,,,,
NA,SHRADHA,Y,A,EQ,100,100,100,100,100,100,100,,,100,100,100,100,100,100,100,100,100,,100,,,,
NA,SHREDIGCEM,N,A,EQ,100,100,100,100,100,100,100,,,100,100,100,100,100,100,100,100,100,,100,,,,
NA,SHREECEM,N,A,EQ,100,100,100,100,100,100,100,,,100,100,100,100,100,100,100,100,100,,100,,,,
NA,SHREEDHAR,Y,A,ST,100,100,100,100,100,100,100,,,100,100,100,100,1,100,100,100,100,,100,,,,
NA,SHREEJISPG,N,A,EQ,100,1,100,100,100,100,100,,,100,100,100,100,100,100,100,100,100,,100,,,,
NA,SHREEKARNI,Y,A,SM,100,100,100,100,100,100,100,,,100,100,100,100,100,100,100,100,100,,100,,,,
NA,SHREEOSFM,Y,A,SM,100,100,100,100,100,100,100,,,100,100,100,100,100,100,100,100,100,,100,,,,
NA,SHREEPUSHK,N,A,EQ,100,100,100,100,100,100,100,,,100,100,100,100,100,100,100,100,100,,100,,,,
NA,SHREERAMA,N,A,EQ,100,100,100,100,100,100,100,,,100,100,100,100,100,100,100,100,100,,100,,,,
NA,SHRENIK,Y,A,BZ,0,100,100,0,100,100,100,,,100,100,100,100,100,100,100,0,100,,100,,,,
NA,SHREYANIND,N,A,EQ,100,100,100,100,100,100,100,,,100,100,100,100,100,100,100,100,100,,100,,,,
NA,SHRIAHIMSA,Y,A,SM,100,100,100,100,100,100,100,,,100,100,100,100,100,100,100,100,100,,100,,,,
NA,SHRIKANHA,Y,A,SM,100,100,100,100,100,100,100,,,100,100,100,100,100,100,100,100,100,,100,,,,
NA,SHRIKRISH,N,A,EQ,100,100,100,100,1,100,100,,,100,100,100,100,100,100,100,100,100,,100,,,,
NA,SHRINGARMS,N,A,EQ,100,100,100,100,100,100,100,,,100,100,100,100,100,100,100,100,100,,100,,,,
NA,SHRIPISTON,N,A,EQ,100,100,100,100,100,100,100,,,100,100,100,100,100,100,100,100,100,,100,,,,
NA,SHRIRAMFIN,N,A,EQ,100,100,100,100,100,100,100,,,100,100,100,100,100,100,100,100,100,,100,,,,
NA,SHRIRAMPPS,N,A,EQ,100,100,100,100,100,100,100,,,100,100,100,100,100,100,100,100,100,,100,,,,
NA,SHRITECH,Y,A,SM,100,100,100,100,100,100,100,,,100,100,100,100,100,100,100,100,100,,100,,,,
NA,SHRJAGP,N,A,EQ,100,100,100,100,100,100,100,,,100,100,100,100,100,100,100,100,100,,100,,,,
NA,SHUBHLAXMI,Y,A,SM,100,100,100,100,100,100,100,,,100,100,100,100,100,100,100,100,100,,100,,,,
NA,SHUBHSHREE,Y,A,SM,100,100,100,100,100,100,100,,,100,100,100,100,100,100,100,100,100,,100,,,,
NA,SHUKRAPHAR,N,A,EQ,100,100,100,100,100,100,100,,,100,100,100,100,100,100,100,100,100,,100,,,,
NA,SHYAMCENT,N,A,BE,100,100,100,100,100,100,100,,,100,100,100,100,1,100,100,100,100,,100,,,,
NA,SHYAMDHANI,Y,A,SM,100,100,100,100,100,100,100,,,100,100,100,100,100,100,100,100,100,,100,,,,
NA,SHYAMMETL,N,A,EQ,100,100,100,100,100,100,100,,,100,100,100,100,100,100,100,100,100,,100,,,,
NA,SHYAMTEL,N,A,EQ,0,100,100,100,100,100,100,,,100,100,100,100,100,0,100,100,100,,100,,,,
NA,SICAGEN,N,A,EQ,100,100,100,100,100,100,100,,,100,100,100,100,100,100,100,100,100,,100,,,,
NA,SICALLOG,N,A,BE,100,100,100,100,100,100,100,,,100,100,100,100,1,100,100,100,100,,100,,,,
NA,SIDDHICOTS,Y,A,SM,100,100,100,100,100,100,100,,,100,100,100,100,100,100,100,100,100,,100,,,,
NA,SIDDHIKA,Y,A,SM,100,100,100,100,100,100,100,,,100,100,100,100,100,100,100,100,100,,100,,,,
NA,SIEL,N,A,EQ,100,1,100,100,100,100,100,,,100,100,100,100,100,100,100,100,100,,100,,,,
NA,SIEMENS,N,A,EQ,100,100,100,100,100,100,100,,,100,100,100,100,100,100,100,100,100,,100,,,,
NA,SIGACHI,N,A,EQ,100,100,100,100,100,100,100,,,100,100,100,100,100,100,100,100,100,,100,,,,
NA,SIGIND,N,A,BE,100,100,100,100,100,100,100,,,100,100,100,100,1,100,100,100,100,,100,,,,
NA,SIGMA,N,A,EQ,100,100,100,100,100,100,100,,,100,100,100,100,100,100,100,100,100,,100,,,,
NA,SIGMAADV,N,A,BE,100,4,100,100,100,100,100,,,100,100,100,100,100,100,100,100,100,,100,,,,
NA,SIGNATURE,N,A,EQ,100,100,100,100,100,100,100,,,100,100,100,100,100,100,100,100,100,,100,,,,
NA,SIGNORIA,Y,A,ST,100,100,100,100,100,100,100,,,100,100,100,100,1,100,100,100,100,,100,,,,
NA,SIGNPOST,N,A,EQ,100,100,100,100,100,100,100,,,100,100,100,100,100,100,100,100,100,,100,,,,
NA,SIKA,N,A,EQ,100,100,100,100,100,100,100,,,100,100,100,100,100,100,100,100,100,,100,,,,
NA,SIKKO,Y,A,BE,100,100,100,100,100,100,100,,,100,100,100,100,1,100,100,100,100,,100,,,,
NA,SIL,N,A,EQ,100,100,100,100,100,100,100,,,100,100,100,100,100,100,100,100,100,,100,,,,
NA,SILGO,Y,A,EQ,100,100,100,100,100,100,100,,,100,100,100,100,100,100,100,100,100,,100,,,,
NA,SILINV,N,A,EQ,100,100,100,100,100,100,100,,,100,100,100,100,100,100,100,100,100,,100,,,,
NA,SILKFLEX,Y,A,SM,100,100,100,100,1,100,100,,,100,100,100,100,100,100,100,100,100,,100,,,,
NA,SILKY,Y,A,SM,100,100,100,100,100,100,100,,,100,100,100,100,100,100,100,100,100,,100,,,,
NA,SILVERTUC,N,A,EQ,100,100,100,100,100,100,100,,,100,100,100,100,100,100,100,100,100,,100,,,,
NA,SIMBHALS,N,A,BZ,100,100,100,0,100,100,100,,,100,100,100,100,100,100,100,0,100,,100,,,,
NA,SIMCA,Y,A,ST,100,100,100,100,100,100,100,,,100,100,100,100,1,100,100,100,100,,100,,,,
NA,SIMPLEXINF,N,A,EQ,100,100,100,100,100,100,100,,,100,100,100,100,100,100,100,100,100,,100,,,,
NA,SIMPLXREA,N,A,EQ,100,100,100,100,100,100,100,,,100,100,100,100,100,100,100,100,100,,100,,,,
NA,SINCLAIR,N,A,EQ,100,100,100,100,100,100,100,,,100,100,100,100,100,100,100,100,100,,100,,,,
NA,SINDHUTRAD,N,A,EQ,100,100,100,100,100,100,100,,,100,100,100,100,100,100,100,100,100,,100,,,,
NA,SINGERIND,N,A,EQ,100,100,100,100,100,100,100,,,100,100,100,100,100,100,100,100,100,,100,,,,
NA,SINTERCOM,Y,A,EQ,100,100,100,100,100,100,100,,,100,100,100,100,100,100,100,100,100,,100,,,,
NA,SIRCA,N,A,EQ,100,100,100,100,100,100,100,,,100,100,100,100,100,100,100,100,100,,100,,,,
NA,SIS,N,A,EQ,100,100,100,100,100,100,100,,,100,100,100,100,100,100,100,100,100,,100,,,,
NA,SITINET,N,A,BZ,100,100,100,0,100,100,100,,,100,100,100,100,100,100,100,0,100,,100,,,,
NA,SIYSIL,N,A,EQ,100,100,100,100,100,100,100,,,100,100,100,100,100,100,100,100,100,,100,,,,
NA,SJLOGISTIC,Y,A,SM,100,100,100,100,100,100,100,,,100,100,100,100,100,100,100,100,100,,100,,,,
NA,SJS,N,A,EQ,100,100,100,100,100,100,100,,,100,100,100,100,100,100,100,100,100,,100,,,,
NA,SJVN,N,A,EQ,100,100,100,100,100,100,100,,,100,100,100,100,100,100,100,100,100,,100,,,,
NA,SKFINDIA,N,A,EQ,100,100,100,100,100,100,100,,,100,100,100,100,100,100,100,100,100,,100,,,,
NA,SKFINDUS,N,A,EQ,100,100,100,100,100,100,100,,,100,100,100,100,100,100,100,100,100,,100,,,,
NA,SKIL,N,S,BZ,100,100,100,0,100,100,100,,,100,100,100,100,100,100,100,0,100,,100,,,,
NA,SKIPPER,N,A,EQ,100,100,100,100,100,100,100,,,100,100,100,100,100,100,100,100,100,,100,,,,
NA,SKMEGGPROD,N,A,EQ,100,1,100,100,100,100,100,,,100,100,100,100,100,100,100,100,100,,100,,,,
NA,SKP,Y,A,SM,100,100,100,100,100,100,100,,,100,100,100,100,100,100,100,100,100,,100,,,,
NA,SKYGOLD,N,A,EQ,100,1,100,100,100,100,100,,,100,100,100,100,100,100,100,100,100,,100,,,,
NA,SKYTECH,Y,A,SM,100,100,100,100,1,100,100,,,100,100,100,100,100,100,100,100,100,,100,,,,
NA,SKYWAYS,N,A,EQ,100,100,100,100,100,100,100,,,100,100,100,100,100,100,100,100,100,,100,,,,
NA,SLONE,Y,A,ST,100,100,100,100,100,100,100,,,100,100,100,100,1,100,100,100,100,,100,,,,
NA,SMARTEN,Y,A,SM,100,100,100,100,100,100,100,,,100,100,100,100,100,100,100,100,100,,100,,,,
NA,SMARTLINK,N,A,BE,100,100,100,100,100,100,100,,,100,100,100,100,1,100,100,100,100,,100,,,,
NA,SMARTWORKS,N,A,EQ,100,100,100,100,100,100,100,,,100,100,100,100,100,100,100,100,100,,100,,,,
NA,SMCGLOBAL,N,A,EQ,100,100,100,100,100,100,100,,,100,100,100,100,100,100,100,100,100,,100,,,,
NA,SMLMAH,N,A,EQ,100,100,100,100,100,100,100,,,100,100,100,100,100,100,100,100,100,,100,,,,
NA,SMLT,N,A,EQ,100,100,100,100,100,100,100,,,100,100,100,100,100,100,100,100,100,,100,,,,
NA,SMSPHARMA,N,A,EQ,100,100,100,100,100,100,100,,,100,100,100,100,100,100,100,100,100,,100,,,,
NA,SMVD,Y,A,SM,100,100,100,100,100,100,100,,,100,100,100,100,100,100,100,100,100,,100,,,,
NA,SNEHAA,Y,A,SM,100,100,100,100,100,100,100,,,100,100,100,100,100,100,100,100,100,,100,,,,
NA,SNOWMAN,N,A,EQ,100,100,100,100,100,100,100,,,100,100,100,100,100,100,100,100,100,,100,,,,
NA,SOBHA,N,A,EQ,100,100,100,100,100,100,100,,,100,100,100,100,100,100,100,100,100,,100,,,,
NA,SOCL,Y,A,SM,100,100,100,100,100,100,100,,,100,100,100,100,100,100,100,100,100,,100,,,,
NA,SOFTTECH,N,A,EQ,100,100,100,100,100,100,100,,,100,100,100,100,100,100,100,100,100,,100,,,,
NA,SOLARA,N,A,EQ,100,100,100,100,100,100,100,,,100,100,100,100,100,100,100,100,100,,100,,,,
NA,SOLARINDS,N,A,EQ,100,100,100,100,100,100,100,,,100,100,100,100,100,100,100,100,100,,100,,,,
NA,SOLARWORLD,N,A,EQ,100,100,100,100,100,100,100,,,100,100,100,100,100,100,100,100,100,,100,,,,
NA,SOLEX,N,A,EQ,100,100,100,100,100,100,100,,,100,100,100,100,100,100,100,100,100,,100,,,,
NA,SOMANYCERA,N,A,EQ,100,100,100,100,100,100,100,,,100,100,100,100,100,100,100,100,100,,100,,,,
NA,SOMATEX,N,A,EQ,100,100,100,100,100,100,100,,,100,100,100,100,100,100,100,100,100,,100,,,,
NA,SOMICONVEY,N,A,EQ,100,100,100,100,100,100,100,,,100,100,100,100,100,100,100,100,100,,100,,,,
NA,SONA,N,A,BE,100,100,100,100,100,100,100,,,100,100,100,100,100,100,100,100,100,,100,,,,
NA,SONACOMS,N,A,EQ,100,100,100,100,100,100,100,,,100,100,100,100,100,100,100,100,100,,100,,,,
NA,SONAL,N,A,EQ,100,100,100,100,100,100,100,,,100,100,100,100,100,100,100,100,100,,100,,,,
NA,SONAMAC,Y,A,SM,100,100,100,100,100,100,100,,,100,100,100,100,100,100,100,100,100,,100,,,,
NA,SONAMLTD,Y,A,BE,100,100,100,100,100,100,100,,,100,100,100,100,100,100,100,100,100,,100,,,,
NA,SONATSOFTW,N,A,EQ,100,100,100,100,100,100,100,,,100,100,100,100,100,100,100,100,100,,100,,,,
NA,SONUINFRA,Y,A,SM,100,100,100,100,100,100,100,,,100,100,100,100,100,100,100,100,100,,100,,,,
NA,SOTAC,Y,A,SM,100,100,100,100,100,100,100,,,100,100,100,100,100,100,100,100,100,,100,,,,
NA,SOTL,N,A,EQ,100,100,100,100,100,100,100,,,100,100,100,100,100,100,100,100,100,,100,,,,
NA,SOUTHBANK,N,A,EQ,100,100,100,100,100,100,100,,,100,100,100,100,100,100,100,100,100,,100,,,,
NA,SOUTHWEST,N,A,EQ,100,100,100,100,100,100,100,,,100,100,100,100,100,100,100,100,100,,100,,,,
NA,SPAL,N,A,EQ,100,100,100,100,100,100,100,,,100,100,100,100,100,100,100,100,100,,100,,,,
NA,SPANDANA,N,A,EQ,100,100,100,100,100,100,100,,,100,100,100,100,100,100,100,100,100,,100,,,,
NA,SPARC,N,A,EQ,100,100,100,100,100,100,100,,,100,100,100,100,100,100,100,100,100,,100,,,,
NA,SPCENET,Y,A,EQ,100,100,100,100,100,100,100,,,100,100,100,100,100,100,100,100,100,,100,,,,
NA,SPCL,Y,A,SM,100,100,100,100,100,100,100,,,100,100,100,100,100,100,100,100,100,,100,,,,
NA,SPCON,Y,A,SM,100,100,100,100,100,100,100,,,100,100,100,100,100,100,100,100,100,,100,,,,
NA,SPEB,Y,A,SM,100,100,100,100,100,100,100,,,100,100,100,100,100,100,100,100,100,,100,,,,
NA,SPECIALITY,N,A,BE,100,100,100,100,100,100,100,,,100,100,100,100,1,100,100,100,100,,100,,,,
NA,SPECTRAA,Y,A,ST,100,100,100,100,100,100,100,,,100,100,100,100,100,100,100,100,100,,100,,,,
NA,SPECTRUM,N,A,BE,100,100,100,100,100,100,100,,,100,100,100,100,100,100,100,100,100,,100,,,,
NA,SPECTSTM,Y,A,SM,100,100,100,100,100,100,100,,,100,100,100,100,100,100,100,100,100,,100,,,,
NA,SPELS,N,S,BE,100,100,100,100,100,100,100,,,100,100,100,100,100,100,100,100,0,,100,,,,
NA,SPENCERS,N,A,EQ,100,100,100,100,100,100,100,,,100,100,100,100,100,0,100,100,100,,100,,,,
NA,SPIC,N,A,EQ,100,100,100,100,100,100,100,,,100,100,100,100,100,100,100,100,100,,100,,,,
NA,SPLIL,N,A,EQ,100,100,100,100,100,100,100,,,100,100,100,100,100,100,100,100,100,,100,,,,
NA,SPLPETRO,N,A,EQ,100,100,100,100,100,100,100,,,100,100,100,100,100,100,100,100,100,,100,,,,
NA,SPMLINFRA,N,A,EQ,100,100,100,100,100,100,100,,,100,100,100,100,100,100,100,100,100,,100,,,,
NA,SPORTKING,N,A,EQ,100,100,100,100,100,100,100,,,100,100,100,100,100,100,100,100,100,,100,,,,
NA,SPPPOLY,Y,A,SM,100,100,100,100,100,100,100,,,100,100,100,100,100,100,100,100,100,,100,,,,
NA,SPRL,Y,A,SM,100,100,100,100,100,100,100,,,100,100,100,100,100,100,100,100,100,,100,,,,
NA,SPUNWEB,Y,A,SM,100,100,100,100,100,100,100,,,100,100,100,100,100,100,100,100,100,,100,,,,
NA,SRD,N,A,EQ,100,100,100,100,100,100,100,,,100,100,100,100,100,100,100,100,100,,100,,,,
NA,SREEL,N,A,BE,100,100,100,100,100,100,100,,,100,100,100,100,1,100,100,100,100,,100,,,,
NA,SRF,N,A,EQ,100,100,100,100,100,100,100,,,100,100,100,100,100,100,100,100,100,,100,,,,
NA,SRGHFL,N,A,EQ,100,1,100,100,100,100,100,,,100,100,100,100,100,100,100,100,100,,100,,,,
NA,SRHHYPOLTD,N,A,EQ,100,100,100,100,100,100,100,,,100,100,100,100,100,100,100,100,100,,100,,,,
NA,SRIKPRIND,N,A,BE,100,100,100,100,100,100,100,,,100,100,100,100,1,100,100,100,100,,100,,,,
NA,SRIVASAVI,Y,A,ST,100,100,100,100,100,100,100,,,100,100,100,100,1,100,100,100,100,,100,,,,
NA,SRM,N,A,EQ,100,100,100,100,100,100,100,,,100,100,100,100,100,100,100,100,100,,100,,,,
NA,SRTL,N,A,EQ,100,100,100,100,100,100,100,,,100,100,100,100,100,100,100,100,100,,100,,,,
NA,SSDL,N,A,EQ,100,100,100,100,1,100,100,,,100,100,100,100,100,100,100,100,100,,100,,,,
NA,SSEGL,Y,A,SM,100,100,100,100,100,100,100,,,100,100,100,100,100,100,100,100,100,,100,,,,
NA,SSFL,Y,A,ST,100,100,100,100,100,100,100,,,100,100,100,100,1,100,100,100,100,,100,,,,
NA,SSRETAIL,N,A,EQ,100,100,100,100,100,100,100,,,100,100,100,100,100,100,100,100,100,,100,,,,
NA,SSWL,N,A,EQ,100,100,100,100,100,100,100,,,100,100,100,100,100,100,100,100,100,,100,,,,
NA,STALLION,N,A,BE,100,100,100,100,100,100,100,,,100,100,100,100,100,100,100,100,100,,100,,,,
NA,STANLEY,N,A,EQ,100,100,100,100,100,100,100,,,100,100,100,100,100,100,100,100,100,,100,,,,
NA,STAR,N,A,EQ,100,100,100,100,100,100,100,,,100,100,100,100,100,100,100,100,100,,100,,,,
NA,STARCEMENT,N,A,EQ,100,100,100,100,100,100,100,,,100,100,100,100,100,100,100,100,100,,100,,,,
NA,STARHEALTH,N,A,EQ,100,100,100,100,100,100,100,,,100,100,100,100,100,100,100,100,100,,100,,,,
NA,STARPAPER,N,A,EQ,100,100,100,100,100,100,100,,,100,100,100,100,100,100,100,100,100,,100,,,,
NA,STARTECK,N,A,EQ,100,100,100,100,1,100,100,,,100,100,100,100,100,100,100,100,100,,100,,,,
NA,STCINDIA,N,A,EQ,100,100,100,100,100,100,100,,,100,100,100,100,100,100,100,100,100,,100,,,,
NA,STEAMHOUSE,N,A,EQ,100,100,100,100,100,100,100,,,100,100,100,100,100,100,100,100,100,,100,,,,
NA,STEELCAS,N,A,EQ,100,100,100,100,100,100,100,,,100,100,100,100,100,100,100,100,100,,100,,,,
NA,STEELCITY,Y,A,EQ,100,100,100,100,100,100,100,,,100,100,100,100,100,100,100,100,100,,100,,,,
NA,STEELXIND,N,A,EQ,100,100,100,100,100,100,100,,,100,100,100,100,100,100,100,100,100,,100,,,,
NA,STEL,N,A,EQ,100,100,100,100,100,100,100,,,100,100,100,100,100,100,100,100,100,,100,,,,
NA,STERTOOLS,N,A,EQ,100,100,100,100,100,100,100,,,100,100,100,100,100,100,100,100,100,,100,,,,
NA,STLNETWORK,N,A,EQ,100,1,100,100,100,100,100,,,100,100,100,100,100,100,100,100,100,,100,,,,
NA,STLSTRINF,N,A,EQ,100,1,100,100,100,100,100,,,100,100,100,100,100,100,100,100,100,,100,,,,
NA,STLTECH,N,A,BE,100,4,100,100,100,100,100,,,100,100,100,100,100,100,100,100,100,,100,,,,
NA,STOVEKRAFT,N,A,EQ,100,100,100,100,100,100,100,,,100,100,100,100,100,100,100,100,100,,100,,,,
NA,STRIDERS,Y,A,SM,100,100,100,100,100,100,100,,,100,100,100,100,100,100,100,100,100,,100,,,,
NA,STUDDS,N,A,EQ,100,100,100,100,100,100,100,,,100,100,100,100,100,100,100,100,100,,100,,,,
NA,STUDIOLSD,Y,A,SM,100,100,100,100,100,100,100,,,100,100,100,100,100,100,100,100,100,,100,,,,
NA,STYL,N,A,EQ,100,100,100,100,100,100,100,,,100,100,100,100,100,100,100,100,100,,100,,,,
NA,STYLAMIND,N,A,EQ,100,100,100,100,100,100,100,,,100,100,100,100,100,100,100,100,100,,100,,,,
NA,STYLEBAAZA,N,A,EQ,100,100,100,100,100,100,100,,,100,100,100,100,100,100,100,100,100,,100,,,,
NA,STYRENIX,N,A,EQ,100,100,100,100,100,100,100,,,100,100,100,100,100,100,100,100,100,,100,,,,
NA,SUBAHOTELS,Y,A,SM,100,100,100,100,100,100,100,,,100,100,100,100,100,100,100,100,100,,100,,,,
NA,SUBEXLTD,N,A,EQ,100,100,100,100,100,100,100,,,100,100,100,100,100,100,100,100,100,,100,,,,
NA,SUBROS,N,A,EQ,100,100,100,100,100,100,100,,,100,100,100,100,100,100,100,100,100,,100,,,,
NA,SUDARCOLOR,N,A,EQ,100,100,100,100,100,100,100,,,100,100,100,100,100,100,100,100,100,,100,,,,
NA,SUDARSCHEM,N,A,EQ,100,100,100,100,100,100,100,,,100,100,100,100,100,100,100,100,100,,100,,,,
NA,SUDEEPPHRM,N,A,EQ,100,100,100,100,100,100,100,,,100,100,100,100,100,100,100,100,100,,100,,,,
NA,SUKHJITS,N,A,EQ,100,100,100,100,100,100,100,,,100,100,100,100,100,100,100,100,100,,100,,,,
NA,SULA,N,A,EQ,100,100,100,100,100,100,100,,,100,100,100,100,100,100,100,100,100,,100,,,,
NA,SUMAX,Y,A,SM,100,100,100,100,100,100,100,,,100,100,100,100,100,100,100,100,100,,100,,,,
NA,SUMEDHA,N,A,EQ,100,100,100,100,100,100,100,,,100,100,100,100,100,100,100,100,100,,100,,,,
NA,SUMEETINDS,N,A,EQ,100,2,100,100,100,100,100,,,100,100,100,100,100,100,100,100,100,,100,,,,
NA,SUMICHEM,N,A,EQ,100,100,100,100,100,100,100,,,100,100,100,100,100,100,100,100,100,,100,,,,
NA,SUMIT,Y,A,EQ,100,100,100,100,100,100,100,,,100,100,100,100,100,100,100,100,100,,100,,,,
NA,SUMMITSEC,N,A,EQ,100,100,100,100,100,100,100,,,100,100,100,100,100,100,100,100,100,,100,,,,
NA,SUNCLAY,N,A,EQ,100,100,100,100,100,100,100,,,100,100,100,100,100,100,100,100,100,,100,,,,
NA,SUNDARAM,N,A,EQ,100,100,100,100,100,100,100,,,100,100,100,100,100,100,100,100,100,,100,,,,
NA,SUNDARMFIN,N,A,EQ,100,100,100,100,100,100,100,,,100,100,100,100,100,100,100,100,100,,100,,,,
NA,SUNDRMBRAK,N,A,EQ,100,100,100,100,100,100,100,,,100,100,100,100,100,100,100,100,100,,100,,,,
NA,SUNDRMFAST,N,A,EQ,100,100,100,100,100,100,100,,,100,100,100,100,100,100,100,100,100,,100,,,,
NA,SUNDROP,N,A,EQ,100,100,100,100,100,100,100,,,100,100,100,100,100,100,100,100,100,,100,,,,
NA,SUNFLAG,N,A,EQ,100,100,100,100,1,100,100,,,100,100,100,100,100,100,100,100,100,,100,,,,
NA,SUNLITE,Y,A,SM,100,100,100,100,100,100,100,,,100,100,100,100,100,100,100,100,100,,100,,,,
NA,SUNLOC,N,A,EQ,100,100,100,100,100,100,100,,,100,100,100,100,100,100,100,100,100,,100,,,,
NA,SUNPHARMA,N,A,EQ,100,100,100,100,100,100,100,,,100,100,100,100,100,100,100,100,100,,100,,,,
NA,SUNRAKSHAK,N,A,EQ,100,100,100,100,100,100,100,,,100,100,100,100,100,100,100,100,100,,100,,,,
NA,SUNREST,Y,A,SM,100,100,100,100,100,100,100,,,100,100,100,100,100,100,100,100,100,,100,,,,
NA,SUNSHIEL,N,A,EQ,100,100,100,100,100,100,100,,,100,100,100,100,100,100,100,100,100,,100,,,,
NA,SUNSHINE,N,A,EQ,100,100,100,100,100,100,100,,,100,100,100,100,100,100,100,100,100,,100,,,,
NA,SUNTECH,Y,A,SM,100,100,100,100,100,100,100,,,100,100,100,100,100,100,100,100,100,,100,,,,
NA,SUNTECK,N,A,EQ,100,100,100,100,100,100,100,,,100,100,100,100,100,100,100,100,100,,100,,,,
NA,SUNTV,N,A,EQ,100,100,100,100,100,100,100,,,100,100,100,100,100,100,100,100,100,,100,,,,
NA,SUPERHOUSE,N,A,EQ,100,100,100,100,100,100,100,,,100,100,100,100,100,100,100,100,100,,100,,,,
NA,SUPERSPIN,N,A,BE,100,100,100,100,100,100,100,,,100,100,100,100,100,100,100,100,100,,100,,,,
NA,SUPRAJIT,N,A,EQ,100,100,100,100,100,100,100,,,100,100,100,100,100,100,100,100,100,,100,,,,
NA,SUPREME,N,A,EQ,100,100,100,100,100,100,100,,,100,100,100,100,100,100,100,100,100,,100,,,,
NA,SUPREMEENG,Y,A,BZ,0,100,100,100,100,100,100,,,100,100,100,100,2,100,100,0,100,,100,,,,
NA,SUPREMEIND,N,A,EQ,100,100,100,100,100,100,100,,,100,100,100,100,100,100,100,100,100,,100,,,,
NA,SUPREMEINF,N,A,EQ,100,100,100,100,100,100,100,,,100,100,100,100,100,100,100,100,100,,100,,,,
NA,SUPREMEPWR,Y,A,SM,100,100,100,100,100,100,100,,,100,100,100,100,100,100,100,100,100,,100,,,,
NA,SUPRIYA,N,A,EQ,100,100,100,100,100,100,100,,,100,100,100,100,100,100,100,100,100,,100,,,,
NA,SUPTANERY,N,A,BE,100,100,100,100,100,100,100,,,100,100,100,100,1,100,100,100,100,,100,,,,
NA,SURAJEST,N,A,EQ,100,100,100,100,1,100,100,,,100,100,100,100,100,100,100,100,100,,100,,,,
NA,SURAJLTD,N,A,EQ,100,100,100,100,100,100,100,,,100,100,100,100,100,100,100,100,100,,100,,,,
NA,SURAKSHA,N,A,EQ,100,100,100,100,100,100,100,,,100,100,100,100,100,100,100,100,100,,100,,,,
NA,SURANASOL,N,A,EQ,100,100,100,100,100,100,100,,,100,100,100,100,100,100,100,100,100,,100,,,,
NA,SURANAT&P,N,A,EQ,100,100,100,100,100,100,100,,,100,100,100,100,100,100,100,100,100,,100,,,,
NA,SURANI,Y,A,SM,100,100,100,100,100,100,100,,,100,100,100,100,100,100,100,100,100,,100,,,,
NA,SURYALA,N,A,EQ,100,100,100,100,100,100,100,,,100,100,100,100,100,100,100,100,100,,100,,,,
NA,SURYALAXMI,N,A,EQ,100,100,100,100,100,100,100,,,100,100,100,100,100,100,100,100,100,,100,,,,
NA,SURYAROSNI,N,A,EQ,100,100,100,100,100,100,100,,,100,100,100,100,100,100,100,100,100,,100,,,,
NA,SURYODAY,N,A,EQ,100,100,100,100,100,100,100,,,100,100,100,100,100,100,100,100,100,,100,,,,
NA,SUTLEJTEX,N,A,BE,100,100,100,100,100,100,100,,,100,100,100,100,1,100,100,100,100,,100,,,,
NA,SUVEN,N,A,EQ,100,1,100,100,100,100,100,,,100,100,100,100,100,0,100,100,100,,100,,,,
NA,SUVIDHAA,N,A,EQ,100,100,100,100,100,100,100,,,100,100,100,100,100,0,100,100,100,,100,,,,
NA,SUYOG,N,A,EQ,100,100,100,100,100,100,100,,,100,100,100,100,100,100,100,100,100,,100,,,,
NA,SUZLON,N,A,EQ,100,100,100,100,100,100,100,,,100,100,100,100,100,100,100,100,100,,100,,,,
NA,SVGLOBAL,N,A,EQ,100,1,100,100,100,100,100,,,100,100,100,100,100,100,100,100,100,,100,,,,
NA,SVLL,Y,A,EQ,100,100,100,100,100,100,100,,,100,100,100,100,100,100,100,100,100,,100,,,,
NA,SVPGLOB,N,A,EQ,100,100,100,100,100,100,100,,,100,100,100,100,100,0,100,100,100,,100,,,,
NA,SWANCORP,N,A,EQ,100,100,100,100,100,100,100,,,100,100,100,100,100,100,100,100,100,,100,,,,
NA,SWANDEF,N,A,BE,100,100,100,0,100,100,100,,,100,100,100,100,100,100,100,100,100,,100,,,,
NA,SWARAJ,N,A,BE,100,100,100,100,100,100,100,,,100,100,100,100,1,100,100,100,100,,100,,,,
NA,SWARAJENG,N,A,EQ,100,100,100,100,100,100,100,,,100,100,100,100,100,100,100,100,100,,100,,,,
NA,SWARNSAR,N,A,EQ,100,100,100,100,100,100,100,,,100,100,100,100,100,100,100,100,100,,100,,,,
NA,SWASTIK,Y,A,ST,100,100,100,100,100,100,100,,,100,100,100,100,100,100,100,100,100,,100,,,,
NA,SWASTIKAIN,N,A,BE,100,100,100,100,100,100,100,,,100,100,100,100,100,100,100,100,100,,100,,,,
NA,SWELECTES,N,A,EQ,100,100,100,100,100,100,100,,,100,100,100,100,100,100,100,100,100,,100,,,,
NA,SWIGGY,N,A,EQ,100,100,100,100,100,100,100,,,100,100,100,100,100,0,100,100,100,,100,,,,
NA,SWISSMLTRY,N,A,BE,100,100,100,100,100,100,100,,,100,100,100,100,100,100,100,100,100,,100,,,,
NA,SWSOLAR,N,A,EQ,100,100,100,100,100,100,100,,,100,100,100,100,100,100,100,100,100,,100,,,,
NA,SYLVANPLY,Y,A,SM,100,100,100,100,100,100,100,,,100,100,100,100,100,100,100,100,100,,100,,,,
NA,SYMBIOTEC,N,A,EQ,100,100,100,100,100,100,100,,,100,100,100,100,100,100,100,100,100,,100,,,,
NA,SYMPHONY,N,A,EQ,100,100,100,100,100,100,100,,,100,100,100,100,100,100,100,100,100,,100,,,,
NA,SYNCOMF,N,A,EQ,100,100,100,100,1,100,100,,,100,100,100,100,100,100,100,100,100,,100,,,,
NA,SYNGENE,N,A,EQ,100,100,100,100,100,100,100,,,100,100,100,100,100,100,100,100,100,,100,,,,
NA,SYNOPTICS,Y,A,ST,100,100,100,100,100,100,100,,,100,100,100,100,1,100,100,100,100,,100,,,,
NA,SYRMA,N,A,EQ,100,100,100,100,100,100,100,,,100,100,100,100,100,100,100,100,100,,100,,,,
NA,SYSTANGO,Y,A,SM,100,100,100,100,100,100,100,,,100,100,100,100,100,100,100,100,100,,100,,,,
NA,SYSTMTXC,N,A,BE,100,100,100,100,100,100,100,,,100,100,100,100,2,100,100,100,100,,100,,,,
NA,TAALTECH,N,A,EQ,100,100,100,100,100,100,100,,,100,100,100,100,100,100,100,100,100,,100,,,,
NA,TAC,Y,A,ST,100,100,100,100,100,100,100,,,100,100,100,100,100,100,100,100,100,,100,,,,
NA,TAINWALCHM,N,A,EQ,100,100,100,100,100,100,100,,,100,100,100,100,100,100,100,100,100,,100,,,,
NA,TAJGVK,N,A,EQ,100,100,100,100,100,100,100,,,100,100,100,100,100,100,100,100,100,,100,,,,
NA,TAKE,N,A,EQ,100,1,100,100,100,100,100,,,100,100,100,100,100,100,100,100,100,,100,,,,
NA,TALBROAUTO,N,A,EQ,100,100,100,100,100,100,100,,,100,100,100,100,100,100,100,100,100,,100,,,,
NA,TAMBOLIIN,N,A,BE,100,100,100,100,100,100,100,,,100,100,100,100,1,100,100,100,100,,100,,,,
NA,TANAA,N,A,EQ,100,100,100,100,1,100,100,,,100,100,100,100,100,100,100,100,100,,100,,,,
NA,TANKUP,Y,A,ST,100,100,100,100,100,100,100,,,100,100,100,100,2,100,100,100,100,,100,,,,
NA,TANLA,N,A,EQ,100,100,100,100,100,100,100,,,100,100,100,100,100,100,100,100,100,,100,,,,
NA,TAPIFRUIT,Y,A,SM,100,100,100,100,100,100,100,,,100,100,100,100,100,0,100,100,100,,100,,,,
NA,TARACHAND,Y,A,EQ,100,100,100,100,100,100,100,,,100,100,100,100,100,100,100,100,100,,100,,,,
NA,TARAPUR,N,A,EQ,0,100,100,100,100,100,100,,,100,100,100,100,100,100,100,100,100,,100,,,,
NA,TARC,N,A,EQ,100,100,100,100,100,100,100,,,100,100,100,100,100,100,100,100,100,,100,,,,
NA,TARIL,N,A,EQ,100,100,100,100,100,100,100,,,100,100,100,100,100,100,100,100,100,,100,,,,
NA,TARMAT,N,A,EQ,100,100,100,100,100,100,100,,,100,100,100,100,100,100,100,100,100,,100,,,,
NA,TARSONS,N,A,EQ,100,100,100,100,100,100,100,,,100,100,100,100,100,100,100,100,100,,100,,,,
NA,TASTYBITE,N,A,EQ,100,100,100,100,100,100,100,,,100,100,100,100,100,100,100,100,100,,100,,,,
NA,TATACAP,N,A,EQ,100,100,100,100,100,100,100,,,100,100,100,100,100,100,100,100,100,,100,,,,
NA,TATACHEM,N,A,EQ,100,100,100,100,100,100,100,,,100,100,100,100,100,100,100,100,100,,100,,,,
NA,TATACOMM,N,A,EQ,100,100,100,100,100,100,100,,,100,100,100,100,100,100,100,100,100,,100,,,,
NA,TATACONSUM,N,A,EQ,100,100,100,100,100,100,100,,,100,100,100,100,100,100,100,100,100,,100,,,,
NA,TATAELXSI,N,A,EQ,100,100,100,100,100,100,100,,,100,100,100,100,100,100,100,100,100,,100,,,,
NA,TATAINVEST,N,A,EQ,100,100,100,100,100,100,100,,,100,100,100,100,100,100,100,100,100,,100,,,,
NA,TATAPOWER,N,A,EQ,100,100,100,100,100,100,100,,,100,100,100,100,100,100,100,100,100,,100,,,,
NA,TATASTEEL,N,A,EQ,100,100,100,100,100,100,100,,,100,100,100,100,100,100,100,100,100,,100,,,,
NA,TATATECH,N,A,EQ,100,100,100,100,100,100,100,,,100,100,100,100,100,100,100,100,100,,100,,,,
NA,TATVA,N,A,EQ,100,1,100,100,100,100,100,,,100,100,100,100,100,100,100,100,100,,100,,,,
NA,TAURIAN,Y,A,ST,100,100,100,100,100,100,100,,,100,100,100,100,1,100,100,100,100,,100,,,,
NA,TBI,Y,A,SM,100,100,100,100,1,100,100,,,100,100,100,100,100,100,100,100,100,,100,,,,
NA,TBOTEK,N,A,EQ,100,100,100,100,100,100,100,,,100,100,100,100,100,100,100,100,100,,100,,,,
NA,TBZ,N,A,BE,100,4,100,100,100,100,100,,,100,100,100,100,100,100,100,100,100,,100,,,,
NA,TCC,N,A,EQ,100,100,100,100,100,100,100,,,100,100,100,100,100,100,100,100,100,,100,,,,
NA,TCI,N,A,EQ,100,100,100,100,100,100,100,,,100,100,100,100,100,100,100,100,100,,100,,,,
NA,TCIEXP,N,A,EQ,100,100,100,100,100,100,100,,,100,100,100,100,100,100,100,100,100,,100,,,,
NA,TCIFINANCE,N,A,EQ,0,100,100,100,100,100,100,,,100,100,100,100,100,100,100,100,100,,100,,,,
NA,TCL,Y,A,SM,100,100,100,100,100,100,100,,,100,100,100,100,100,100,100,100,100,,100,,,,
NA,TCPLPACK,N,A,EQ,100,100,100,100,100,100,100,,,100,100,100,100,100,100,100,100,100,,100,,,,
NA,TCS,N,A,EQ,100,100,100,100,100,100,100,,,100,100,100,100,100,100,100,100,100,,100,,,,
NA,TDPOWERSYS,N,A,EQ,100,100,100,100,100,100,100,,,100,100,100,100,100,100,100,100,100,,100,,,,
NA,TEAMGTY,N,A,EQ,100,100,100,100,100,100,100,,,100,100,100,100,100,100,100,100,100,,100,,,,
NA,TEAMLEASE,N,A,EQ,100,100,100,100,100,100,100,,,100,100,100,100,100,100,100,100,100,,100,,,,
NA,TEAMTECH,Y,A,ST,100,100,100,100,100,100,100,,,100,100,100,100,1,100,100,100,100,,100,,,,
NA,TECHD,Y,A,SM,100,100,100,100,100,100,100,,,100,100,100,100,100,100,100,100,100,,100,,,,
NA,TECHERA,Y,A,SM,100,100,100,100,100,100,100,,,100,100,100,100,100,100,100,100,100,,100,,,,
NA,TECHLABS,Y,A,SM,100,100,100,100,100,100,100,,,100,100,100,100,100,100,100,100,100,,100,,,,
NA,TECHM,N,A,EQ,100,100,100,100,100,100,100,,,100,100,100,100,100,100,100,100,100,,100,,,,
NA,TECHNOCRAF,N,A,EQ,100,100,100,100,100,100,100,,,100,100,100,100,100,100,100,100,100,,100,,,,
NA,TECHNOE,N,A,EQ,100,100,100,100,100,100,100,,,100,100,100,100,100,100,100,100,100,,100,,,,
NA,TECHNVISN,N,A,EQ,100,100,100,100,100,100,100,,,100,100,100,100,100,100,100,100,100,,100,,,,
NA,TECILCHEM,N,A,EQ,0,100,100,100,100,100,100,,,100,100,100,100,100,0,100,100,100,,100,,,,
NA,TEGA,N,A,EQ,100,100,100,100,100,100,100,,,100,100,100,100,100,100,100,100,100,,100,,,,
NA,TEJA,Y,A,SM,100,1,100,100,100,100,100,,,100,100,100,100,100,100,100,100,100,,100,,,,
NA,TEJASCARGO,Y,A,SM,100,100,100,100,100,100,100,,,100,100,100,100,100,100,100,100,100,,100,,,,
NA,TEJASNET,N,A,EQ,100,100,100,100,100,100,100,,,100,100,100,100,100,100,100,100,100,,100,,,,
NA,TEMBO,Y,A,EQ,100,100,100,100,100,100,100,,,100,100,100,100,100,100,100,100,100,,100,,,,
NA,TEMPSENS,N,A,EQ,100,100,100,100,100,100,100,,,100,100,100,100,100,100,100,100,100,,100,,,,
NA,TENNIND,N,A,EQ,100,100,100,100,100,100,100,,,100,100,100,100,100,100,100,100,100,,100,,,,
NA,TERAI,N,A,EQ,100,100,100,100,100,100,100,,,100,100,100,100,100,100,100,100,100,,100,,,,
NA,TERASOFT,N,A,EQ,100,100,100,100,100,100,100,,,100,100,100,100,100,100,100,100,100,,100,,,,
NA,TEXINFRA,N,A,EQ,100,100,100,100,100,100,100,,,100,100,100,100,100,100,100,100,100,,100,,,,
NA,TEXMOPIPES,N,A,EQ,100,100,100,100,100,100,100,,,100,100,100,100,100,100,100,100,100,,100,,,,
NA,TEXRAIL,N,A,EQ,100,100,100,100,100,100,100,,,100,100,100,100,100,100,100,100,100,,100,,,,
NA,TFCILTD,N,A,EQ,100,100,100,100,100,100,100,,,100,100,100,100,100,100,100,100,100,,100,,,,
NA,TFL,N,A,EQ,100,100,100,100,100,100,100,,,100,100,100,100,100,100,100,100,100,,100,,,,
NA,TGBHOTELS,N,A,EQ,100,100,100,100,100,100,100,,,100,100,100,100,100,100,100,100,100,,100,,,,
NA,TGL,Y,A,ST,100,100,100,1,100,100,100,,,100,100,100,100,100,100,100,100,100,,100,,,,
NA,TGVSL,N,A,EQ,100,100,100,100,100,100,100,,,100,100,100,100,100,100,100,100,100,,100,,,,
NA,THACKER,N,A,EQ,100,100,100,100,100,100,100,,,100,100,100,100,100,100,100,100,100,,100,,,,
NA,THAKDEV,N,A,EQ,100,100,100,100,100,100,100,,,100,100,100,100,100,100,100,100,100,,100,,,,
NA,THANGAMAYL,N,A,EQ,100,100,100,100,100,100,100,,,100,100,100,100,100,100,100,100,100,,100,,,,
NA,THEINVEST,N,A,EQ,100,100,100,100,100,100,100,,,100,100,100,100,100,100,100,100,100,,100,,,,
NA,THEJO,Y,A,EQ,100,100,100,100,100,100,100,,,100,100,100,100,100,100,100,100,100,,100,,,,
NA,THELEELA,N,A,EQ,100,100,100,100,100,100,100,,,1,100,100,100,100,100,0,100,100,,100,,,,
NA,THEMISMED,N,A,EQ,100,100,100,100,100,100,100,,,100,100,100,100,100,100,100,100,100,,100,,,,
NA,THERMAX,N,A,EQ,100,100,100,100,100,100,100,,,100,100,100,100,100,100,100,100,100,,100,,,,
NA,THESL,Y,A,ST,100,100,100,100,100,100,100,,,100,100,100,100,1,100,100,100,100,,100,,,,
NA,THOMASCOOK,N,A,EQ,100,100,100,100,100,100,100,,,100,100,100,100,100,100,100,100,100,,100,,,,
NA,THOMASCOTT,N,A,EQ,100,100,100,100,100,100,100,,,100,100,100,100,100,100,100,100,100,,100,,,,
NA,THYROCARE,N,A,EQ,100,100,100,100,100,100,100,,,100,100,100,100,100,100,0,100,100,,100,,,,
NA,TI,N,A,EQ,100,100,100,100,100,100,100,,,1,100,100,100,100,100,100,100,100,,100,,,,
NA,TICL,N,A,BE,100,4,100,100,100,100,100,,,100,100,100,100,100,100,100,100,100,,100,,,,
NA,TIGERLOGS,N,A,EQ,100,100,100,100,100,100,100,,,100,100,100,100,100,100,100,100,100,,100,,,,
NA,TIIL,N,A,EQ,100,100,100,100,100,100,100,,,100,100,100,100,100,100,100,100,100,,100,,,,
NA,TIINDIA,N,A,EQ,100,100,100,100,100,100,100,,,100,100,100,100,100,100,100,100,100,,100,,,,
NA,TIJARIA,N,A,BE,0,100,100,100,100,100,100,,,100,100,100,100,1,0,100,100,100,,100,,,,
NA,TIL,N,A,BE,100,100,100,100,100,100,100,,,100,100,100,100,100,100,100,100,100,,100,,,,
NA,TIMESCAN,Y,A,SM,100,100,100,100,100,100,100,,,100,100,100,100,100,100,100,100,100,,100,,,,
NA,TIMETECHNO,N,A,EQ,100,100,100,100,100,100,100,,,100,100,100,100,100,100,100,100,100,,100,,,,
NA,TIMEX,N,A,EQ,100,100,100,100,100,100,100,,,100,100,100,100,100,100,100,100,100,,100,,,,
NA,TIMKEN,N,A,EQ,100,100,100,100,100,100,100,,,100,100,100,100,100,100,100,100,100,,100,,,,
NA,TINNARUBR,N,A,EQ,100,100,100,100,100,100,100,,,100,100,100,100,100,100,100,100,100,,100,,,,
NA,TIPSFILMS,N,A,EQ,100,100,100,100,100,100,100,,,100,100,100,100,100,100,100,100,100,,100,,,,
NA,TIPSMUSIC,N,A,EQ,100,100,100,100,100,100,100,,,100,100,100,100,100,100,100,100,100,,100,,,,
NA,TIRUMALCHM,N,A,EQ,100,100,100,100,100,100,100,,,100,100,100,100,100,100,100,100,100,,100,,,,
NA,TIRUPATI,Y,A,SM,100,1,100,100,100,100,100,,,100,100,100,100,100,100,100,100,100,,100,,,,
NA,TIRUPATIFL,Y,A,BE,100,100,100,100,100,100,100,,,100,100,100,100,2,100,100,100,100,,100,,,,
NA,TITAGARH,N,A,EQ,100,100,100,100,100,100,100,,,100,100,100,100,100,100,100,100,100,,100,,,,
NA,TITAN,N,A,EQ,100,100,100,100,100,100,100,,,100,100,100,100,100,100,100,100,100,,100,,,,
NA,TMB,N,A,EQ,100,100,100,100,100,100,100,,,100,100,100,100,100,100,100,100,100,,100,,,,
NA,TMCV,N,A,EQ,100,100,100,100,100,100,100,,,100,100,100,100,100,100,100,100,100,,100,,,,
NA,TMPV,N,A,EQ,100,100,100,100,100,100,100,,,100,100,100,100,100,100,100,100,100,,100,,,,
NA,TNPETRO,N,A,EQ,100,100,100,100,100,100,100,,,100,100,100,100,100,100,100,100,100,,100,,,,
NA,TNPL,N,A,EQ,100,100,100,100,100,100,100,,,100,100,100,100,100,100,100,100,100,,100,,,,
NA,TNTELE,N,A,EQ,0,100,100,100,100,100,100,,,100,100,100,100,1,0,100,100,100,,100,,,,
NA,TOKYOPLAST,N,A,EQ,100,100,100,100,100,100,100,,,100,100,100,100,100,100,100,100,100,,100,,,,
NA,TOLINS,N,A,EQ,100,100,100,100,100,100,100,,,100,100,100,100,100,100,100,100,100,,100,,,,
NA,TORNTPHARM,N,A,EQ,100,100,100,100,100,100,100,,,100,100,100,100,100,100,100,100,100,,100,,,,
NA,TORNTPOWER,N,A,EQ,100,100,100,100,100,100,100,,,100,100,100,100,100,100,100,100,100,,100,,,,
NA,TOTAL,Y,A,BE,100,100,100,100,100,100,100,,,100,100,100,100,1,100,100,100,100,,100,,,,
NA,TOUCHWOOD,Y,A,EQ,100,100,100,100,100,100,100,,,100,100,100,100,100,100,100,100,100,,100,,,,
NA,TOYAMSL,N,A,EQ,100,1,100,100,100,100,100,,,100,100,100,100,100,100,100,100,100,,100,,,,
NA,TPHQ,N,A,BE,100,100,100,100,100,100,100,,,100,100,100,100,1,100,100,100,100,,100,,,,
NA,TPLPLASTEH,N,A,EQ,100,100,100,100,100,100,100,,,100,100,100,100,100,100,100,100,100,,100,,,,
NA,TRACXN,N,A,EQ,100,100,100,100,100,100,100,,,100,100,100,100,100,100,100,100,100,,100,,,,
NA,TRANSCOR,N,A,EQ,100,100,100,100,100,100,100,,,100,100,100,100,100,100,100,100,100,,100,,,,
NA,TRANSPEK,N,A,BE,100,100,100,100,100,100,100,,,100,100,100,100,100,100,100,100,100,,100,,,,
NA,TRANSRAILL,N,A,EQ,100,100,100,100,100,100,100,,,100,100,100,100,100,100,100,100,100,,100,,,,
NA,TRANSTEEL,Y,A,SM,100,100,100,100,100,100,100,,,100,100,100,100,100,100,100,100,100,,100,,,,
NA,TRANSWIND,Y,A,SM,100,100,100,100,100,100,100,,,100,100,100,100,100,100,100,100,100,,100,,,,
NA,TRANSWORLD,N,A,BE,100,100,100,100,100,100,100,,,100,100,100,100,2,100,100,100,100,,100,,,,
NA,TRAVELFOOD,N,A,EQ,100,100,100,100,100,100,100,,,100,100,100,100,100,100,100,100,100,,100,,,,
NA,TREEHOUSE,N,A,EQ,100,100,100,100,100,100,100,,,100,100,100,100,100,100,100,100,100,,100,,,,
NA,TREJHARA,N,A,EQ,100,100,100,100,100,100,100,,,100,100,100,100,100,100,100,100,100,,100,,,,
NA,TREL,N,A,EQ,100,100,100,100,100,100,100,,,100,100,100,100,100,100,100,100,100,,100,,,,
NA,TRENT,N,A,EQ,100,100,100,100,100,100,100,,,100,100,100,100,100,100,100,100,100,,100,,,,
NA,TRF,N,A,EQ,100,100,100,100,100,100,100,,,100,100,100,100,100,100,100,100,100,,100,,,,
NA,TRIDENT,N,A,EQ,100,100,100,100,100,100,100,,,100,100,100,100,100,100,100,100,100,,100,,,,
NA,TRIDHYA,Y,A,SM,100,100,100,100,100,100,100,,,100,100,100,100,100,100,100,100,100,,100,,,,
NA,TRIGYN,N,A,EQ,100,100,100,100,100,100,100,,,100,100,100,100,100,100,100,100,100,,100,,,,
NA,TRITONV,N,A,EQ,100,100,100,100,100,100,100,,,100,100,100,100,100,100,100,100,100,,100,,,,
NA,TRITURBINE,N,A,EQ,100,100,100,100,100,100,100,,,100,100,100,100,100,100,100,100,100,,100,,,,
NA,TRIVENI,N,A,EQ,100,100,100,100,100,100,100,,,100,100,100,100,100,100,100,100,100,,100,,,,
NA,TROM,Y,A,SM,100,100,100,100,100,100,100,,,100,100,100,100,100,100,100,100,100,,100,,,,
NA,TRU,N,A,EQ,100,100,100,100,100,100,100,,,100,100,100,100,100,100,100,100,100,,100,,,,
NA,TRUALT,N,A,EQ,100,100,100,100,100,100,100,,,100,100,100,100,100,100,100,100,100,,100,,,,
NA,TRUST,Y,A,SM,100,100,100,100,100,100,100,,,100,100,100,100,100,100,100,100,100,,100,,,,
NA,TSC,Y,A,ST,100,100,100,100,100,100,100,,,100,100,100,100,1,100,100,100,100,,100,,,,
NA,TSFINV,Y,A,EQ,100,100,100,100,100,100,100,,,100,100,100,100,100,100,100,100,100,,100,,,,
NA,TTKHLTCARE,N,A,EQ,100,100,100,100,100,100,100,,,100,100,100,100,100,100,100,100,100,,100,,,,
NA,TTKPRESTIG,N,A,EQ,100,100,100,100,100,100,100,,,100,100,100,100,100,100,100,100,100,,100,,,,
NA,TTL,N,A,EQ,100,100,100,100,100,100,100,,,100,100,100,100,100,100,100,100,100,,100,,,,
NA,TTML,N,A,EQ,100,100,100,100,100,100,100,,,100,100,100,100,100,100,100,100,100,,100,,,,
NA,TUNWAL,Y,A,SM,100,100,100,100,100,100,100,,,100,100,100,100,100,100,100,100,100,,100,,,,
NA,TURTLEMINT,N,A,EQ,100,100,100,100,1,100,100,,,100,100,100,100,100,100,100,100,100,,100,,,,
NA,TUTIALKA,N,A,EQ,100,100,100,100,100,100,100,,,100,100,100,100,100,100,100,100,100,,100,,,,
NA,TVSELECT,N,A,EQ,100,100,100,100,100,100,100,,,100,100,100,100,100,100,100,100,100,,100,,,,
NA,TVSHLTD,N,A,EQ,100,100,100,100,100,100,100,,,100,100,100,100,100,100,100,100,100,,100,,,,
NA,TVSMOTOR,N,A,EQ,100,100,100,100,100,100,100,,,100,100,100,100,100,100,100,100,100,,100,,,,
NA,TVSSCS,N,A,EQ,100,100,100,100,100,100,100,,,100,100,100,100,100,100,100,100,100,,100,,,,
NA,TVSSRICHAK,N,A,EQ,100,100,100,100,100,100,100,,,100,100,100,100,100,100,100,100,100,,100,,,,
NA,TVTODAY,N,A,EQ,100,100,100,100,100,100,100,,,100,100,100,100,100,100,100,100,100,,100,,,,
NA,TVVISION,N,A,BE,0,100,100,0,100,100,100,,,100,100,100,100,100,0,100,100,100,,100,,,,
NA,UBL,N,A,EQ,100,100,100,100,100,100,100,,,100,100,100,100,100,100,100,100,100,,100,,,,
NA,UCAL,N,A,BE,100,100,100,100,100,100,100,,,100,100,100,100,1,100,100,100,100,,100,,,,
NA,UCL,Y,A,ST,100,100,100,100,100,100,100,,,100,100,100,100,1,0,100,100,100,,100,,,,
NA,UCOBANK,N,A,EQ,100,100,100,100,100,100,100,,,100,100,100,100,100,100,100,100,100,,100,,,,
NA,UDAYJEW,N,A,EQ,100,100,100,100,100,100,100,,,100,100,100,100,100,100,100,100,100,,100,,,,
NA,UDS,N,A,EQ,100,100,100,100,100,100,100,,,100,100,100,100,100,100,100,100,100,,100,,,,
NA,UEL,N,A,EQ,100,100,100,100,100,100,100,,,100,100,100,100,100,100,100,100,100,,100,,,,
NA,UFBL,N,A,BE,100,4,100,100,100,100,100,,,100,100,100,100,100,100,100,100,100,,100,,,,
NA,UFLEX,N,A,EQ,100,100,100,100,100,100,100,,,100,100,100,100,100,100,100,100,100,,100,,,,
NA,UFO,N,A,EQ,100,100,100,100,100,100,100,,,100,100,100,100,100,100,100,100,100,,100,,,,
NA,UGARSUGAR,N,A,BE,100,100,100,100,100,100,100,,,100,100,100,100,1,100,100,100,100,,100,,,,
NA,UGROCAP,N,A,EQ,100,100,100,100,100,100,100,,,100,100,100,100,100,100,100,100,100,,100,,,,
NA,UHTL,Y,A,ST,100,100,100,100,100,100,100,,,100,100,100,100,2,100,100,100,100,,100,,,,
NA,UJJIVANSFB,N,A,EQ,100,100,100,100,100,100,100,,,100,100,100,100,100,100,100,100,100,,100,,,,
NA,ULTRACEMCO,N,A,EQ,100,100,100,100,100,100,100,,,100,100,100,100,100,100,100,100,100,,100,,,,
NA,ULTRAMAR,N,A,EQ,100,100,100,100,100,100,100,,,100,100,100,100,100,100,100,100,100,,100,,,,
NA,UMA,Y,A,SM,100,100,100,100,100,100,100,,,100,100,100,100,100,100,100,100,100,,100,,,,
NA,UMAEXPORTS,N,A,BE,100,100,100,100,100,100,100,,,100,100,100,100,2,100,100,100,100,,100,,,,
NA,UMESLTD,N,A,EQ,100,100,100,100,100,100,100,,,100,100,100,100,100,100,100,100,100,,100,,,,
NA,UMIYA-MRO,N,A,EQ,100,100,100,100,100,100,100,,,100,100,100,100,100,100,100,100,100,,100,,,,
NA,UNICHEMLAB,N,A,EQ,100,100,100,100,100,100,100,,,100,100,100,100,100,100,100,100,100,,100,,,,
NA,UNIDT,N,A,EQ,100,100,100,100,100,100,100,,,100,100,100,100,100,100,100,100,100,,100,,,,
NA,UNIECOM,N,A,EQ,100,100,100,100,100,100,100,,,100,100,100,100,100,100,100,100,100,,100,,,,
NA,UNIENTER,N,A,EQ,100,100,100,100,100,100,100,,,100,100,100,100,100,100,100,100,100,,100,,,,
NA,UNIHEALTH,Y,A,SM,100,100,100,100,100,100,100,,,100,100,100,100,100,100,100,100,100,,100,,,,
NA,UNIINFO,Y,A,EQ,100,100,100,100,100,100,100,,,100,100,100,100,100,100,100,100,100,,100,,,,
NA,UNILEX,Y,A,SM,100,100,100,100,100,100,100,,,100,100,100,100,100,100,100,100,100,,100,,,,
NA,UNIMECH,N,A,EQ,100,100,100,100,100,100,100,,,100,100,100,100,100,100,100,100,100,,100,,,,
NA,UNIONBANK,N,A,EQ,100,100,100,100,100,100,100,,,100,100,100,100,100,100,100,100,100,,100,,,,
NA,UNIPARTS,N,A,EQ,100,100,100,100,100,100,100,,,100,100,100,100,100,100,100,100,100,,100,,,,
NA,UNITDSPR,N,A,EQ,100,100,100,100,100,100,100,,,100,100,100,100,100,100,100,100,100,,100,,,,
NA,UNITECH,N,A,EQ,100,100,100,100,100,100,100,,,100,100,100,100,100,0,100,100,100,,100,,,,
NA,UNITEDPOLY,N,A,EQ,100,100,100,100,100,100,100,,,100,100,100,100,100,100,100,100,100,,100,,,,
NA,UNITEDTEA,Y,A,EQ,100,100,100,100,100,100,100,,,100,100,100,100,100,100,100,100,100,,100,,,,
NA,UNIVAFOODS,N,S,BE,4,100,100,100,100,100,100,,,100,100,100,100,100,100,100,100,100,,100,,,,
NA,UNIVASTU,Y,A,BE,100,100,100,100,100,100,100,,,100,100,100,100,1,100,100,100,100,,100,,,,
NA,UNIVCABLES,N,A,EQ,100,100,100,100,100,100,100,,,100,100,100,100,100,100,100,100,100,,100,,,,
NA,UNIVPHOTO,N,A,BE,100,100,100,100,100,100,100,,,100,100,100,100,1,100,100,100,100,,100,,,,
NA,UNOMINDA,N,A,EQ,100,100,100,100,100,100,100,,,100,100,100,100,100,100,100,100,100,,100,,,,
NA,UPHOT,N,A,EQ,100,100,100,100,100,100,100,,,100,100,100,100,100,100,100,100,100,,100,,,,
NA,UPL,N,A,EQ,100,100,100,100,100,100,100,,,100,100,100,100,100,100,100,100,100,,100,,,,
NA,URAVIDEF,N,A,BE,100,100,100,100,100,100,100,,,100,100,100,100,2,100,100,100,100,,100,,,,
NA,URBAN,Y,A,SM,100,100,100,100,100,100,100,,,100,100,100,100,100,100,100,100,100,,100,,,,
NA,URBANCO,N,A,EQ,100,100,100,100,100,100,100,,,100,100,100,100,100,100,100,100,100,,100,,,,
NA,URJA,N,A,EQ,100,100,100,100,100,100,100,,,100,100,100,100,100,100,100,100,100,,100,,,,
NA,USASEEDS,Y,A,SM,100,100,100,100,100,100,100,,,100,100,100,100,100,100,100,100,100,,100,,,,
NA,USHAFIN,Y,A,ST,100,100,100,100,100,100,100,,,100,100,100,100,1,100,100,100,100,,100,,,,
NA,USHAMART,N,A,EQ,100,100,100,100,100,100,100,,,100,100,100,100,100,100,100,100,100,,100,,,,
NA,USK,N,A,EQ,100,100,100,100,100,100,100,,,100,100,100,100,100,100,100,100,100,,100,,,,
NA,UTIAMC,N,A,EQ,100,100,100,100,100,100,100,,,100,100,100,100,100,100,100,100,100,,100,,,,
NA,UTKAL,Y,A,ST,100,100,100,100,100,100,100,,,100,100,100,100,1,100,100,100,100,,100,,,,
NA,UTKARSHBNK,N,A,EQ,100,100,100,100,100,100,100,,,100,100,100,100,100,100,100,100,100,,100,,,,
NA,UTLSOLAR,N,A,EQ,100,100,100,100,100,100,100,,,100,100,100,100,100,100,100,100,100,,100,,,,
NA,UTSSAV,Y,A,SM,100,100,100,100,1,100,100,,,100,100,100,100,100,100,100,100,100,,100,,,,
NA,UTTAMSUGAR,N,A,EQ,100,100,100,100,100,100,100,,,100,100,100,100,100,100,100,100,100,,100,,,,
NA,UWCSL,Y,A,SM,100,100,100,100,100,100,100,,,100,100,100,100,100,100,100,100,100,,100,,,,
NA,UYFINCORP,N,A,BE,100,100,100,100,100,100,100,,,100,100,100,100,1,100,100,100,100,,100,,,,
NA,V2RETAIL,N,A,EQ,100,100,100,100,100,100,100,,,100,100,100,100,100,100,100,100,100,,100,,,,
NA,VADILALIND,N,A,EQ,100,100,100,100,100,100,100,,,100,100,100,100,100,100,100,100,100,,100,,,,
NA,VADILENT,N,A,EQ,100,100,100,100,100,100,100,,,100,100,100,100,100,100,100,100,100,,100,,,,
NA,VAIBHAVGBL,N,A,EQ,100,100,100,100,100,100,100,,,100,100,100,100,100,100,100,100,100,,100,,,,
NA,VAISHALI,Y,A,EQ,100,100,100,100,100,100,100,,,100,100,100,100,100,100,100,100,100,,100,,,,
NA,VAKRANGEE,N,A,EQ,100,100,100,100,100,100,100,,,100,100,100,100,100,100,100,100,100,,100,,,,
NA,VALIANTLAB,N,A,BE,100,100,100,100,100,100,100,,,100,100,100,100,1,100,100,100,100,,100,,,,
NA,VALIANTORG,N,A,EQ,100,100,100,100,1,100,100,,,100,100,100,100,100,100,100,100,100,,100,,,,
NA,VALUE360,Y,A,SM,100,100,100,100,100,100,100,,,100,100,100,100,100,100,100,100,100,,100,,,,
NA,VAML,N,A,EQ,100,100,100,100,100,100,100,,,100,100,100,100,100,100,0,100,100,,100,,,,
NA,VARDHACRLC,Y,A,BE,100,100,100,100,100,100,100,,,100,100,100,100,1,100,100,100,100,,100,,,,
NA,VARDMNPOLY,N,A,EQ,100,100,100,100,100,100,100,,,100,100,100,100,100,100,100,100,100,,100,,,,
NA,VARMORA,N,A,EQ,100,100,100,100,100,100,100,,,100,100,100,100,100,100,100,100,100,,100,,,,
NA,VARROC,N,A,EQ,100,100,100,100,100,100,100,,,100,100,100,100,100,100,100,100,100,,100,,,,
NA,VASA,Y,A,SM,0,100,100,100,100,100,100,,,100,100,100,100,100,0,100,100,100,,100,,,,
NA,VASCONEQ,N,A,EQ,100,100,100,100,100,100,100,,,100,100,100,100,100,100,100,100,100,,100,,,,
NA,VASUPRADA,N,A,EQ,100,100,100,100,100,100,100,,,100,100,100,100,100,100,100,100,100,,100,,,,
NA,VASWANI,N,A,EQ,100,100,100,100,100,100,100,,,100,100,100,100,100,100,100,100,100,,100,,,,
NA,VBL,N,A,EQ,100,100,100,100,100,100,100,,,100,100,100,100,100,100,100,100,100,,100,,,,
NA,VCL,Y,A,BE,100,100,100,100,100,100,100,,,100,100,100,100,1,100,100,100,100,,100,,,,
NA,VDEAL,Y,A,SM,100,100,100,100,100,100,100,,,100,100,100,100,100,100,100,100,100,,100,,,,
NA,VEDAVAAG,N,A,EQ,100,100,100,100,100,100,100,,,100,100,100,100,100,100,100,100,100,,100,,,,
NA,VEDL,N,A,EQ,100,100,100,100,100,100,100,,,1,100,100,100,100,100,0,100,100,,100,,,,
NA,VEDPOWER,N,A,EQ,100,100,100,100,100,100,100,,,100,100,100,100,100,100,100,100,100,,100,,,,
NA,VEEDOL,N,A,EQ,100,100,100,100,100,100,100,,,100,100,100,100,100,100,100,100,100,,100,,,,
NA,VEEGALAND,N,A,BE,100,100,100,100,100,100,100,,,100,100,100,100,100,100,100,100,100,,100,,,,
NA,VEEKAYEM,Y,A,SM,100,100,100,100,100,100,100,,,100,100,100,100,100,100,100,100,100,,100,,,,
NA,VELJAN,N,A,BE,100,100,100,100,100,100,100,,,100,100,100,100,1,100,100,100,100,,100,,,,
NA,VELS,Y,A,SM,100,100,100,100,100,100,100,,,100,100,100,100,100,100,100,100,100,,100,,,,
NA,VENKEYS,N,A,EQ,100,100,100,100,100,100,100,,,100,100,100,100,100,100,100,100,100,,100,,,,
NA,VENTIVE,N,A,EQ,100,100,100,100,100,100,100,,,100,100,100,100,100,100,100,100,100,,100,,,,
NA,VENUSPIPES,N,A,EQ,100,100,100,100,100,100,100,,,100,100,100,100,100,100,100,100,100,,100,,,,
NA,VENUSREM,N,A,EQ,100,4,100,100,100,100,100,,,100,100,100,100,100,100,100,100,100,,100,,,,
NA,VERA,Y,A,SM,100,100,100,100,100,100,100,,,100,100,100,100,100,100,100,100,100,,100,,,,
NA,VERANDA,N,A,EQ,100,100,100,100,100,100,100,,,100,100,100,100,100,100,100,100,100,,100,,,,
NA,VERITAAS,Y,A,SM,100,100,100,100,100,100,100,,,100,100,100,100,100,100,100,100,100,,100,,,,
NA,VERTEXPLUS,Y,A,ST,100,100,100,100,100,100,100,,,100,100,100,100,1,100,100,100,100,,100,,,,
NA,VERTOZ,Y,A,EQ,100,100,100,100,100,100,100,,,100,100,100,100,100,100,0,100,100,,100,,,,
NA,VESUVIUS,N,A,EQ,100,100,100,100,100,100,100,,,100,100,100,100,100,100,100,100,100,,100,,,,
NA,VETO,N,A,EQ,100,100,100,100,100,100,100,,,100,100,100,100,100,100,100,100,100,,100,,,,
NA,VGCL,N,A,EQ,100,100,100,100,100,100,100,,,100,100,100,100,100,100,100,100,100,,100,,,,
NA,VGINFOTECH,Y,A,SM,100,100,100,100,100,100,100,,,100,100,100,100,100,100,100,100,100,,100,,,,
NA,VGL,N,A,EQ,100,1,100,100,100,100,100,,,100,100,100,100,100,100,100,100,100,,100,,,,
NA,VGUARD,N,A,EQ,100,100,100,100,100,100,100,,,100,100,100,100,100,100,100,100,100,,100,,,,
NA,VHL,N,A,EQ,100,100,100,100,100,100,100,,,100,100,100,100,100,100,100,100,100,,100,,,,
NA,VHLTD,N,A,BE,100,100,100,0,100,100,100,,,100,100,100,100,100,100,100,100,100,,100,,,,
NA,VIAZ,Y,A,SM,100,100,100,100,100,100,100,,,100,100,100,100,100,100,100,100,100,,100,,,,
NA,VICTORYEV,Y,A,SM,100,100,100,100,100,100,100,,,100,100,100,100,100,100,100,100,100,,100,,,,
NA,VIDHIING,N,A,EQ,100,100,100,100,100,100,100,,,100,100,100,100,100,100,100,100,100,,100,,,,
NA,VIDYAWIRES,N,A,EQ,100,100,100,100,100,100,100,,,100,100,100,100,100,100,100,100,100,,100,,,,
NA,VIESL,Y,A,SM,100,100,100,100,100,100,100,,,100,100,100,100,100,100,100,100,100,,100,,,,
NA,VIGOR,Y,A,SM,100,100,100,100,100,100,100,,,100,100,100,100,100,100,100,100,100,,100,,,,
NA,VIJAYA,N,A,EQ,100,100,100,100,100,100,100,,,100,100,100,100,100,100,100,100,100,,100,,,,
NA,VIJAYPD,Y,A,SM,100,100,100,100,100,100,100,,,100,100,100,100,100,100,100,100,100,,100,,,,
NA,VIJIFIN,N,A,BE,100,100,100,100,100,100,100,,,100,100,100,100,2,100,100,100,100,,100,,,,
NA,VIJSOLX,N,A,EQ,100,100,100,100,100,100,100,,,100,100,100,100,100,100,100,100,100,,100,,,,
NA,VIKASECO,N,A,EQ,100,100,100,100,100,100,100,,,100,100,100,100,100,100,100,100,100,,100,,,,
NA,VIKASLIFE,N,A,EQ,100,100,100,100,100,100,100,,,100,100,100,100,100,100,100,100,100,,100,,,,
NA,VIKRAMSOLR,N,A,EQ,100,100,100,100,100,100,100,,,100,100,100,100,100,100,100,100,100,,100,,,,
NA,VIKRAN,N,A,EQ,100,100,100,100,100,100,100,,,100,100,100,100,100,100,100,100,100,,100,,,,
NA,VILAS,Y,A,SM,100,100,100,100,1,100,100,,,100,100,100,100,100,100,100,100,100,,100,,,,
NA,VILINBIO,Y,A,ST,100,100,100,100,100,100,100,,,100,100,100,100,100,100,100,100,100,,100,,,,
NA,VIMTALABS,N,A,EQ,100,100,100,100,100,100,100,,,100,100,100,100,100,100,100,100,100,,100,,,,
NA,VINATIORGA,N,A,EQ,100,100,100,100,100,100,100,,,100,100,100,100,100,100,100,100,100,,100,,,,
NA,VINCOFE,N,A,EQ,100,100,100,100,100,100,100,,,100,100,100,100,100,100,100,100,100,,100,,,,
NA,VINDHYATEL,N,A,EQ,100,100,100,100,100,100,100,,,100,100,100,100,100,100,100,100,100,,100,,,,
NA,VINEETLAB,N,A,EQ,100,100,100,100,100,100,100,,,100,100,100,100,100,100,100,100,100,,100,,,,
NA,VINNY,N,A,EQ,100,100,100,100,100,100,100,,,100,100,100,100,100,100,100,100,100,,100,,,,
NA,VINOD,Y,A,SM,100,100,100,100,100,100,100,,,100,100,100,100,100,100,100,100,100,,100,,,,
NA,VINSYS,Y,A,ST,100,100,100,100,100,100,100,,,100,100,100,100,1,100,100,100,100,,100,,,,
NA,VINYAS,Y,A,SM,100,100,100,100,100,100,100,,,100,100,100,100,100,100,100,100,100,,100,,,,
NA,VINYLINDIA,N,A,EQ,100,100,100,100,100,100,100,,,100,100,100,100,100,100,100,100,100,,100,,,,
NA,VIPCLOTHNG,N,A,EQ,100,100,100,100,100,100,100,,,100,100,100,100,100,100,100,100,100,,100,,,,
NA,VIPIND,N,A,EQ,100,100,100,100,100,100,100,,,100,100,100,100,100,0,100,100,100,,100,,,,
NA,VIPULLTD,N,A,BE,100,100,100,100,100,100,100,,,100,100,100,100,1,100,100,100,100,,100,,,,
NA,VIRAT,N,A,EQ,100,100,100,100,100,100,100,,,100,100,100,100,100,100,100,100,100,,100,,,,
NA,VIRINCHI,N,A,EQ,100,100,100,100,100,100,100,,,100,100,100,100,100,100,100,100,100,,100,,,,
NA,VIRTUALG,N,A,BE,100,100,100,100,100,100,100,,,100,100,100,100,100,100,100,100,100,,100,,,,
NA,VISACHROME,N,A,EQ,100,100,100,100,100,100,100,,,100,100,100,100,100,100,100,100,100,,100,,,,
NA,VISAKAIND,N,A,BE,100,100,100,100,100,100,100,,,100,100,100,100,1,100,100,100,100,,100,,,,
NA,VISAMAN,Y,A,SM,100,100,100,100,2,100,100,,,100,100,100,100,100,100,100,100,100,,100,,,,
NA,VISDEM,Y,A,SM,100,100,100,100,100,100,100,,,100,100,100,100,100,100,100,100,100,,100,,,,
NA,VISHAL,N,A,EQ,100,100,100,100,100,100,100,,,100,100,100,100,100,100,100,100,100,,100,,,,
NA,VISHNU,N,A,EQ,100,100,100,100,100,100,100,,,100,100,100,100,100,100,100,100,100,,100,,,,
NA,VISHNUINFR,Y,A,SM,100,100,100,100,100,100,100,,,100,100,100,100,100,100,100,100,100,,100,,,,
NA,VISHWARAJ,N,A,EQ,100,1,100,100,100,100,100,,,100,100,100,100,100,100,100,100,100,,100,,,,
NA,VISHWAS,Y,A,SM,100,100,100,100,100,100,100,,,100,100,100,100,100,100,100,100,100,,100,,,,
NA,VISL,N,A,EQ,100,1,100,100,100,100,100,,,100,100,100,100,100,100,100,100,100,,100,,,,
NA,VITAL,Y,A,EQ,100,100,100,100,100,100,100,,,100,100,100,100,100,100,100,100,100,,100,,,,
NA,VIVIANA,Y,A,EQ,100,100,100,100,100,100,100,,,100,100,100,100,100,100,100,100,100,,100,,,,
NA,VIVIDEL,Y,A,SM,100,1,100,100,100,100,100,,,100,100,100,100,100,100,100,100,100,,100,,,,
NA,VIVIDHA,N,A,EQ,0,100,100,100,100,100,100,,,100,100,100,100,100,0,100,100,100,,100,,,,
NA,VIVIMEDLAB,N,A,BE,100,100,100,0,100,100,100,,,100,100,100,100,100,100,100,100,100,,100,,,,
NA,VIVO,Y,A,ST,100,100,100,100,100,100,100,,,100,100,100,100,1,100,100,100,100,,100,,,,
NA,VIVOBIOT,N,A,EQ,100,100,100,100,100,100,100,,,100,100,100,100,100,100,100,100,100,,100,,,,
NA,VIYASH,N,A,EQ,100,100,100,100,100,100,100,,,100,100,100,100,100,100,100,100,100,,100,,,,
NA,VLEGOV,N,A,EQ,100,100,100,100,100,100,100,,,100,100,100,100,100,100,100,100,100,,100,,,,
NA,VLINFRA,Y,A,SM,100,100,100,100,100,100,100,,,100,100,100,100,100,100,100,100,100,,100,,,,
NA,VLSFINANCE,N,A,EQ,100,100,100,100,100,100,100,,,100,100,100,100,100,100,100,100,100,,100,,,,
NA,VMARCIND,Y,A,SM,100,1,100,100,100,100,100,,,100,100,100,100,100,100,100,100,100,,100,,,,
NA,VMART,N,A,EQ,100,100,100,100,100,100,100,,,100,100,100,100,100,100,100,100,100,,100,,,,
NA,VMM,N,A,EQ,100,100,100,100,100,100,100,,,100,100,100,100,100,100,100,100,100,,100,,,,
NA,VMOBILE,Y,A,SM,100,100,100,100,100,100,100,,,100,100,100,100,100,100,100,100,100,,100,,,,
NA,VMSTMT,N,A,EQ,100,100,100,100,100,100,100,,,100,100,100,100,100,100,100,100,100,,100,,,,
NA,VOEPL,N,A,EQ,100,100,100,100,100,100,100,,,100,100,100,100,100,100,100,100,100,,100,,,,
NA,VOGL,N,A,EQ,100,100,100,100,100,100,100,,,100,100,100,100,100,100,100,100,100,,100,,,,
NA,VOITHPAPR,N,A,EQ,100,100,100,100,100,100,100,,,100,100,100,100,100,100,100,100,100,,100,,,,
NA,VOLERCAR,Y,A,SM,100,100,100,100,100,100,100,,,100,100,100,100,100,100,100,100,100,,100,,,,
NA,VOLTAMP,N,A,EQ,100,100,100,100,100,100,100,,,100,100,100,100,100,100,100,100,100,,100,,,,
NA,VOLTAS,N,A,EQ,100,100,100,100,100,100,100,,,100,100,100,100,100,100,100,100,100,,100,,,,
NA,VPRPL,N,A,EQ,100,1,100,100,100,100,100,,,100,100,100,100,100,100,100,100,100,,100,,,,
NA,VR,Y,A,SM,100,100,100,100,100,100,100,,,100,100,100,100,100,100,100,100,100,,100,,,,
NA,VRAJ,N,A,EQ,100,100,100,100,100,100,100,,,100,100,100,100,100,100,100,100,100,,100,,,,
NA,VRLLOG,N,A,EQ,100,100,100,100,100,100,100,,,100,100,100,100,100,100,100,100,100,,100,,,,
NA,VSCL,Y,A,SM,100,1,100,100,100,100,100,,,100,100,100,100,100,100,100,100,100,,100,,,,
NA,VSSL,N,A,EQ,100,100,100,100,100,100,100,,,100,100,100,100,100,100,100,100,100,,100,,,,
NA,VSTIND,N,A,EQ,100,100,100,100,100,100,100,,,100,100,100,100,100,100,100,100,100,,100,,,,
NA,VSTL,N,A,EQ,100,100,100,100,100,100,100,,,100,100,100,100,100,100,100,100,100,,100,,,,
NA,VSTTILLERS,N,A,EQ,100,100,100,100,100,100,100,,,100,100,100,100,100,100,100,100,100,,100,,,,
NA,VTL,N,A,EQ,100,100,100,100,100,100,100,,,100,100,100,100,100,100,100,100,100,,100,,,,
NA,VTMLTD,N,A,EQ,100,100,100,100,100,100,100,,,100,100,100,100,100,100,100,100,100,,100,,,,
NA,WAAREEENER,N,A,EQ,100,100,100,100,100,100,100,,,100,100,100,100,100,100,100,100,100,,100,,,,
NA,WAAREEINDO,N,A,EQ,100,100,100,100,100,100,100,,,100,100,100,100,100,100,100,100,100,,100,,,,
NA,WAAREERTL,N,A,EQ,100,100,100,100,100,100,100,,,100,100,100,100,100,100,100,100,100,,100,,,,
NA,WABAG,N,A,EQ,100,100,100,100,100,100,100,,,100,100,100,100,100,100,100,100,100,,100,,,,
NA,WAKEFIT,N,A,EQ,100,100,100,100,100,100,100,,,100,100,100,100,100,100,100,100,100,,100,,,,
NA,WALCHANNAG,N,A,EQ,100,100,100,100,100,100,100,,,100,100,100,100,100,100,100,100,100,,100,,,,
NA,WALPAR,Y,A,SM,100,100,100,100,100,100,100,,,100,100,100,100,100,100,100,100,100,,100,,,,
NA,WANBURY,N,A,EQ,100,100,100,100,100,100,100,,,100,100,100,100,100,100,100,100,100,,100,,,,
NA,WARDINMOBI,N,A,EQ,100,100,100,100,100,100,100,,,100,100,100,100,100,100,100,100,100,,100,,,,
NA,WATERBASE,N,A,EQ,100,100,100,100,100,100,100,,,100,100,100,100,100,100,100,100,100,,100,,,,
NA,WCIL,N,A,EQ,100,100,100,100,100,100,100,,,100,100,100,100,100,100,100,100,100,,100,,,,
NA,WEALTH,N,A,EQ,100,100,100,100,100,100,100,,,100,100,100,100,100,100,100,100,100,,100,,,,
NA,WEBELSOLAR,N,A,EQ,100,100,100,100,100,100,100,,,100,100,100,100,100,100,100,100,100,,100,,,,
NA,WEIZMANIND,N,A,EQ,100,100,100,100,100,100,100,,,100,100,100,100,100,100,100,100,100,,100,,,,
NA,WEL,N,A,EQ,100,1,100,100,100,100,100,,,100,100,100,100,100,100,100,100,100,,100,,,,
NA,WELCORP,N,A,EQ,100,1,100,100,100,100,100,,,100,100,100,100,100,100,100,100,100,,100,,,,
NA,WELENT,N,A,EQ,100,100,100,100,100,100,100,,,100,100,100,100,100,100,100,100,100,,100,,,,
NA,WELINV,N,A,BE,100,100,100,100,100,100,100,,,100,100,100,100,2,100,100,100,100,,100,,,,
NA,WELSPLSOL,N,A,EQ,100,100,100,100,100,100,100,,,100,100,100,100,100,100,100,100,100,,100,,,,
NA,WELSPUNLIV,N,A,EQ,100,100,100,100,100,100,100,,,100,100,100,100,100,100,100,100,100,,100,,,,
NA,WENDT,N,A,EQ,100,100,100,100,100,100,100,,,100,100,100,100,100,100,100,100,100,,100,,,,
NA,WESTLIFE,N,A,EQ,100,100,100,100,100,100,100,,,100,100,100,100,100,100,100,100,100,,100,,,,
NA,WEWIN,N,A,EQ,100,100,100,100,100,100,100,,,100,100,100,100,100,100,100,100,100,,100,,,,
NA,WEWORK,N,A,EQ,100,100,100,100,100,100,100,,,100,100,100,100,100,100,100,100,100,,100,,,,
NA,WHBRADY,N,A,EQ,100,100,100,100,100,100,100,,,100,100,100,100,100,100,100,100,100,,100,,,,
NA,WHEELS,N,A,EQ,100,1,100,100,100,100,100,,,100,100,100,100,100,100,100,100,100,,100,,,,
NA,WHIRLPOOL,N,A,EQ,100,100,100,100,1,100,100,,,100,100,100,100,100,100,100,100,100,,100,,,,
NA,WHITEFORCE,Y,A,SM,100,100,100,100,100,100,100,,,100,100,100,100,100,100,100,100,100,,100,,,,
NA,WILLAMAGOR,N,A,EQ,0,100,100,100,100,100,100,,,100,100,100,100,100,100,100,100,100,,100,,,,
NA,WINDLAS,N,A,EQ,100,100,100,100,100,100,100,,,100,100,100,100,100,100,100,100,100,,100,,,,
NA,WINDMACHIN,N,A,EQ,100,100,100,100,100,100,100,,,100,100,100,100,100,100,100,100,100,,100,,,,
NA,WINNY,Y,A,SM,0,100,100,100,100,100,100,,,100,100,100,100,100,0,100,100,100,,100,,,,
NA,WINSOL,Y,A,SM,100,100,100,100,100,100,100,,,100,100,100,100,100,100,100,100,100,,100,,,,
NA,WIPL,Y,A,EQ,100,100,100,100,100,100,100,,,100,100,100,100,100,100,100,100,100,,100,,,,
NA,WIPRO,N,A,EQ,100,100,100,100,100,100,100,,,100,100,100,100,100,100,100,100,100,,100,,,,
NA,WOCKPHARMA,N,A,EQ,100,100,100,100,100,100,100,,,100,100,100,100,100,100,100,100,100,,100,,,,
NA,WOL3D,Y,A,SM,100,100,100,100,100,100,100,,,100,100,100,100,100,100,100,100,100,,100,,,,
NA,WOMANCART,Y,A,ST,100,100,100,100,100,100,100,,,100,100,100,100,1,100,100,100,100,,100,,,,
NA,WONDERLA,N,A,EQ,100,100,100,100,100,100,100,,,100,100,100,100,100,100,100,100,100,,100,,,,
NA,WORTHPERI,N,A,EQ,100,100,100,100,100,100,100,,,100,100,100,100,100,100,100,100,100,,100,,,,
NA,WPIL,N,A,EQ,100,100,100,100,100,100,100,,,100,100,100,100,100,100,100,100,100,,100,,,,
NA,WSI,N,A,EQ,100,100,100,100,100,100,100,,,100,100,100,100,100,100,100,100,100,,100,,,,
NA,WSTCSTPAPR,N,A,EQ,100,100,100,100,100,100,100,,,100,100,100,100,100,100,100,100,100,,100,,,,
NA,WTICAB,Y,A,SM,100,100,100,100,100,100,100,,,100,100,100,100,100,100,100,100,100,,100,,,,
NA,XCHANGING,N,A,EQ,100,100,100,100,100,100,100,,,100,100,100,100,100,100,100,100,100,,100,,,,
NA,XELPMOC,N,A,EQ,100,100,100,100,100,100,100,,,100,100,100,100,100,0,100,100,100,,100,,,,
NA,XPROINDIA,N,A,EQ,100,100,100,100,100,100,100,,,100,100,100,100,100,100,100,100,100,,100,,,,
NA,XTGLOBAL,N,A,EQ,100,100,100,100,100,100,100,,,100,100,100,100,100,100,100,100,100,,100,,,,
NA,XTRANET,N,A,EQ,100,2,100,100,100,100,100,,,100,100,100,100,100,100,100,100,100,,100,,,,
NA,YAAP,Y,A,SM,100,100,100,100,100,100,100,,,100,100,100,100,100,100,100,100,100,,100,,,,
NA,YASHO,N,A,EQ,100,1,100,100,100,100,100,,,100,100,100,100,100,100,100,100,100,,100,,,,
NA,YASHOPTICS,Y,A,SM,100,100,100,100,100,100,100,,,100,100,100,100,100,100,100,100,100,,100,,,,
NA,YATHARTH,N,A,EQ,100,100,100,100,100,100,100,,,100,100,100,100,100,100,100,100,100,,100,,,,
NA,YATRA,N,A,EQ,100,100,100,100,100,100,100,,,100,100,100,100,100,100,100,100,100,,100,,,,
NA,YCCL,Y,A,SM,100,100,100,100,100,100,100,,,100,100,100,100,100,100,100,100,100,,100,,,,
NA,YESBANK,N,A,EQ,100,100,100,100,100,100,100,,,100,100,100,100,100,100,100,100,100,,100,,,,
NA,YOGI,N,A,EQ,100,100,100,100,100,100,100,,,100,100,100,100,100,100,100,100,100,,100,,,,
NA,YUDIZ,Y,A,SM,100,100,100,100,100,100,100,,,100,100,100,100,100,100,100,100,100,,100,,,,
NA,YUKEN,N,A,EQ,100,100,100,100,100,100,100,,,100,100,100,100,100,100,100,100,100,,100,,,,
NA,ZAGGLE,N,A,EQ,100,100,100,100,100,100,100,,,100,100,100,100,100,100,100,100,100,,100,,,,
NA,ZEAL,Y,A,SM,100,100,100,100,100,100,100,,,100,100,100,100,100,100,100,100,100,,100,,,,
NA,ZEEL,N,A,EQ,100,100,100,100,100,100,100,,,100,100,100,100,100,100,100,100,100,,100,,,,
NA,ZEELEARN,N,A,EQ,100,100,100,100,100,100,100,,,100,100,100,100,100,100,100,100,100,,100,,,,
NA,ZEEMEDIA,N,A,EQ,100,100,100,100,100,100,100,,,100,100,100,100,100,100,100,100,100,,100,,,,
NA,ZENITHDRUG,Y,A,SM,100,100,100,100,100,100,100,,,100,100,100,100,100,100,100,100,100,,100,,,,
NA,ZENITHEXPO,N,A,EQ,100,1,100,100,100,100,100,,,100,100,100,100,100,100,100,100,100,,100,,,,
NA,ZENITHSTL,N,A,EQ,100,100,100,100,100,100,100,,,100,100,100,100,100,100,100,100,100,,100,,,,
NA,ZENSARTECH,N,A,EQ,100,100,100,100,100,100,100,,,100,100,100,100,100,100,100,100,100,,100,,,,
NA,ZENTEC,N,A,EQ,100,100,100,100,100,100,100,,,100,100,100,100,100,100,100,100,100,,100,,,,
NA,ZFCVINDIA,N,A,EQ,100,100,100,100,100,100,100,,,100,100,100,100,100,100,100,100,100,,100,,,,
NA,ZFSTEERING,N,A,EQ,100,100,100,100,100,100,100,,,100,100,100,100,100,100,100,100,100,,100,,,,
NA,ZIMLAB,N,A,EQ,100,100,100,100,100,100,100,,,100,100,100,100,100,100,100,100,100,,100,,,,
NA,ZODIAC,N,A,EQ,100,100,100,100,100,100,100,,,100,100,100,100,100,100,100,100,100,,100,,,,
NA,ZODIACLOTH,N,A,EQ,100,100,100,100,100,100,100,,,100,100,100,100,100,0,100,100,100,,100,,,,
NA,ZOTA,Y,A,EQ,100,100,100,100,100,100,100,,,100,100,100,100,100,0,100,100,100,,100,,,,
NA,ZSARACOM,N,A,EQ,100,100,100,100,100,100,100,,,100,100,100,100,100,100,100,100,100,,100,,,,
NA,ZTECH,Y,A,SM,100,100,100,100,100,100,100,,,100,100,100,100,100,100,100,100,100,,100,,,,
NA,ZUARI,N,A,EQ,100,100,100,100,100,100,100,,,100,100,100,100,100,100,100,100,100,,100,,,,
NA,ZUARIIND,N,A,EQ,100,100,100,100,100,100,100,,,100,100,100,100,100,0,100,100,100,,100,,,,
NA,ZYDUSLIFE,N,A,EQ,100,100,100,100,100,100,100,,,100,100,100,100,100,100,100,100,100,,100,,,,
NA,ZYDUSWELL,N,A,EQ,100,100,100,100,100,100,100,,,100,100,100,100,100,100,100,100,100,,100,,,,